[debug] [2026-06-05T04:10:12.952Z] [Firebase Plugin] Activating Firebase extension.
[debug] [2026-06-05T04:10:15.081Z] [Firebase Plugin] requireAuthWrapper
[debug] [2026-06-05T04:10:15.082Z] > command requires scopes: ["email","openid","https://www.googleapis.com/auth/cloudplatformprojects.readonly","https://www.googleapis.com/auth/firebase","https://www.googleapis.com/auth/cloud-platform"]
[debug] [2026-06-05T04:10:15.113Z] [Firebase Plugin] VSCode notification server listening on port 40001
[info] [Firebase Plugin] Starting SQL Connect toolkit (version 3.4.10) on port 50001
[info] i  dataconnect: downloading dataconnect-emulator-3.4.10.exe... {"metadata":{"emulator":{"name":"dataconnect"},"message":"downloading dataconnect-emulator-3.4.10.exe..."}}
[debug] [2026-06-05T04:10:15.384Z] >>> [apiv2][query] GET https://storage.googleapis.com/firemat-preview-drop/emulator/dataconnect-emulator-windows-amd64-v3.4.10 
[error] [Firebase Plugin] requireAuth error: Could not load the default credentials. Browse to https://cloud.google.com/docs/authentication/getting-started for more information.
[debug] [2026-06-05T04:10:16.090Z] <<< [apiv2][status] GET https://storage.googleapis.com/firemat-preview-drop/emulator/dataconnect-emulator-windows-amd64-v3.4.10 200
[debug] [2026-06-05T04:10:16.091Z] <<< [apiv2][body] GET https://storage.googleapis.com/firemat-preview-drop/emulator/dataconnect-emulator-windows-amd64-v3.4.10 [stream]
[debug] [2026-06-05T04:12:16.726Z] 'fdc build' failed with error: Unable to build your SQL Connect schema and connectors (exit code 1): E0605 05:12:16.529423   22548 cmd.go:43] Error loading data connect config: could not find dataconnect.yaml in `c:\Users\pacco\Quizz\dataconnect`
 {"metadata":{"emulator":{"name":"dataconnect"},"message":"'fdc build' failed with error: Unable to build your SQL Connect schema and connectors (exit code 1): E0605 05:12:16.529423   22548 cmd.go:43] Error loading data connect config: could not find dataconnect.yaml in `c:\\Users\\pacco\\Quizz\\dataconnect`\n"}}
[debug] [2026-06-05T04:12:16.727Z] Ignoring unsupported arg: auto_download {"metadata":{"emulator":{"name":"dataconnect"},"message":"Ignoring unsupported arg: auto_download"}}
[debug] [2026-06-05T04:12:16.728Z] Ignoring unsupported arg: port {"metadata":{"emulator":{"name":"dataconnect"},"message":"Ignoring unsupported arg: port"}}
[debug] [2026-06-05T04:12:16.728Z] Starting SQL Connect Emulator with command {"binary":"C:\\Users\\pacco\\.cache\\firebase\\emulators\\dataconnect-emulator-3.4.10.exe","args":["--logtostderr","-v=2","dev","--listen=localhost:50001","--config_dir=c:\\Users\\pacco\\Quizz\\dataconnect","--enable_output_schema_extensions=true","--enable_output_generated_sdk=true"],"optionalArgs":["listen","config_dir","enable_output_schema_extensions","enable_output_generated_sdk"],"joinArgs":true,"shell":false,"port":9399} {"metadata":{"emulator":{"name":"dataconnect"},"message":"Starting SQL Connect Emulator with command {\"binary\":\"C:\\\\Users\\\\pacco\\\\.cache\\\\firebase\\\\emulators\\\\dataconnect-emulator-3.4.10.exe\",\"args\":[\"--logtostderr\",\"-v=2\",\"dev\",\"--listen=localhost:50001\",\"--config_dir=c:\\\\Users\\\\pacco\\\\Quizz\\\\dataconnect\",\"--enable_output_schema_extensions=true\",\"--enable_output_generated_sdk=true\"],\"optionalArgs\":[\"listen\",\"config_dir\",\"enable_output_schema_extensions\",\"enable_output_generated_sdk\"],\"joinArgs\":true,\"shell\":false,\"port\":9399}"}}
[info] i  dataconnect: SQL Connect Emulator logging to dataconnect-debug.log {"metadata":{"emulator":{"name":"dataconnect"},"message":"SQL Connect Emulator logging to \u001b[1mdataconnect-debug.log\u001b[22m"}}
[debug] [2026-06-05T04:12:16.801Z] E0605 05:12:16.770773   25116 dev.go:83] Failed to load initial config from "c:\\Users\\pacco\\Quizz\\dataconnect": could not find dataconnect.yaml in `c:\Users\pacco\Quizz\dataconnect`
 {"metadata":{"emulator":{"name":"dataconnect"},"message":"E0605 05:12:16.770773   25116 dev.go:83] Failed to load initial config from \"c:\\\\Users\\\\pacco\\\\Quizz\\\\dataconnect\": could not find dataconnect.yaml in `c:\\Users\\pacco\\Quizz\\dataconnect`\n"}}
[debug] [2026-06-05T04:12:16.805Z] E0605 05:12:16.800974   25116 watch.go:116] watchAllDir unable to walk dir `c:\Users\pacco\Quizz\dataconnect`: GetFileAttributesEx c:\Users\pacco\Quizz\dataconnect: The system cannot find the file specified.
 {"metadata":{"emulator":{"name":"dataconnect"},"message":"E0605 05:12:16.800974   25116 watch.go:116] watchAllDir unable to walk dir `c:\\Users\\pacco\\Quizz\\dataconnect`: GetFileAttributesEx c:\\Users\\pacco\\Quizz\\dataconnect: The system cannot find the file specified.\n"}}
[debug] [2026-06-05T04:12:16.811Z] I0605 05:12:16.810522   25116 dev.go:104] Listening on address (HTTP + gRPC): 127.0.0.1:50001
 {"metadata":{"emulator":{"name":"dataconnect"},"message":"I0605 05:12:16.810522   25116 dev.go:104] Listening on address (HTTP + gRPC): 127.0.0.1:50001\n"}}
[error] [Firebase Plugin] error:  {}
[debug] [2026-06-05T04:12:26.805Z] E0605 05:12:26.805271   25116 watch.go:40] Failed to load config from "c:\\Users\\pacco\\Quizz\\dataconnect": could not find dataconnect.yaml in `c:\Users\pacco\Quizz\dataconnect`
 {"metadata":{"emulator":{"name":"dataconnect"},"message":"E0605 05:12:26.805271   25116 watch.go:40] Failed to load config from \"c:\\\\Users\\\\pacco\\\\Quizz\\\\dataconnect\": could not find dataconnect.yaml in `c:\\Users\\pacco\\Quizz\\dataconnect`\n"}}
[debug] [2026-06-05T04:12:36.806Z] E0605 05:12:36.805758   25116 watch.go:40] Failed to load config from "c:\\Users\\pacco\\Quizz\\dataconnect": could not find dataconnect.yaml in `c:\Users\pacco\Quizz\dataconnect`
 {"metadata":{"emulator":{"name":"dataconnect"},"message":"E0605 05:12:36.805758   25116 watch.go:40] Failed to load config from \"c:\\\\Users\\\\pacco\\\\Quizz\\\\dataconnect\": could not find dataconnect.yaml in `c:\\Users\\pacco\\Quizz\\dataconnect`\n"}}
[debug] [2026-06-05T04:12:46.805Z] E0605 05:12:46.805042   25116 watch.go:40] Failed to load config from "c:\\Users\\pacco\\Quizz\\dataconnect": could not find dataconnect.yaml in `c:\Users\pacco\Quizz\dataconnect`
 {"metadata":{"emulator":{"name":"dataconnect"},"message":"E0605 05:12:46.805042   25116 watch.go:40] Failed to load config from \"c:\\\\Users\\\\pacco\\\\Quizz\\\\dataconnect\": could not find dataconnect.yaml in `c:\\Users\\pacco\\Quizz\\dataconnect`\n"}}
[debug] [2026-06-05T04:12:56.805Z] E0605 05:12:56.805347   25116 watch.go:40] Failed to load config from "c:\\Users\\pacco\\Quizz\\dataconnect": could not find dataconnect.yaml in `c:\Users\pacco\Quizz\dataconnect`
 {"metadata":{"emulator":{"name":"dataconnect"},"message":"E0605 05:12:56.805347   25116 watch.go:40] Failed to load config from \"c:\\\\Users\\\\pacco\\\\Quizz\\\\dataconnect\": could not find dataconnect.yaml in `c:\\Users\\pacco\\Quizz\\dataconnect`\n"}}
[debug] [2026-06-05T04:13:06.805Z] E0605 05:13:06.805016   25116 watch.go:40] Failed to load config from "c:\\Users\\pacco\\Quizz\\dataconnect": could not find dataconnect.yaml in `c:\Users\pacco\Quizz\dataconnect`
 {"metadata":{"emulator":{"name":"dataconnect"},"message":"E0605 05:13:06.805016   25116 watch.go:40] Failed to load config from \"c:\\\\Users\\\\pacco\\\\Quizz\\\\dataconnect\": could not find dataconnect.yaml in `c:\\Users\\pacco\\Quizz\\dataconnect`\n"}}
[debug] [2026-06-05T04:13:16.805Z] E0605 05:13:16.805763   25116 watch.go:40] Failed to load config from "c:\\Users\\pacco\\Quizz\\dataconnect": could not find dataconnect.yaml in `c:\Users\pacco\Quizz\dataconnect`
E0605 05:13:16.805888   25116 watch.go:116] watchAllDir unable to walk dir `c:\Users\pacco\Quizz\dataconnect`: GetFileAttributesEx c:\Users\pacco\Quizz\dataconnect: The system cannot find the file specified.
 {"metadata":{"emulator":{"name":"dataconnect"},"message":"E0605 05:13:16.805763   25116 watch.go:40] Failed to load config from \"c:\\\\Users\\\\pacco\\\\Quizz\\\\dataconnect\": could not find dataconnect.yaml in `c:\\Users\\pacco\\Quizz\\dataconnect`\nE0605 05:13:16.805888   25116 watch.go:116] watchAllDir unable to walk dir `c:\\Users\\pacco\\Quizz\\dataconnect`: GetFileAttributesEx c:\\Users\\pacco\\Quizz\\dataconnect: The system cannot find the file specified.\n"}}
[debug] [2026-06-05T04:13:26.805Z] E0605 05:13:26.805190   25116 watch.go:40] Failed to load config from "c:\\Users\\pacco\\Quizz\\dataconnect": could not find dataconnect.yaml in `c:\Users\pacco\Quizz\dataconnect`
 {"metadata":{"emulator":{"name":"dataconnect"},"message":"E0605 05:13:26.805190   25116 watch.go:40] Failed to load config from \"c:\\\\Users\\\\pacco\\\\Quizz\\\\dataconnect\": could not find dataconnect.yaml in `c:\\Users\\pacco\\Quizz\\dataconnect`\n"}}
[debug] [2026-06-05T04:13:36.805Z] E0605 05:13:36.805346   25116 watch.go:40] Failed to load config from "c:\\Users\\pacco\\Quizz\\dataconnect": could not find dataconnect.yaml in `c:\Users\pacco\Quizz\dataconnect`
 {"metadata":{"emulator":{"name":"dataconnect"},"message":"E0605 05:13:36.805346   25116 watch.go:40] Failed to load config from \"c:\\\\Users\\\\pacco\\\\Quizz\\\\dataconnect\": could not find dataconnect.yaml in `c:\\Users\\pacco\\Quizz\\dataconnect`\n"}}
[debug] [2026-06-05T04:13:46.806Z] E0605 05:13:46.805930   25116 watch.go:40] Failed to load config from "c:\\Users\\pacco\\Quizz\\dataconnect": could not find dataconnect.yaml in `c:\Users\pacco\Quizz\dataconnect`
 {"metadata":{"emulator":{"name":"dataconnect"},"message":"E0605 05:13:46.805930   25116 watch.go:40] Failed to load config from \"c:\\\\Users\\\\pacco\\\\Quizz\\\\dataconnect\": could not find dataconnect.yaml in `c:\\Users\\pacco\\Quizz\\dataconnect`\n"}}
[debug] [2026-06-05T04:13:56.806Z] E0605 05:13:56.805961   25116 watch.go:40] Failed to load config from "c:\\Users\\pacco\\Quizz\\dataconnect": could not find dataconnect.yaml in `c:\Users\pacco\Quizz\dataconnect`
 {"metadata":{"emulator":{"name":"dataconnect"},"message":"E0605 05:13:56.805961   25116 watch.go:40] Failed to load config from \"c:\\\\Users\\\\pacco\\\\Quizz\\\\dataconnect\": could not find dataconnect.yaml in `c:\\Users\\pacco\\Quizz\\dataconnect`\n"}}
[debug] [2026-06-05T04:14:06.806Z] E0605 05:14:06.805540   25116 watch.go:40] Failed to load config from "c:\\Users\\pacco\\Quizz\\dataconnect": could not find dataconnect.yaml in `c:\Users\pacco\Quizz\dataconnect`
 {"metadata":{"emulator":{"name":"dataconnect"},"message":"E0605 05:14:06.805540   25116 watch.go:40] Failed to load config from \"c:\\\\Users\\\\pacco\\\\Quizz\\\\dataconnect\": could not find dataconnect.yaml in `c:\\Users\\pacco\\Quizz\\dataconnect`\n"}}
[debug] [2026-06-05T04:14:16.805Z] E0605 05:14:16.805687   25116 watch.go:116] watchAllDir unable to walk dir `c:\Users\pacco\Quizz\dataconnect`: GetFileAttributesEx c:\Users\pacco\Quizz\dataconnect: The system cannot find the file specified.
E0605 05:14:16.805687   25116 watch.go:40] Failed to load config from "c:\\Users\\pacco\\Quizz\\dataconnect": could not find dataconnect.yaml in `c:\Users\pacco\Quizz\dataconnect`
 {"metadata":{"emulator":{"name":"dataconnect"},"message":"E0605 05:14:16.805687   25116 watch.go:116] watchAllDir unable to walk dir `c:\\Users\\pacco\\Quizz\\dataconnect`: GetFileAttributesEx c:\\Users\\pacco\\Quizz\\dataconnect: The system cannot find the file specified.\nE0605 05:14:16.805687   25116 watch.go:40] Failed to load config from \"c:\\\\Users\\\\pacco\\\\Quizz\\\\dataconnect\": could not find dataconnect.yaml in `c:\\Users\\pacco\\Quizz\\dataconnect`\n"}}
[debug] [2026-06-05T04:14:26.806Z] E0605 05:14:26.806669   25116 watch.go:40] Failed to load config from "c:\\Users\\pacco\\Quizz\\dataconnect": could not find dataconnect.yaml in `c:\Users\pacco\Quizz\dataconnect`
 {"metadata":{"emulator":{"name":"dataconnect"},"message":"E0605 05:14:26.806669   25116 watch.go:40] Failed to load config from \"c:\\\\Users\\\\pacco\\\\Quizz\\\\dataconnect\": could not find dataconnect.yaml in `c:\\Users\\pacco\\Quizz\\dataconnect`\n"}}
[debug] [2026-06-05T04:14:36.805Z] E0605 05:14:36.805434   25116 watch.go:40] Failed to load config from "c:\\Users\\pacco\\Quizz\\dataconnect": could not find dataconnect.yaml in `c:\Users\pacco\Quizz\dataconnect`
 {"metadata":{"emulator":{"name":"dataconnect"},"message":"E0605 05:14:36.805434   25116 watch.go:40] Failed to load config from \"c:\\\\Users\\\\pacco\\\\Quizz\\\\dataconnect\": could not find dataconnect.yaml in `c:\\Users\\pacco\\Quizz\\dataconnect`\n"}}
[debug] [2026-06-05T04:14:46.806Z] E0605 05:14:46.805618   25116 watch.go:40] Failed to load config from "c:\\Users\\pacco\\Quizz\\dataconnect": could not find dataconnect.yaml in `c:\Users\pacco\Quizz\dataconnect`
 {"metadata":{"emulator":{"name":"dataconnect"},"message":"E0605 05:14:46.805618   25116 watch.go:40] Failed to load config from \"c:\\\\Users\\\\pacco\\\\Quizz\\\\dataconnect\": could not find dataconnect.yaml in `c:\\Users\\pacco\\Quizz\\dataconnect`\n"}}
[debug] [2026-06-05T04:14:56.805Z] E0605 05:14:56.805518   25116 watch.go:40] Failed to load config from "c:\\Users\\pacco\\Quizz\\dataconnect": could not find dataconnect.yaml in `c:\Users\pacco\Quizz\dataconnect`
 {"metadata":{"emulator":{"name":"dataconnect"},"message":"E0605 05:14:56.805518   25116 watch.go:40] Failed to load config from \"c:\\\\Users\\\\pacco\\\\Quizz\\\\dataconnect\": could not find dataconnect.yaml in `c:\\Users\\pacco\\Quizz\\dataconnect`\n"}}
[debug] [2026-06-05T04:15:06.805Z] E0605 05:15:06.805484   25116 watch.go:40] Failed to load config from "c:\\Users\\pacco\\Quizz\\dataconnect": could not find dataconnect.yaml in `c:\Users\pacco\Quizz\dataconnect`
 {"metadata":{"emulator":{"name":"dataconnect"},"message":"E0605 05:15:06.805484   25116 watch.go:40] Failed to load config from \"c:\\\\Users\\\\pacco\\\\Quizz\\\\dataconnect\": could not find dataconnect.yaml in `c:\\Users\\pacco\\Quizz\\dataconnect`\n"}}
[debug] [2026-06-05T04:15:16.805Z] E0605 05:15:16.805164   25116 watch.go:40] Failed to load config from "c:\\Users\\pacco\\Quizz\\dataconnect": could not find dataconnect.yaml in `c:\Users\pacco\Quizz\dataconnect`
 {"metadata":{"emulator":{"name":"dataconnect"},"message":"E0605 05:15:16.805164   25116 watch.go:40] Failed to load config from \"c:\\\\Users\\\\pacco\\\\Quizz\\\\dataconnect\": could not find dataconnect.yaml in `c:\\Users\\pacco\\Quizz\\dataconnect`\n"}}
[debug] [2026-06-05T04:15:16.806Z] E0605 05:15:16.806149   25116 watch.go:116] watchAllDir unable to walk dir `c:\Users\pacco\Quizz\dataconnect`: GetFileAttributesEx c:\Users\pacco\Quizz\dataconnect: The system cannot find the file specified.
 {"metadata":{"emulator":{"name":"dataconnect"},"message":"E0605 05:15:16.806149   25116 watch.go:116] watchAllDir unable to walk dir `c:\\Users\\pacco\\Quizz\\dataconnect`: GetFileAttributesEx c:\\Users\\pacco\\Quizz\\dataconnect: The system cannot find the file specified.\n"}}
[debug] [2026-06-05T04:15:26.806Z] E0605 05:15:26.805447   25116 watch.go:40] Failed to load config from "c:\\Users\\pacco\\Quizz\\dataconnect": could not find dataconnect.yaml in `c:\Users\pacco\Quizz\dataconnect`
 {"metadata":{"emulator":{"name":"dataconnect"},"message":"E0605 05:15:26.805447   25116 watch.go:40] Failed to load config from \"c:\\\\Users\\\\pacco\\\\Quizz\\\\dataconnect\": could not find dataconnect.yaml in `c:\\Users\\pacco\\Quizz\\dataconnect`\n"}}
[debug] [2026-06-05T04:15:36.806Z] E0605 05:15:36.805421   25116 watch.go:40] Failed to load config from "c:\\Users\\pacco\\Quizz\\dataconnect": could not find dataconnect.yaml in `c:\Users\pacco\Quizz\dataconnect`
 {"metadata":{"emulator":{"name":"dataconnect"},"message":"E0605 05:15:36.805421   25116 watch.go:40] Failed to load config from \"c:\\\\Users\\\\pacco\\\\Quizz\\\\dataconnect\": could not find dataconnect.yaml in `c:\\Users\\pacco\\Quizz\\dataconnect`\n"}}
[debug] [2026-06-05T04:15:46.805Z] E0605 05:15:46.805358   25116 watch.go:40] Failed to load config from "c:\\Users\\pacco\\Quizz\\dataconnect": could not find dataconnect.yaml in `c:\Users\pacco\Quizz\dataconnect`
 {"metadata":{"emulator":{"name":"dataconnect"},"message":"E0605 05:15:46.805358   25116 watch.go:40] Failed to load config from \"c:\\\\Users\\\\pacco\\\\Quizz\\\\dataconnect\": could not find dataconnect.yaml in `c:\\Users\\pacco\\Quizz\\dataconnect`\n"}}
[debug] [2026-06-05T04:15:56.806Z] E0605 05:15:56.805510   25116 watch.go:40] Failed to load config from "c:\\Users\\pacco\\Quizz\\dataconnect": could not find dataconnect.yaml in `c:\Users\pacco\Quizz\dataconnect`
 {"metadata":{"emulator":{"name":"dataconnect"},"message":"E0605 05:15:56.805510   25116 watch.go:40] Failed to load config from \"c:\\\\Users\\\\pacco\\\\Quizz\\\\dataconnect\": could not find dataconnect.yaml in `c:\\Users\\pacco\\Quizz\\dataconnect`\n"}}
[debug] [2026-06-05T04:16:06.805Z] E0605 05:16:06.805271   25116 watch.go:40] Failed to load config from "c:\\Users\\pacco\\Quizz\\dataconnect": could not find dataconnect.yaml in `c:\Users\pacco\Quizz\dataconnect`
 {"metadata":{"emulator":{"name":"dataconnect"},"message":"E0605 05:16:06.805271   25116 watch.go:40] Failed to load config from \"c:\\\\Users\\\\pacco\\\\Quizz\\\\dataconnect\": could not find dataconnect.yaml in `c:\\Users\\pacco\\Quizz\\dataconnect`\n"}}
[debug] [2026-06-05T04:16:16.806Z] E0605 05:16:16.805445   25116 watch.go:116] watchAllDir unable to walk dir `c:\Users\pacco\Quizz\dataconnect`: GetFileAttributesEx c:\Users\pacco\Quizz\dataconnect: The system cannot find the file specified.
E0605 05:16:16.805445   25116 watch.go:40] Failed to load config from "c:\\Users\\pacco\\Quizz\\dataconnect": could not find dataconnect.yaml in `c:\Users\pacco\Quizz\dataconnect`
 {"metadata":{"emulator":{"name":"dataconnect"},"message":"E0605 05:16:16.805445   25116 watch.go:116] watchAllDir unable to walk dir `c:\\Users\\pacco\\Quizz\\dataconnect`: GetFileAttributesEx c:\\Users\\pacco\\Quizz\\dataconnect: The system cannot find the file specified.\nE0605 05:16:16.805445   25116 watch.go:40] Failed to load config from \"c:\\\\Users\\\\pacco\\\\Quizz\\\\dataconnect\": could not find dataconnect.yaml in `c:\\Users\\pacco\\Quizz\\dataconnect`\n"}}
[debug] [2026-06-05T04:16:26.805Z] E0605 05:16:26.805634   25116 watch.go:40] Failed to load config from "c:\\Users\\pacco\\Quizz\\dataconnect": could not find dataconnect.yaml in `c:\Users\pacco\Quizz\dataconnect`
 {"metadata":{"emulator":{"name":"dataconnect"},"message":"E0605 05:16:26.805634   25116 watch.go:40] Failed to load config from \"c:\\\\Users\\\\pacco\\\\Quizz\\\\dataconnect\": could not find dataconnect.yaml in `c:\\Users\\pacco\\Quizz\\dataconnect`\n"}}
[debug] [2026-06-05T04:16:36.806Z] E0605 05:16:36.805770   25116 watch.go:40] Failed to load config from "c:\\Users\\pacco\\Quizz\\dataconnect": could not find dataconnect.yaml in `c:\Users\pacco\Quizz\dataconnect`
 {"metadata":{"emulator":{"name":"dataconnect"},"message":"E0605 05:16:36.805770   25116 watch.go:40] Failed to load config from \"c:\\\\Users\\\\pacco\\\\Quizz\\\\dataconnect\": could not find dataconnect.yaml in `c:\\Users\\pacco\\Quizz\\dataconnect`\n"}}
[debug] [2026-06-05T04:16:46.805Z] E0605 05:16:46.805015   25116 watch.go:40] Failed to load config from "c:\\Users\\pacco\\Quizz\\dataconnect": could not find dataconnect.yaml in `c:\Users\pacco\Quizz\dataconnect`
 {"metadata":{"emulator":{"name":"dataconnect"},"message":"E0605 05:16:46.805015   25116 watch.go:40] Failed to load config from \"c:\\\\Users\\\\pacco\\\\Quizz\\\\dataconnect\": could not find dataconnect.yaml in `c:\\Users\\pacco\\Quizz\\dataconnect`\n"}}
[debug] [2026-06-05T04:16:56.805Z] E0605 05:16:56.805133   25116 watch.go:40] Failed to load config from "c:\\Users\\pacco\\Quizz\\dataconnect": could not find dataconnect.yaml in `c:\Users\pacco\Quizz\dataconnect`
 {"metadata":{"emulator":{"name":"dataconnect"},"message":"E0605 05:16:56.805133   25116 watch.go:40] Failed to load config from \"c:\\\\Users\\\\pacco\\\\Quizz\\\\dataconnect\": could not find dataconnect.yaml in `c:\\Users\\pacco\\Quizz\\dataconnect`\n"}}
[debug] [2026-06-05T04:17:06.806Z] E0605 05:17:06.805465   25116 watch.go:40] Failed to load config from "c:\\Users\\pacco\\Quizz\\dataconnect": could not find dataconnect.yaml in `c:\Users\pacco\Quizz\dataconnect`
 {"metadata":{"emulator":{"name":"dataconnect"},"message":"E0605 05:17:06.805465   25116 watch.go:40] Failed to load config from \"c:\\\\Users\\\\pacco\\\\Quizz\\\\dataconnect\": could not find dataconnect.yaml in `c:\\Users\\pacco\\Quizz\\dataconnect`\n"}}
[debug] [2026-06-05T04:17:16.805Z] E0605 05:17:16.805130   25116 watch.go:40] Failed to load config from "c:\\Users\\pacco\\Quizz\\dataconnect": could not find dataconnect.yaml in `c:\Users\pacco\Quizz\dataconnect`
 {"metadata":{"emulator":{"name":"dataconnect"},"message":"E0605 05:17:16.805130   25116 watch.go:40] Failed to load config from \"c:\\\\Users\\\\pacco\\\\Quizz\\\\dataconnect\": could not find dataconnect.yaml in `c:\\Users\\pacco\\Quizz\\dataconnect`\n"}}
[debug] [2026-06-05T04:17:16.806Z] E0605 05:17:16.805705   25116 watch.go:116] watchAllDir unable to walk dir `c:\Users\pacco\Quizz\dataconnect`: GetFileAttributesEx c:\Users\pacco\Quizz\dataconnect: The system cannot find the file specified.
 {"metadata":{"emulator":{"name":"dataconnect"},"message":"E0605 05:17:16.805705   25116 watch.go:116] watchAllDir unable to walk dir `c:\\Users\\pacco\\Quizz\\dataconnect`: GetFileAttributesEx c:\\Users\\pacco\\Quizz\\dataconnect: The system cannot find the file specified.\n"}}
[debug] [2026-06-05T04:17:26.805Z] E0605 05:17:26.805669   25116 watch.go:40] Failed to load config from "c:\\Users\\pacco\\Quizz\\dataconnect": could not find dataconnect.yaml in `c:\Users\pacco\Quizz\dataconnect`
 {"metadata":{"emulator":{"name":"dataconnect"},"message":"E0605 05:17:26.805669   25116 watch.go:40] Failed to load config from \"c:\\\\Users\\\\pacco\\\\Quizz\\\\dataconnect\": could not find dataconnect.yaml in `c:\\Users\\pacco\\Quizz\\dataconnect`\n"}}
[debug] [2026-06-05T04:17:36.805Z] E0605 05:17:36.805625   25116 watch.go:40] Failed to load config from "c:\\Users\\pacco\\Quizz\\dataconnect": could not find dataconnect.yaml in `c:\Users\pacco\Quizz\dataconnect`
 {"metadata":{"emulator":{"name":"dataconnect"},"message":"E0605 05:17:36.805625   25116 watch.go:40] Failed to load config from \"c:\\\\Users\\\\pacco\\\\Quizz\\\\dataconnect\": could not find dataconnect.yaml in `c:\\Users\\pacco\\Quizz\\dataconnect`\n"}}
[debug] [2026-06-05T04:17:46.805Z] E0605 05:17:46.805099   25116 watch.go:40] Failed to load config from "c:\\Users\\pacco\\Quizz\\dataconnect": could not find dataconnect.yaml in `c:\Users\pacco\Quizz\dataconnect`
 {"metadata":{"emulator":{"name":"dataconnect"},"message":"E0605 05:17:46.805099   25116 watch.go:40] Failed to load config from \"c:\\\\Users\\\\pacco\\\\Quizz\\\\dataconnect\": could not find dataconnect.yaml in `c:\\Users\\pacco\\Quizz\\dataconnect`\n"}}
[debug] [2026-06-05T04:17:56.805Z] E0605 05:17:56.805336   25116 watch.go:40] Failed to load config from "c:\\Users\\pacco\\Quizz\\dataconnect": could not find dataconnect.yaml in `c:\Users\pacco\Quizz\dataconnect`
 {"metadata":{"emulator":{"name":"dataconnect"},"message":"E0605 05:17:56.805336   25116 watch.go:40] Failed to load config from \"c:\\\\Users\\\\pacco\\\\Quizz\\\\dataconnect\": could not find dataconnect.yaml in `c:\\Users\\pacco\\Quizz\\dataconnect`\n"}}
[debug] [2026-06-05T04:18:06.805Z] E0605 05:18:06.805588   25116 watch.go:40] Failed to load config from "c:\\Users\\pacco\\Quizz\\dataconnect": could not find dataconnect.yaml in `c:\Users\pacco\Quizz\dataconnect`
 {"metadata":{"emulator":{"name":"dataconnect"},"message":"E0605 05:18:06.805588   25116 watch.go:40] Failed to load config from \"c:\\\\Users\\\\pacco\\\\Quizz\\\\dataconnect\": could not find dataconnect.yaml in `c:\\Users\\pacco\\Quizz\\dataconnect`\n"}}
[debug] [2026-06-05T04:18:16.805Z] E0605 05:18:16.805783   25116 watch.go:116] watchAllDir unable to walk dir `c:\Users\pacco\Quizz\dataconnect`: GetFileAttributesEx c:\Users\pacco\Quizz\dataconnect: The system cannot find the file specified.
E0605 05:18:16.805783   25116 watch.go:40] Failed to load config from "c:\\Users\\pacco\\Quizz\\dataconnect": could not find dataconnect.yaml in `c:\Users\pacco\Quizz\dataconnect`
 {"metadata":{"emulator":{"name":"dataconnect"},"message":"E0605 05:18:16.805783   25116 watch.go:116] watchAllDir unable to walk dir `c:\\Users\\pacco\\Quizz\\dataconnect`: GetFileAttributesEx c:\\Users\\pacco\\Quizz\\dataconnect: The system cannot find the file specified.\nE0605 05:18:16.805783   25116 watch.go:40] Failed to load config from \"c:\\\\Users\\\\pacco\\\\Quizz\\\\dataconnect\": could not find dataconnect.yaml in `c:\\Users\\pacco\\Quizz\\dataconnect`\n"}}
[debug] [2026-06-05T04:18:26.805Z] E0605 05:18:26.805186   25116 watch.go:40] Failed to load config from "c:\\Users\\pacco\\Quizz\\dataconnect": could not find dataconnect.yaml in `c:\Users\pacco\Quizz\dataconnect`
 {"metadata":{"emulator":{"name":"dataconnect"},"message":"E0605 05:18:26.805186   25116 watch.go:40] Failed to load config from \"c:\\\\Users\\\\pacco\\\\Quizz\\\\dataconnect\": could not find dataconnect.yaml in `c:\\Users\\pacco\\Quizz\\dataconnect`\n"}}
[debug] [2026-06-05T04:18:36.805Z] E0605 05:18:36.805153   25116 watch.go:40] Failed to load config from "c:\\Users\\pacco\\Quizz\\dataconnect": could not find dataconnect.yaml in `c:\Users\pacco\Quizz\dataconnect`
 {"metadata":{"emulator":{"name":"dataconnect"},"message":"E0605 05:18:36.805153   25116 watch.go:40] Failed to load config from \"c:\\\\Users\\\\pacco\\\\Quizz\\\\dataconnect\": could not find dataconnect.yaml in `c:\\Users\\pacco\\Quizz\\dataconnect`\n"}}
[debug] [2026-06-05T04:18:46.805Z] E0605 05:18:46.805371   25116 watch.go:40] Failed to load config from "c:\\Users\\pacco\\Quizz\\dataconnect": could not find dataconnect.yaml in `c:\Users\pacco\Quizz\dataconnect`
 {"metadata":{"emulator":{"name":"dataconnect"},"message":"E0605 05:18:46.805371   25116 watch.go:40] Failed to load config from \"c:\\\\Users\\\\pacco\\\\Quizz\\\\dataconnect\": could not find dataconnect.yaml in `c:\\Users\\pacco\\Quizz\\dataconnect`\n"}}
[debug] [2026-06-05T04:18:56.806Z] E0605 05:18:56.806408   25116 watch.go:40] Failed to load config from "c:\\Users\\pacco\\Quizz\\dataconnect": could not find dataconnect.yaml in `c:\Users\pacco\Quizz\dataconnect`
 {"metadata":{"emulator":{"name":"dataconnect"},"message":"E0605 05:18:56.806408   25116 watch.go:40] Failed to load config from \"c:\\\\Users\\\\pacco\\\\Quizz\\\\dataconnect\": could not find dataconnect.yaml in `c:\\Users\\pacco\\Quizz\\dataconnect`\n"}}
[debug] [2026-06-05T04:19:06.805Z] E0605 05:19:06.805648   25116 watch.go:40] Failed to load config from "c:\\Users\\pacco\\Quizz\\dataconnect": could not find dataconnect.yaml in `c:\Users\pacco\Quizz\dataconnect`
 {"metadata":{"emulator":{"name":"dataconnect"},"message":"E0605 05:19:06.805648   25116 watch.go:40] Failed to load config from \"c:\\\\Users\\\\pacco\\\\Quizz\\\\dataconnect\": could not find dataconnect.yaml in `c:\\Users\\pacco\\Quizz\\dataconnect`\n"}}
[debug] [2026-06-05T04:19:16.805Z] E0605 05:19:16.805148   25116 watch.go:40] Failed to load config from "c:\\Users\\pacco\\Quizz\\dataconnect": could not find dataconnect.yaml in `c:\Users\pacco\Quizz\dataconnect`
 {"metadata":{"emulator":{"name":"dataconnect"},"message":"E0605 05:19:16.805148   25116 watch.go:40] Failed to load config from \"c:\\\\Users\\\\pacco\\\\Quizz\\\\dataconnect\": could not find dataconnect.yaml in `c:\\Users\\pacco\\Quizz\\dataconnect`\n"}}
[debug] [2026-06-05T04:19:16.806Z] E0605 05:19:16.805658   25116 watch.go:116] watchAllDir unable to walk dir `c:\Users\pacco\Quizz\dataconnect`: GetFileAttributesEx c:\Users\pacco\Quizz\dataconnect: The system cannot find the file specified.
 {"metadata":{"emulator":{"name":"dataconnect"},"message":"E0605 05:19:16.805658   25116 watch.go:116] watchAllDir unable to walk dir `c:\\Users\\pacco\\Quizz\\dataconnect`: GetFileAttributesEx c:\\Users\\pacco\\Quizz\\dataconnect: The system cannot find the file specified.\n"}}
[debug] [2026-06-05T04:19:26.805Z] E0605 05:19:26.805412   25116 watch.go:40] Failed to load config from "c:\\Users\\pacco\\Quizz\\dataconnect": could not find dataconnect.yaml in `c:\Users\pacco\Quizz\dataconnect`
 {"metadata":{"emulator":{"name":"dataconnect"},"message":"E0605 05:19:26.805412   25116 watch.go:40] Failed to load config from \"c:\\\\Users\\\\pacco\\\\Quizz\\\\dataconnect\": could not find dataconnect.yaml in `c:\\Users\\pacco\\Quizz\\dataconnect`\n"}}
[debug] [2026-06-05T04:19:36.809Z] E0605 05:19:36.807510   25116 watch.go:40] Failed to load config from "c:\\Users\\pacco\\Quizz\\dataconnect": could not find dataconnect.yaml in `c:\Users\pacco\Quizz\dataconnect`
 {"metadata":{"emulator":{"name":"dataconnect"},"message":"E0605 05:19:36.807510   25116 watch.go:40] Failed to load config from \"c:\\\\Users\\\\pacco\\\\Quizz\\\\dataconnect\": could not find dataconnect.yaml in `c:\\Users\\pacco\\Quizz\\dataconnect`\n"}}
[debug] [2026-06-05T04:19:46.805Z] E0605 05:19:46.805159   25116 watch.go:40] Failed to load config from "c:\\Users\\pacco\\Quizz\\dataconnect": could not find dataconnect.yaml in `c:\Users\pacco\Quizz\dataconnect`
 {"metadata":{"emulator":{"name":"dataconnect"},"message":"E0605 05:19:46.805159   25116 watch.go:40] Failed to load config from \"c:\\\\Users\\\\pacco\\\\Quizz\\\\dataconnect\": could not find dataconnect.yaml in `c:\\Users\\pacco\\Quizz\\dataconnect`\n"}}
[debug] [2026-06-05T04:19:56.807Z] E0605 05:19:56.806775   25116 watch.go:40] Failed to load config from "c:\\Users\\pacco\\Quizz\\dataconnect": could not find dataconnect.yaml in `c:\Users\pacco\Quizz\dataconnect`
 {"metadata":{"emulator":{"name":"dataconnect"},"message":"E0605 05:19:56.806775   25116 watch.go:40] Failed to load config from \"c:\\\\Users\\\\pacco\\\\Quizz\\\\dataconnect\": could not find dataconnect.yaml in `c:\\Users\\pacco\\Quizz\\dataconnect`\n"}}
[debug] [2026-06-05T04:20:06.806Z] E0605 05:20:06.805562   25116 watch.go:40] Failed to load config from "c:\\Users\\pacco\\Quizz\\dataconnect": could not find dataconnect.yaml in `c:\Users\pacco\Quizz\dataconnect`
 {"metadata":{"emulator":{"name":"dataconnect"},"message":"E0605 05:20:06.805562   25116 watch.go:40] Failed to load config from \"c:\\\\Users\\\\pacco\\\\Quizz\\\\dataconnect\": could not find dataconnect.yaml in `c:\\Users\\pacco\\Quizz\\dataconnect`\n"}}
[debug] [2026-06-05T04:20:16.805Z] E0605 05:20:16.805175   25116 watch.go:40] Failed to load config from "c:\\Users\\pacco\\Quizz\\dataconnect": could not find dataconnect.yaml in `c:\Users\pacco\Quizz\dataconnect`
 {"metadata":{"emulator":{"name":"dataconnect"},"message":"E0605 05:20:16.805175   25116 watch.go:40] Failed to load config from \"c:\\\\Users\\\\pacco\\\\Quizz\\\\dataconnect\": could not find dataconnect.yaml in `c:\\Users\\pacco\\Quizz\\dataconnect`\n"}}
[debug] [2026-06-05T04:20:16.807Z] E0605 05:20:16.805766   25116 watch.go:116] watchAllDir unable to walk dir `c:\Users\pacco\Quizz\dataconnect`: GetFileAttributesEx c:\Users\pacco\Quizz\dataconnect: The system cannot find the file specified.
 {"metadata":{"emulator":{"name":"dataconnect"},"message":"E0605 05:20:16.805766   25116 watch.go:116] watchAllDir unable to walk dir `c:\\Users\\pacco\\Quizz\\dataconnect`: GetFileAttributesEx c:\\Users\\pacco\\Quizz\\dataconnect: The system cannot find the file specified.\n"}}
[debug] [2026-06-05T04:20:26.805Z] E0605 05:20:26.805659   25116 watch.go:40] Failed to load config from "c:\\Users\\pacco\\Quizz\\dataconnect": could not find dataconnect.yaml in `c:\Users\pacco\Quizz\dataconnect`
 {"metadata":{"emulator":{"name":"dataconnect"},"message":"E0605 05:20:26.805659   25116 watch.go:40] Failed to load config from \"c:\\\\Users\\\\pacco\\\\Quizz\\\\dataconnect\": could not find dataconnect.yaml in `c:\\Users\\pacco\\Quizz\\dataconnect`\n"}}
[debug] [2026-06-05T04:20:36.806Z] E0605 05:20:36.805985   25116 watch.go:40] Failed to load config from "c:\\Users\\pacco\\Quizz\\dataconnect": could not find dataconnect.yaml in `c:\Users\pacco\Quizz\dataconnect`
 {"metadata":{"emulator":{"name":"dataconnect"},"message":"E0605 05:20:36.805985   25116 watch.go:40] Failed to load config from \"c:\\\\Users\\\\pacco\\\\Quizz\\\\dataconnect\": could not find dataconnect.yaml in `c:\\Users\\pacco\\Quizz\\dataconnect`\n"}}
[debug] [2026-06-05T04:20:46.805Z] E0605 05:20:46.805520   25116 watch.go:40] Failed to load config from "c:\\Users\\pacco\\Quizz\\dataconnect": could not find dataconnect.yaml in `c:\Users\pacco\Quizz\dataconnect`
 {"metadata":{"emulator":{"name":"dataconnect"},"message":"E0605 05:20:46.805520   25116 watch.go:40] Failed to load config from \"c:\\\\Users\\\\pacco\\\\Quizz\\\\dataconnect\": could not find dataconnect.yaml in `c:\\Users\\pacco\\Quizz\\dataconnect`\n"}}
[debug] [2026-06-05T04:20:56.805Z] E0605 05:20:56.805402   25116 watch.go:40] Failed to load config from "c:\\Users\\pacco\\Quizz\\dataconnect": could not find dataconnect.yaml in `c:\Users\pacco\Quizz\dataconnect`
 {"metadata":{"emulator":{"name":"dataconnect"},"message":"E0605 05:20:56.805402   25116 watch.go:40] Failed to load config from \"c:\\\\Users\\\\pacco\\\\Quizz\\\\dataconnect\": could not find dataconnect.yaml in `c:\\Users\\pacco\\Quizz\\dataconnect`\n"}}
[debug] [2026-06-05T04:21:06.805Z] E0605 05:21:06.805039   25116 watch.go:40] Failed to load config from "c:\\Users\\pacco\\Quizz\\dataconnect": could not find dataconnect.yaml in `c:\Users\pacco\Quizz\dataconnect`
 {"metadata":{"emulator":{"name":"dataconnect"},"message":"E0605 05:21:06.805039   25116 watch.go:40] Failed to load config from \"c:\\\\Users\\\\pacco\\\\Quizz\\\\dataconnect\": could not find dataconnect.yaml in `c:\\Users\\pacco\\Quizz\\dataconnect`\n"}}
[debug] [2026-06-05T04:21:16.805Z] E0605 05:21:16.805626   25116 watch.go:116] watchAllDir unable to walk dir `c:\Users\pacco\Quizz\dataconnect`: GetFileAttributesEx c:\Users\pacco\Quizz\dataconnect: The system cannot find the file specified.
 {"metadata":{"emulator":{"name":"dataconnect"},"message":"E0605 05:21:16.805626   25116 watch.go:116] watchAllDir unable to walk dir `c:\\Users\\pacco\\Quizz\\dataconnect`: GetFileAttributesEx c:\\Users\\pacco\\Quizz\\dataconnect: The system cannot find the file specified.\n"}}
[debug] [2026-06-05T04:21:16.806Z] E0605 05:21:16.805889   25116 watch.go:40] Failed to load config from "c:\\Users\\pacco\\Quizz\\dataconnect": could not find dataconnect.yaml in `c:\Users\pacco\Quizz\dataconnect`
 {"metadata":{"emulator":{"name":"dataconnect"},"message":"E0605 05:21:16.805889   25116 watch.go:40] Failed to load config from \"c:\\\\Users\\\\pacco\\\\Quizz\\\\dataconnect\": could not find dataconnect.yaml in `c:\\Users\\pacco\\Quizz\\dataconnect`\n"}}
[debug] [2026-06-05T04:21:26.805Z] E0605 05:21:26.805244   25116 watch.go:40] Failed to load config from "c:\\Users\\pacco\\Quizz\\dataconnect": could not find dataconnect.yaml in `c:\Users\pacco\Quizz\dataconnect`
 {"metadata":{"emulator":{"name":"dataconnect"},"message":"E0605 05:21:26.805244   25116 watch.go:40] Failed to load config from \"c:\\\\Users\\\\pacco\\\\Quizz\\\\dataconnect\": could not find dataconnect.yaml in `c:\\Users\\pacco\\Quizz\\dataconnect`\n"}}
[debug] [2026-06-05T04:21:36.806Z] E0605 05:21:36.805629   25116 watch.go:40] Failed to load config from "c:\\Users\\pacco\\Quizz\\dataconnect": could not find dataconnect.yaml in `c:\Users\pacco\Quizz\dataconnect`
 {"metadata":{"emulator":{"name":"dataconnect"},"message":"E0605 05:21:36.805629   25116 watch.go:40] Failed to load config from \"c:\\\\Users\\\\pacco\\\\Quizz\\\\dataconnect\": could not find dataconnect.yaml in `c:\\Users\\pacco\\Quizz\\dataconnect`\n"}}
[debug] [2026-06-05T04:21:46.805Z] E0605 05:21:46.805627   25116 watch.go:40] Failed to load config from "c:\\Users\\pacco\\Quizz\\dataconnect": could not find dataconnect.yaml in `c:\Users\pacco\Quizz\dataconnect`
 {"metadata":{"emulator":{"name":"dataconnect"},"message":"E0605 05:21:46.805627   25116 watch.go:40] Failed to load config from \"c:\\\\Users\\\\pacco\\\\Quizz\\\\dataconnect\": could not find dataconnect.yaml in `c:\\Users\\pacco\\Quizz\\dataconnect`\n"}}
[debug] [2026-06-05T04:21:56.805Z] E0605 05:21:56.805480   25116 watch.go:40] Failed to load config from "c:\\Users\\pacco\\Quizz\\dataconnect": could not find dataconnect.yaml in `c:\Users\pacco\Quizz\dataconnect`
 {"metadata":{"emulator":{"name":"dataconnect"},"message":"E0605 05:21:56.805480   25116 watch.go:40] Failed to load config from \"c:\\\\Users\\\\pacco\\\\Quizz\\\\dataconnect\": could not find dataconnect.yaml in `c:\\Users\\pacco\\Quizz\\dataconnect`\n"}}
[debug] [2026-06-05T04:22:06.831Z] E0605 05:22:06.830640   25116 watch.go:40] Failed to load config from "c:\\Users\\pacco\\Quizz\\dataconnect": could not find dataconnect.yaml in `c:\Users\pacco\Quizz\dataconnect`
 {"metadata":{"emulator":{"name":"dataconnect"},"message":"E0605 05:22:06.830640   25116 watch.go:40] Failed to load config from \"c:\\\\Users\\\\pacco\\\\Quizz\\\\dataconnect\": could not find dataconnect.yaml in `c:\\Users\\pacco\\Quizz\\dataconnect`\n"}}
[debug] [2026-06-05T04:22:16.805Z] E0605 05:22:16.805434   25116 watch.go:116] watchAllDir unable to walk dir `c:\Users\pacco\Quizz\dataconnect`: GetFileAttributesEx c:\Users\pacco\Quizz\dataconnect: The system cannot find the file specified.
E0605 05:22:16.805654   25116 watch.go:40] Failed to load config from "c:\\Users\\pacco\\Quizz\\dataconnect": could not find dataconnect.yaml in `c:\Users\pacco\Quizz\dataconnect`
 {"metadata":{"emulator":{"name":"dataconnect"},"message":"E0605 05:22:16.805434   25116 watch.go:116] watchAllDir unable to walk dir `c:\\Users\\pacco\\Quizz\\dataconnect`: GetFileAttributesEx c:\\Users\\pacco\\Quizz\\dataconnect: The system cannot find the file specified.\nE0605 05:22:16.805654   25116 watch.go:40] Failed to load config from \"c:\\\\Users\\\\pacco\\\\Quizz\\\\dataconnect\": could not find dataconnect.yaml in `c:\\Users\\pacco\\Quizz\\dataconnect`\n"}}
[debug] [2026-06-05T04:22:26.805Z] E0605 05:22:26.805728   25116 watch.go:40] Failed to load config from "c:\\Users\\pacco\\Quizz\\dataconnect": could not find dataconnect.yaml in `c:\Users\pacco\Quizz\dataconnect`
 {"metadata":{"emulator":{"name":"dataconnect"},"message":"E0605 05:22:26.805728   25116 watch.go:40] Failed to load config from \"c:\\\\Users\\\\pacco\\\\Quizz\\\\dataconnect\": could not find dataconnect.yaml in `c:\\Users\\pacco\\Quizz\\dataconnect`\n"}}
[debug] [2026-06-05T04:22:36.805Z] E0605 05:22:36.805505   25116 watch.go:40] Failed to load config from "c:\\Users\\pacco\\Quizz\\dataconnect": could not find dataconnect.yaml in `c:\Users\pacco\Quizz\dataconnect`
 {"metadata":{"emulator":{"name":"dataconnect"},"message":"E0605 05:22:36.805505   25116 watch.go:40] Failed to load config from \"c:\\\\Users\\\\pacco\\\\Quizz\\\\dataconnect\": could not find dataconnect.yaml in `c:\\Users\\pacco\\Quizz\\dataconnect`\n"}}
[debug] [2026-06-05T04:22:46.805Z] E0605 05:22:46.805231   25116 watch.go:40] Failed to load config from "c:\\Users\\pacco\\Quizz\\dataconnect": could not find dataconnect.yaml in `c:\Users\pacco\Quizz\dataconnect`
 {"metadata":{"emulator":{"name":"dataconnect"},"message":"E0605 05:22:46.805231   25116 watch.go:40] Failed to load config from \"c:\\\\Users\\\\pacco\\\\Quizz\\\\dataconnect\": could not find dataconnect.yaml in `c:\\Users\\pacco\\Quizz\\dataconnect`\n"}}
[debug] [2026-06-05T04:22:56.806Z] E0605 05:22:56.805938   25116 watch.go:40] Failed to load config from "c:\\Users\\pacco\\Quizz\\dataconnect": could not find dataconnect.yaml in `c:\Users\pacco\Quizz\dataconnect`
 {"metadata":{"emulator":{"name":"dataconnect"},"message":"E0605 05:22:56.805938   25116 watch.go:40] Failed to load config from \"c:\\\\Users\\\\pacco\\\\Quizz\\\\dataconnect\": could not find dataconnect.yaml in `c:\\Users\\pacco\\Quizz\\dataconnect`\n"}}
[debug] [2026-06-05T04:23:06.805Z] E0605 05:23:06.805678   25116 watch.go:40] Failed to load config from "c:\\Users\\pacco\\Quizz\\dataconnect": could not find dataconnect.yaml in `c:\Users\pacco\Quizz\dataconnect`
 {"metadata":{"emulator":{"name":"dataconnect"},"message":"E0605 05:23:06.805678   25116 watch.go:40] Failed to load config from \"c:\\\\Users\\\\pacco\\\\Quizz\\\\dataconnect\": could not find dataconnect.yaml in `c:\\Users\\pacco\\Quizz\\dataconnect`\n"}}
[debug] [2026-06-05T04:23:16.805Z] E0605 05:23:16.805290   25116 watch.go:40] Failed to load config from "c:\\Users\\pacco\\Quizz\\dataconnect": could not find dataconnect.yaml in `c:\Users\pacco\Quizz\dataconnect`
 {"metadata":{"emulator":{"name":"dataconnect"},"message":"E0605 05:23:16.805290   25116 watch.go:40] Failed to load config from \"c:\\\\Users\\\\pacco\\\\Quizz\\\\dataconnect\": could not find dataconnect.yaml in `c:\\Users\\pacco\\Quizz\\dataconnect`\n"}}
[debug] [2026-06-05T04:23:16.806Z] E0605 05:23:16.805799   25116 watch.go:116] watchAllDir unable to walk dir `c:\Users\pacco\Quizz\dataconnect`: GetFileAttributesEx c:\Users\pacco\Quizz\dataconnect: The system cannot find the file specified.
 {"metadata":{"emulator":{"name":"dataconnect"},"message":"E0605 05:23:16.805799   25116 watch.go:116] watchAllDir unable to walk dir `c:\\Users\\pacco\\Quizz\\dataconnect`: GetFileAttributesEx c:\\Users\\pacco\\Quizz\\dataconnect: The system cannot find the file specified.\n"}}
[debug] [2026-06-05T04:23:26.806Z] E0605 05:23:26.805676   25116 watch.go:40] Failed to load config from "c:\\Users\\pacco\\Quizz\\dataconnect": could not find dataconnect.yaml in `c:\Users\pacco\Quizz\dataconnect`
 {"metadata":{"emulator":{"name":"dataconnect"},"message":"E0605 05:23:26.805676   25116 watch.go:40] Failed to load config from \"c:\\\\Users\\\\pacco\\\\Quizz\\\\dataconnect\": could not find dataconnect.yaml in `c:\\Users\\pacco\\Quizz\\dataconnect`\n"}}
[debug] [2026-06-05T04:23:36.806Z] E0605 05:23:36.805413   25116 watch.go:40] Failed to load config from "c:\\Users\\pacco\\Quizz\\dataconnect": could not find dataconnect.yaml in `c:\Users\pacco\Quizz\dataconnect`
 {"metadata":{"emulator":{"name":"dataconnect"},"message":"E0605 05:23:36.805413   25116 watch.go:40] Failed to load config from \"c:\\\\Users\\\\pacco\\\\Quizz\\\\dataconnect\": could not find dataconnect.yaml in `c:\\Users\\pacco\\Quizz\\dataconnect`\n"}}
[debug] [2026-06-05T04:23:46.805Z] E0605 05:23:46.805082   25116 watch.go:40] Failed to load config from "c:\\Users\\pacco\\Quizz\\dataconnect": could not find dataconnect.yaml in `c:\Users\pacco\Quizz\dataconnect`
 {"metadata":{"emulator":{"name":"dataconnect"},"message":"E0605 05:23:46.805082   25116 watch.go:40] Failed to load config from \"c:\\\\Users\\\\pacco\\\\Quizz\\\\dataconnect\": could not find dataconnect.yaml in `c:\\Users\\pacco\\Quizz\\dataconnect`\n"}}
[debug] [2026-06-05T04:23:56.806Z] E0605 05:23:56.805902   25116 watch.go:40] Failed to load config from "c:\\Users\\pacco\\Quizz\\dataconnect": could not find dataconnect.yaml in `c:\Users\pacco\Quizz\dataconnect`
 {"metadata":{"emulator":{"name":"dataconnect"},"message":"E0605 05:23:56.805902   25116 watch.go:40] Failed to load config from \"c:\\\\Users\\\\pacco\\\\Quizz\\\\dataconnect\": could not find dataconnect.yaml in `c:\\Users\\pacco\\Quizz\\dataconnect`\n"}}
[debug] [2026-06-05T04:24:06.806Z] E0605 05:24:06.805527   25116 watch.go:40] Failed to load config from "c:\\Users\\pacco\\Quizz\\dataconnect": could not find dataconnect.yaml in `c:\Users\pacco\Quizz\dataconnect`
 {"metadata":{"emulator":{"name":"dataconnect"},"message":"E0605 05:24:06.805527   25116 watch.go:40] Failed to load config from \"c:\\\\Users\\\\pacco\\\\Quizz\\\\dataconnect\": could not find dataconnect.yaml in `c:\\Users\\pacco\\Quizz\\dataconnect`\n"}}
[debug] [2026-06-05T04:24:16.805Z] E0605 05:24:16.805386   25116 watch.go:116] watchAllDir unable to walk dir `c:\Users\pacco\Quizz\dataconnect`: GetFileAttributesEx c:\Users\pacco\Quizz\dataconnect: The system cannot find the file specified.
 {"metadata":{"emulator":{"name":"dataconnect"},"message":"E0605 05:24:16.805386   25116 watch.go:116] watchAllDir unable to walk dir `c:\\Users\\pacco\\Quizz\\dataconnect`: GetFileAttributesEx c:\\Users\\pacco\\Quizz\\dataconnect: The system cannot find the file specified.\n"}}
[debug] [2026-06-05T04:24:16.806Z] E0605 05:24:16.805730   25116 watch.go:40] Failed to load config from "c:\\Users\\pacco\\Quizz\\dataconnect": could not find dataconnect.yaml in `c:\Users\pacco\Quizz\dataconnect`
 {"metadata":{"emulator":{"name":"dataconnect"},"message":"E0605 05:24:16.805730   25116 watch.go:40] Failed to load config from \"c:\\\\Users\\\\pacco\\\\Quizz\\\\dataconnect\": could not find dataconnect.yaml in `c:\\Users\\pacco\\Quizz\\dataconnect`\n"}}
[debug] [2026-06-05T04:24:26.805Z] E0605 05:24:26.805477   25116 watch.go:40] Failed to load config from "c:\\Users\\pacco\\Quizz\\dataconnect": could not find dataconnect.yaml in `c:\Users\pacco\Quizz\dataconnect`
 {"metadata":{"emulator":{"name":"dataconnect"},"message":"E0605 05:24:26.805477   25116 watch.go:40] Failed to load config from \"c:\\\\Users\\\\pacco\\\\Quizz\\\\dataconnect\": could not find dataconnect.yaml in `c:\\Users\\pacco\\Quizz\\dataconnect`\n"}}
[debug] [2026-06-05T04:24:36.807Z] E0605 05:24:36.806664   25116 watch.go:40] Failed to load config from "c:\\Users\\pacco\\Quizz\\dataconnect": could not find dataconnect.yaml in `c:\Users\pacco\Quizz\dataconnect`
 {"metadata":{"emulator":{"name":"dataconnect"},"message":"E0605 05:24:36.806664   25116 watch.go:40] Failed to load config from \"c:\\\\Users\\\\pacco\\\\Quizz\\\\dataconnect\": could not find dataconnect.yaml in `c:\\Users\\pacco\\Quizz\\dataconnect`\n"}}
[debug] [2026-06-05T04:24:46.806Z] E0605 05:24:46.806187   25116 watch.go:40] Failed to load config from "c:\\Users\\pacco\\Quizz\\dataconnect": could not find dataconnect.yaml in `c:\Users\pacco\Quizz\dataconnect`
 {"metadata":{"emulator":{"name":"dataconnect"},"message":"E0605 05:24:46.806187   25116 watch.go:40] Failed to load config from \"c:\\\\Users\\\\pacco\\\\Quizz\\\\dataconnect\": could not find dataconnect.yaml in `c:\\Users\\pacco\\Quizz\\dataconnect`\n"}}
[debug] [2026-06-05T04:24:56.805Z] E0605 05:24:56.805443   25116 watch.go:40] Failed to load config from "c:\\Users\\pacco\\Quizz\\dataconnect": could not find dataconnect.yaml in `c:\Users\pacco\Quizz\dataconnect`
 {"metadata":{"emulator":{"name":"dataconnect"},"message":"E0605 05:24:56.805443   25116 watch.go:40] Failed to load config from \"c:\\\\Users\\\\pacco\\\\Quizz\\\\dataconnect\": could not find dataconnect.yaml in `c:\\Users\\pacco\\Quizz\\dataconnect`\n"}}
[debug] [2026-06-05T04:25:06.806Z] E0605 05:25:06.805643   25116 watch.go:40] Failed to load config from "c:\\Users\\pacco\\Quizz\\dataconnect": could not find dataconnect.yaml in `c:\Users\pacco\Quizz\dataconnect`
 {"metadata":{"emulator":{"name":"dataconnect"},"message":"E0605 05:25:06.805643   25116 watch.go:40] Failed to load config from \"c:\\\\Users\\\\pacco\\\\Quizz\\\\dataconnect\": could not find dataconnect.yaml in `c:\\Users\\pacco\\Quizz\\dataconnect`\n"}}
[debug] [2026-06-05T04:25:16.805Z] E0605 05:25:16.804931   25116 watch.go:40] Failed to load config from "c:\\Users\\pacco\\Quizz\\dataconnect": could not find dataconnect.yaml in `c:\Users\pacco\Quizz\dataconnect`
 {"metadata":{"emulator":{"name":"dataconnect"},"message":"E0605 05:25:16.804931   25116 watch.go:40] Failed to load config from \"c:\\\\Users\\\\pacco\\\\Quizz\\\\dataconnect\": could not find dataconnect.yaml in `c:\\Users\\pacco\\Quizz\\dataconnect`\n"}}
[debug] [2026-06-05T04:25:16.806Z] E0605 05:25:16.805436   25116 watch.go:116] watchAllDir unable to walk dir `c:\Users\pacco\Quizz\dataconnect`: GetFileAttributesEx c:\Users\pacco\Quizz\dataconnect: The system cannot find the file specified.
 {"metadata":{"emulator":{"name":"dataconnect"},"message":"E0605 05:25:16.805436   25116 watch.go:116] watchAllDir unable to walk dir `c:\\Users\\pacco\\Quizz\\dataconnect`: GetFileAttributesEx c:\\Users\\pacco\\Quizz\\dataconnect: The system cannot find the file specified.\n"}}
[debug] [2026-06-05T04:25:26.805Z] E0605 05:25:26.805024   25116 watch.go:40] Failed to load config from "c:\\Users\\pacco\\Quizz\\dataconnect": could not find dataconnect.yaml in `c:\Users\pacco\Quizz\dataconnect`
 {"metadata":{"emulator":{"name":"dataconnect"},"message":"E0605 05:25:26.805024   25116 watch.go:40] Failed to load config from \"c:\\\\Users\\\\pacco\\\\Quizz\\\\dataconnect\": could not find dataconnect.yaml in `c:\\Users\\pacco\\Quizz\\dataconnect`\n"}}
[debug] [2026-06-05T04:25:36.805Z] E0605 05:25:36.805221   25116 watch.go:40] Failed to load config from "c:\\Users\\pacco\\Quizz\\dataconnect": could not find dataconnect.yaml in `c:\Users\pacco\Quizz\dataconnect`
 {"metadata":{"emulator":{"name":"dataconnect"},"message":"E0605 05:25:36.805221   25116 watch.go:40] Failed to load config from \"c:\\\\Users\\\\pacco\\\\Quizz\\\\dataconnect\": could not find dataconnect.yaml in `c:\\Users\\pacco\\Quizz\\dataconnect`\n"}}
[debug] [2026-06-05T04:25:46.805Z] E0605 05:25:46.805720   25116 watch.go:40] Failed to load config from "c:\\Users\\pacco\\Quizz\\dataconnect": could not find dataconnect.yaml in `c:\Users\pacco\Quizz\dataconnect`
 {"metadata":{"emulator":{"name":"dataconnect"},"message":"E0605 05:25:46.805720   25116 watch.go:40] Failed to load config from \"c:\\\\Users\\\\pacco\\\\Quizz\\\\dataconnect\": could not find dataconnect.yaml in `c:\\Users\\pacco\\Quizz\\dataconnect`\n"}}
[debug] [2026-06-05T04:25:56.805Z] E0605 05:25:56.805583   25116 watch.go:40] Failed to load config from "c:\\Users\\pacco\\Quizz\\dataconnect": could not find dataconnect.yaml in `c:\Users\pacco\Quizz\dataconnect`
 {"metadata":{"emulator":{"name":"dataconnect"},"message":"E0605 05:25:56.805583   25116 watch.go:40] Failed to load config from \"c:\\\\Users\\\\pacco\\\\Quizz\\\\dataconnect\": could not find dataconnect.yaml in `c:\\Users\\pacco\\Quizz\\dataconnect`\n"}}
[debug] [2026-06-05T04:26:06.805Z] E0605 05:26:06.805241   25116 watch.go:40] Failed to load config from "c:\\Users\\pacco\\Quizz\\dataconnect": could not find dataconnect.yaml in `c:\Users\pacco\Quizz\dataconnect`
 {"metadata":{"emulator":{"name":"dataconnect"},"message":"E0605 05:26:06.805241   25116 watch.go:40] Failed to load config from \"c:\\\\Users\\\\pacco\\\\Quizz\\\\dataconnect\": could not find dataconnect.yaml in `c:\\Users\\pacco\\Quizz\\dataconnect`\n"}}
[debug] [2026-06-05T04:26:16.805Z] E0605 05:26:16.805282   25116 watch.go:40] Failed to load config from "c:\\Users\\pacco\\Quizz\\dataconnect": could not find dataconnect.yaml in `c:\Users\pacco\Quizz\dataconnect`
 {"metadata":{"emulator":{"name":"dataconnect"},"message":"E0605 05:26:16.805282   25116 watch.go:40] Failed to load config from \"c:\\\\Users\\\\pacco\\\\Quizz\\\\dataconnect\": could not find dataconnect.yaml in `c:\\Users\\pacco\\Quizz\\dataconnect`\n"}}
[debug] [2026-06-05T04:26:16.806Z] E0605 05:26:16.805790   25116 watch.go:116] watchAllDir unable to walk dir `c:\Users\pacco\Quizz\dataconnect`: GetFileAttributesEx c:\Users\pacco\Quizz\dataconnect: The system cannot find the file specified.
 {"metadata":{"emulator":{"name":"dataconnect"},"message":"E0605 05:26:16.805790   25116 watch.go:116] watchAllDir unable to walk dir `c:\\Users\\pacco\\Quizz\\dataconnect`: GetFileAttributesEx c:\\Users\\pacco\\Quizz\\dataconnect: The system cannot find the file specified.\n"}}
[debug] [2026-06-05T04:26:26.805Z] E0605 05:26:26.805222   25116 watch.go:40] Failed to load config from "c:\\Users\\pacco\\Quizz\\dataconnect": could not find dataconnect.yaml in `c:\Users\pacco\Quizz\dataconnect`
 {"metadata":{"emulator":{"name":"dataconnect"},"message":"E0605 05:26:26.805222   25116 watch.go:40] Failed to load config from \"c:\\\\Users\\\\pacco\\\\Quizz\\\\dataconnect\": could not find dataconnect.yaml in `c:\\Users\\pacco\\Quizz\\dataconnect`\n"}}
[debug] [2026-06-05T04:26:36.806Z] E0605 05:26:36.805587   25116 watch.go:40] Failed to load config from "c:\\Users\\pacco\\Quizz\\dataconnect": could not find dataconnect.yaml in `c:\Users\pacco\Quizz\dataconnect`
 {"metadata":{"emulator":{"name":"dataconnect"},"message":"E0605 05:26:36.805587   25116 watch.go:40] Failed to load config from \"c:\\\\Users\\\\pacco\\\\Quizz\\\\dataconnect\": could not find dataconnect.yaml in `c:\\Users\\pacco\\Quizz\\dataconnect`\n"}}
[debug] [2026-06-05T04:26:46.805Z] E0605 05:26:46.805181   25116 watch.go:40] Failed to load config from "c:\\Users\\pacco\\Quizz\\dataconnect": could not find dataconnect.yaml in `c:\Users\pacco\Quizz\dataconnect`
 {"metadata":{"emulator":{"name":"dataconnect"},"message":"E0605 05:26:46.805181   25116 watch.go:40] Failed to load config from \"c:\\\\Users\\\\pacco\\\\Quizz\\\\dataconnect\": could not find dataconnect.yaml in `c:\\Users\\pacco\\Quizz\\dataconnect`\n"}}
[debug] [2026-06-05T04:26:56.805Z] E0605 05:26:56.805089   25116 watch.go:40] Failed to load config from "c:\\Users\\pacco\\Quizz\\dataconnect": could not find dataconnect.yaml in `c:\Users\pacco\Quizz\dataconnect`
 {"metadata":{"emulator":{"name":"dataconnect"},"message":"E0605 05:26:56.805089   25116 watch.go:40] Failed to load config from \"c:\\\\Users\\\\pacco\\\\Quizz\\\\dataconnect\": could not find dataconnect.yaml in `c:\\Users\\pacco\\Quizz\\dataconnect`\n"}}
[debug] [2026-06-05T04:27:06.806Z] E0605 05:27:06.806011   25116 watch.go:40] Failed to load config from "c:\\Users\\pacco\\Quizz\\dataconnect": could not find dataconnect.yaml in `c:\Users\pacco\Quizz\dataconnect`
 {"metadata":{"emulator":{"name":"dataconnect"},"message":"E0605 05:27:06.806011   25116 watch.go:40] Failed to load config from \"c:\\\\Users\\\\pacco\\\\Quizz\\\\dataconnect\": could not find dataconnect.yaml in `c:\\Users\\pacco\\Quizz\\dataconnect`\n"}}
[debug] [2026-06-05T04:27:16.805Z] E0605 05:27:16.805383   25116 watch.go:116] watchAllDir unable to walk dir `c:\Users\pacco\Quizz\dataconnect`: GetFileAttributesEx c:\Users\pacco\Quizz\dataconnect: The system cannot find the file specified.
E0605 05:27:16.805383   25116 watch.go:40] Failed to load config from "c:\\Users\\pacco\\Quizz\\dataconnect": could not find dataconnect.yaml in `c:\Users\pacco\Quizz\dataconnect`
 {"metadata":{"emulator":{"name":"dataconnect"},"message":"E0605 05:27:16.805383   25116 watch.go:116] watchAllDir unable to walk dir `c:\\Users\\pacco\\Quizz\\dataconnect`: GetFileAttributesEx c:\\Users\\pacco\\Quizz\\dataconnect: The system cannot find the file specified.\nE0605 05:27:16.805383   25116 watch.go:40] Failed to load config from \"c:\\\\Users\\\\pacco\\\\Quizz\\\\dataconnect\": could not find dataconnect.yaml in `c:\\Users\\pacco\\Quizz\\dataconnect`\n"}}
[debug] [2026-06-05T04:27:26.806Z] E0605 05:27:26.805558   25116 watch.go:40] Failed to load config from "c:\\Users\\pacco\\Quizz\\dataconnect": could not find dataconnect.yaml in `c:\Users\pacco\Quizz\dataconnect`
 {"metadata":{"emulator":{"name":"dataconnect"},"message":"E0605 05:27:26.805558   25116 watch.go:40] Failed to load config from \"c:\\\\Users\\\\pacco\\\\Quizz\\\\dataconnect\": could not find dataconnect.yaml in `c:\\Users\\pacco\\Quizz\\dataconnect`\n"}}
[debug] [2026-06-05T04:27:36.805Z] E0605 05:27:36.805342   25116 watch.go:40] Failed to load config from "c:\\Users\\pacco\\Quizz\\dataconnect": could not find dataconnect.yaml in `c:\Users\pacco\Quizz\dataconnect`
 {"metadata":{"emulator":{"name":"dataconnect"},"message":"E0605 05:27:36.805342   25116 watch.go:40] Failed to load config from \"c:\\\\Users\\\\pacco\\\\Quizz\\\\dataconnect\": could not find dataconnect.yaml in `c:\\Users\\pacco\\Quizz\\dataconnect`\n"}}
[debug] [2026-06-05T04:27:46.805Z] E0605 05:27:46.805511   25116 watch.go:40] Failed to load config from "c:\\Users\\pacco\\Quizz\\dataconnect": could not find dataconnect.yaml in `c:\Users\pacco\Quizz\dataconnect`
 {"metadata":{"emulator":{"name":"dataconnect"},"message":"E0605 05:27:46.805511   25116 watch.go:40] Failed to load config from \"c:\\\\Users\\\\pacco\\\\Quizz\\\\dataconnect\": could not find dataconnect.yaml in `c:\\Users\\pacco\\Quizz\\dataconnect`\n"}}
[debug] [2026-06-05T04:27:56.805Z] E0605 05:27:56.805220   25116 watch.go:40] Failed to load config from "c:\\Users\\pacco\\Quizz\\dataconnect": could not find dataconnect.yaml in `c:\Users\pacco\Quizz\dataconnect`
 {"metadata":{"emulator":{"name":"dataconnect"},"message":"E0605 05:27:56.805220   25116 watch.go:40] Failed to load config from \"c:\\\\Users\\\\pacco\\\\Quizz\\\\dataconnect\": could not find dataconnect.yaml in `c:\\Users\\pacco\\Quizz\\dataconnect`\n"}}
[debug] [2026-06-05T04:28:06.806Z] E0605 05:28:06.805681   25116 watch.go:40] Failed to load config from "c:\\Users\\pacco\\Quizz\\dataconnect": could not find dataconnect.yaml in `c:\Users\pacco\Quizz\dataconnect`
 {"metadata":{"emulator":{"name":"dataconnect"},"message":"E0605 05:28:06.805681   25116 watch.go:40] Failed to load config from \"c:\\\\Users\\\\pacco\\\\Quizz\\\\dataconnect\": could not find dataconnect.yaml in `c:\\Users\\pacco\\Quizz\\dataconnect`\n"}}
[debug] [2026-06-05T04:28:16.805Z] E0605 05:28:16.805206   25116 watch.go:40] Failed to load config from "c:\\Users\\pacco\\Quizz\\dataconnect": could not find dataconnect.yaml in `c:\Users\pacco\Quizz\dataconnect`
 {"metadata":{"emulator":{"name":"dataconnect"},"message":"E0605 05:28:16.805206   25116 watch.go:40] Failed to load config from \"c:\\\\Users\\\\pacco\\\\Quizz\\\\dataconnect\": could not find dataconnect.yaml in `c:\\Users\\pacco\\Quizz\\dataconnect`\n"}}
[debug] [2026-06-05T04:28:16.806Z] E0605 05:28:16.805790   25116 watch.go:116] watchAllDir unable to walk dir `c:\Users\pacco\Quizz\dataconnect`: GetFileAttributesEx c:\Users\pacco\Quizz\dataconnect: The system cannot find the file specified.
 {"metadata":{"emulator":{"name":"dataconnect"},"message":"E0605 05:28:16.805790   25116 watch.go:116] watchAllDir unable to walk dir `c:\\Users\\pacco\\Quizz\\dataconnect`: GetFileAttributesEx c:\\Users\\pacco\\Quizz\\dataconnect: The system cannot find the file specified.\n"}}
[debug] [2026-06-05T04:28:26.806Z] E0605 05:28:26.805648   25116 watch.go:40] Failed to load config from "c:\\Users\\pacco\\Quizz\\dataconnect": could not find dataconnect.yaml in `c:\Users\pacco\Quizz\dataconnect`
 {"metadata":{"emulator":{"name":"dataconnect"},"message":"E0605 05:28:26.805648   25116 watch.go:40] Failed to load config from \"c:\\\\Users\\\\pacco\\\\Quizz\\\\dataconnect\": could not find dataconnect.yaml in `c:\\Users\\pacco\\Quizz\\dataconnect`\n"}}
[debug] [2026-06-05T04:28:36.805Z] E0605 05:28:36.805382   25116 watch.go:40] Failed to load config from "c:\\Users\\pacco\\Quizz\\dataconnect": could not find dataconnect.yaml in `c:\Users\pacco\Quizz\dataconnect`
 {"metadata":{"emulator":{"name":"dataconnect"},"message":"E0605 05:28:36.805382   25116 watch.go:40] Failed to load config from \"c:\\\\Users\\\\pacco\\\\Quizz\\\\dataconnect\": could not find dataconnect.yaml in `c:\\Users\\pacco\\Quizz\\dataconnect`\n"}}
[debug] [2026-06-05T04:28:46.805Z] E0605 05:28:46.805384   25116 watch.go:40] Failed to load config from "c:\\Users\\pacco\\Quizz\\dataconnect": could not find dataconnect.yaml in `c:\Users\pacco\Quizz\dataconnect`
 {"metadata":{"emulator":{"name":"dataconnect"},"message":"E0605 05:28:46.805384   25116 watch.go:40] Failed to load config from \"c:\\\\Users\\\\pacco\\\\Quizz\\\\dataconnect\": could not find dataconnect.yaml in `c:\\Users\\pacco\\Quizz\\dataconnect`\n"}}
[debug] [2026-06-05T04:28:56.804Z] E0605 05:28:56.804844   25116 watch.go:40] Failed to load config from "c:\\Users\\pacco\\Quizz\\dataconnect": could not find dataconnect.yaml in `c:\Users\pacco\Quizz\dataconnect`
 {"metadata":{"emulator":{"name":"dataconnect"},"message":"E0605 05:28:56.804844   25116 watch.go:40] Failed to load config from \"c:\\\\Users\\\\pacco\\\\Quizz\\\\dataconnect\": could not find dataconnect.yaml in `c:\\Users\\pacco\\Quizz\\dataconnect`\n"}}
[debug] [2026-06-05T04:29:06.805Z] E0605 05:29:06.805472   25116 watch.go:40] Failed to load config from "c:\\Users\\pacco\\Quizz\\dataconnect": could not find dataconnect.yaml in `c:\Users\pacco\Quizz\dataconnect`
 {"metadata":{"emulator":{"name":"dataconnect"},"message":"E0605 05:29:06.805472   25116 watch.go:40] Failed to load config from \"c:\\\\Users\\\\pacco\\\\Quizz\\\\dataconnect\": could not find dataconnect.yaml in `c:\\Users\\pacco\\Quizz\\dataconnect`\n"}}
[debug] [2026-06-05T04:29:16.805Z] E0605 05:29:16.804920   25116 watch.go:40] Failed to load config from "c:\\Users\\pacco\\Quizz\\dataconnect": could not find dataconnect.yaml in `c:\Users\pacco\Quizz\dataconnect`
E0605 05:29:16.805425   25116 watch.go:116] watchAllDir unable to walk dir `c:\Users\pacco\Quizz\dataconnect`: GetFileAttributesEx c:\Users\pacco\Quizz\dataconnect: The system cannot find the file specified.
 {"metadata":{"emulator":{"name":"dataconnect"},"message":"E0605 05:29:16.804920   25116 watch.go:40] Failed to load config from \"c:\\\\Users\\\\pacco\\\\Quizz\\\\dataconnect\": could not find dataconnect.yaml in `c:\\Users\\pacco\\Quizz\\dataconnect`\nE0605 05:29:16.805425   25116 watch.go:116] watchAllDir unable to walk dir `c:\\Users\\pacco\\Quizz\\dataconnect`: GetFileAttributesEx c:\\Users\\pacco\\Quizz\\dataconnect: The system cannot find the file specified.\n"}}
[debug] [2026-06-05T04:29:26.805Z] E0605 05:29:26.805439   25116 watch.go:40] Failed to load config from "c:\\Users\\pacco\\Quizz\\dataconnect": could not find dataconnect.yaml in `c:\Users\pacco\Quizz\dataconnect`
 {"metadata":{"emulator":{"name":"dataconnect"},"message":"E0605 05:29:26.805439   25116 watch.go:40] Failed to load config from \"c:\\\\Users\\\\pacco\\\\Quizz\\\\dataconnect\": could not find dataconnect.yaml in `c:\\Users\\pacco\\Quizz\\dataconnect`\n"}}
[debug] [2026-06-05T04:29:36.805Z] E0605 05:29:36.804994   25116 watch.go:40] Failed to load config from "c:\\Users\\pacco\\Quizz\\dataconnect": could not find dataconnect.yaml in `c:\Users\pacco\Quizz\dataconnect`
 {"metadata":{"emulator":{"name":"dataconnect"},"message":"E0605 05:29:36.804994   25116 watch.go:40] Failed to load config from \"c:\\\\Users\\\\pacco\\\\Quizz\\\\dataconnect\": could not find dataconnect.yaml in `c:\\Users\\pacco\\Quizz\\dataconnect`\n"}}
[debug] [2026-06-05T04:29:46.806Z] E0605 05:29:46.805733   25116 watch.go:40] Failed to load config from "c:\\Users\\pacco\\Quizz\\dataconnect": could not find dataconnect.yaml in `c:\Users\pacco\Quizz\dataconnect`
 {"metadata":{"emulator":{"name":"dataconnect"},"message":"E0605 05:29:46.805733   25116 watch.go:40] Failed to load config from \"c:\\\\Users\\\\pacco\\\\Quizz\\\\dataconnect\": could not find dataconnect.yaml in `c:\\Users\\pacco\\Quizz\\dataconnect`\n"}}
[debug] [2026-06-05T04:29:56.805Z] E0605 05:29:56.805141   25116 watch.go:40] Failed to load config from "c:\\Users\\pacco\\Quizz\\dataconnect": could not find dataconnect.yaml in `c:\Users\pacco\Quizz\dataconnect`
 {"metadata":{"emulator":{"name":"dataconnect"},"message":"E0605 05:29:56.805141   25116 watch.go:40] Failed to load config from \"c:\\\\Users\\\\pacco\\\\Quizz\\\\dataconnect\": could not find dataconnect.yaml in `c:\\Users\\pacco\\Quizz\\dataconnect`\n"}}
[debug] [2026-06-05T04:30:06.805Z] E0605 05:30:06.805594   25116 watch.go:40] Failed to load config from "c:\\Users\\pacco\\Quizz\\dataconnect": could not find dataconnect.yaml in `c:\Users\pacco\Quizz\dataconnect`
 {"metadata":{"emulator":{"name":"dataconnect"},"message":"E0605 05:30:06.805594   25116 watch.go:40] Failed to load config from \"c:\\\\Users\\\\pacco\\\\Quizz\\\\dataconnect\": could not find dataconnect.yaml in `c:\\Users\\pacco\\Quizz\\dataconnect`\n"}}
[debug] [2026-06-05T04:30:16.805Z] E0605 05:30:16.805223   25116 watch.go:40] Failed to load config from "c:\\Users\\pacco\\Quizz\\dataconnect": could not find dataconnect.yaml in `c:\Users\pacco\Quizz\dataconnect`
 {"metadata":{"emulator":{"name":"dataconnect"},"message":"E0605 05:30:16.805223   25116 watch.go:40] Failed to load config from \"c:\\\\Users\\\\pacco\\\\Quizz\\\\dataconnect\": could not find dataconnect.yaml in `c:\\Users\\pacco\\Quizz\\dataconnect`\n"}}
[debug] [2026-06-05T04:30:16.805Z] E0605 05:30:16.805728   25116 watch.go:116] watchAllDir unable to walk dir `c:\Users\pacco\Quizz\dataconnect`: GetFileAttributesEx c:\Users\pacco\Quizz\dataconnect: The system cannot find the file specified.
 {"metadata":{"emulator":{"name":"dataconnect"},"message":"E0605 05:30:16.805728   25116 watch.go:116] watchAllDir unable to walk dir `c:\\Users\\pacco\\Quizz\\dataconnect`: GetFileAttributesEx c:\\Users\\pacco\\Quizz\\dataconnect: The system cannot find the file specified.\n"}}
[debug] [2026-06-05T04:30:26.808Z] E0605 05:30:26.807907   25116 watch.go:40] Failed to load config from "c:\\Users\\pacco\\Quizz\\dataconnect": could not find dataconnect.yaml in `c:\Users\pacco\Quizz\dataconnect`
 {"metadata":{"emulator":{"name":"dataconnect"},"message":"E0605 05:30:26.807907   25116 watch.go:40] Failed to load config from \"c:\\\\Users\\\\pacco\\\\Quizz\\\\dataconnect\": could not find dataconnect.yaml in `c:\\Users\\pacco\\Quizz\\dataconnect`\n"}}
[debug] [2026-06-05T04:30:36.805Z] E0605 05:30:36.805271   25116 watch.go:40] Failed to load config from "c:\\Users\\pacco\\Quizz\\dataconnect": could not find dataconnect.yaml in `c:\Users\pacco\Quizz\dataconnect`
 {"metadata":{"emulator":{"name":"dataconnect"},"message":"E0605 05:30:36.805271   25116 watch.go:40] Failed to load config from \"c:\\\\Users\\\\pacco\\\\Quizz\\\\dataconnect\": could not find dataconnect.yaml in `c:\\Users\\pacco\\Quizz\\dataconnect`\n"}}
[debug] [2026-06-05T04:30:46.805Z] E0605 05:30:46.805567   25116 watch.go:40] Failed to load config from "c:\\Users\\pacco\\Quizz\\dataconnect": could not find dataconnect.yaml in `c:\Users\pacco\Quizz\dataconnect`
 {"metadata":{"emulator":{"name":"dataconnect"},"message":"E0605 05:30:46.805567   25116 watch.go:40] Failed to load config from \"c:\\\\Users\\\\pacco\\\\Quizz\\\\dataconnect\": could not find dataconnect.yaml in `c:\\Users\\pacco\\Quizz\\dataconnect`\n"}}
[debug] [2026-06-05T04:30:56.805Z] E0605 05:30:56.805276   25116 watch.go:40] Failed to load config from "c:\\Users\\pacco\\Quizz\\dataconnect": could not find dataconnect.yaml in `c:\Users\pacco\Quizz\dataconnect`
 {"metadata":{"emulator":{"name":"dataconnect"},"message":"E0605 05:30:56.805276   25116 watch.go:40] Failed to load config from \"c:\\\\Users\\\\pacco\\\\Quizz\\\\dataconnect\": could not find dataconnect.yaml in `c:\\Users\\pacco\\Quizz\\dataconnect`\n"}}
[debug] [2026-06-05T04:31:06.805Z] E0605 05:31:06.805644   25116 watch.go:40] Failed to load config from "c:\\Users\\pacco\\Quizz\\dataconnect": could not find dataconnect.yaml in `c:\Users\pacco\Quizz\dataconnect`
 {"metadata":{"emulator":{"name":"dataconnect"},"message":"E0605 05:31:06.805644   25116 watch.go:40] Failed to load config from \"c:\\\\Users\\\\pacco\\\\Quizz\\\\dataconnect\": could not find dataconnect.yaml in `c:\\Users\\pacco\\Quizz\\dataconnect`\n"}}
[debug] [2026-06-05T04:31:16.806Z] E0605 05:31:16.805427   25116 watch.go:40] Failed to load config from "c:\\Users\\pacco\\Quizz\\dataconnect": could not find dataconnect.yaml in `c:\Users\pacco\Quizz\dataconnect`
E0605 05:31:16.806099   25116 watch.go:116] watchAllDir unable to walk dir `c:\Users\pacco\Quizz\dataconnect`: GetFileAttributesEx c:\Users\pacco\Quizz\dataconnect: The system cannot find the file specified.
 {"metadata":{"emulator":{"name":"dataconnect"},"message":"E0605 05:31:16.805427   25116 watch.go:40] Failed to load config from \"c:\\\\Users\\\\pacco\\\\Quizz\\\\dataconnect\": could not find dataconnect.yaml in `c:\\Users\\pacco\\Quizz\\dataconnect`\nE0605 05:31:16.806099   25116 watch.go:116] watchAllDir unable to walk dir `c:\\Users\\pacco\\Quizz\\dataconnect`: GetFileAttributesEx c:\\Users\\pacco\\Quizz\\dataconnect: The system cannot find the file specified.\n"}}
[debug] [2026-06-05T04:31:26.814Z] E0605 05:31:26.814425   25116 watch.go:40] Failed to load config from "c:\\Users\\pacco\\Quizz\\dataconnect": could not find dataconnect.yaml in `c:\Users\pacco\Quizz\dataconnect`
 {"metadata":{"emulator":{"name":"dataconnect"},"message":"E0605 05:31:26.814425   25116 watch.go:40] Failed to load config from \"c:\\\\Users\\\\pacco\\\\Quizz\\\\dataconnect\": could not find dataconnect.yaml in `c:\\Users\\pacco\\Quizz\\dataconnect`\n"}}
[debug] [2026-06-05T04:31:36.806Z] E0605 05:31:36.806319   25116 watch.go:40] Failed to load config from "c:\\Users\\pacco\\Quizz\\dataconnect": could not find dataconnect.yaml in `c:\Users\pacco\Quizz\dataconnect`
 {"metadata":{"emulator":{"name":"dataconnect"},"message":"E0605 05:31:36.806319   25116 watch.go:40] Failed to load config from \"c:\\\\Users\\\\pacco\\\\Quizz\\\\dataconnect\": could not find dataconnect.yaml in `c:\\Users\\pacco\\Quizz\\dataconnect`\n"}}
[debug] [2026-06-05T04:31:46.805Z] E0605 05:31:46.805284   25116 watch.go:40] Failed to load config from "c:\\Users\\pacco\\Quizz\\dataconnect": could not find dataconnect.yaml in `c:\Users\pacco\Quizz\dataconnect`
 {"metadata":{"emulator":{"name":"dataconnect"},"message":"E0605 05:31:46.805284   25116 watch.go:40] Failed to load config from \"c:\\\\Users\\\\pacco\\\\Quizz\\\\dataconnect\": could not find dataconnect.yaml in `c:\\Users\\pacco\\Quizz\\dataconnect`\n"}}
[debug] [2026-06-05T04:31:56.805Z] E0605 05:31:56.805024   25116 watch.go:40] Failed to load config from "c:\\Users\\pacco\\Quizz\\dataconnect": could not find dataconnect.yaml in `c:\Users\pacco\Quizz\dataconnect`
 {"metadata":{"emulator":{"name":"dataconnect"},"message":"E0605 05:31:56.805024   25116 watch.go:40] Failed to load config from \"c:\\\\Users\\\\pacco\\\\Quizz\\\\dataconnect\": could not find dataconnect.yaml in `c:\\Users\\pacco\\Quizz\\dataconnect`\n"}}
[debug] [2026-06-05T04:32:06.805Z] E0605 05:32:06.805022   25116 watch.go:40] Failed to load config from "c:\\Users\\pacco\\Quizz\\dataconnect": could not find dataconnect.yaml in `c:\Users\pacco\Quizz\dataconnect`
 {"metadata":{"emulator":{"name":"dataconnect"},"message":"E0605 05:32:06.805022   25116 watch.go:40] Failed to load config from \"c:\\\\Users\\\\pacco\\\\Quizz\\\\dataconnect\": could not find dataconnect.yaml in `c:\\Users\\pacco\\Quizz\\dataconnect`\n"}}
[debug] [2026-06-05T04:32:16.835Z] E0605 05:32:16.835347   25116 watch.go:116] watchAllDir unable to walk dir `c:\Users\pacco\Quizz\dataconnect`: GetFileAttributesEx c:\Users\pacco\Quizz\dataconnect: The system cannot find the file specified.
 {"metadata":{"emulator":{"name":"dataconnect"},"message":"E0605 05:32:16.835347   25116 watch.go:116] watchAllDir unable to walk dir `c:\\Users\\pacco\\Quizz\\dataconnect`: GetFileAttributesEx c:\\Users\\pacco\\Quizz\\dataconnect: The system cannot find the file specified.\n"}}
[debug] [2026-06-05T04:32:16.837Z] E0605 05:32:16.836868   25116 watch.go:40] Failed to load config from "c:\\Users\\pacco\\Quizz\\dataconnect": could not find dataconnect.yaml in `c:\Users\pacco\Quizz\dataconnect`
 {"metadata":{"emulator":{"name":"dataconnect"},"message":"E0605 05:32:16.836868   25116 watch.go:40] Failed to load config from \"c:\\\\Users\\\\pacco\\\\Quizz\\\\dataconnect\": could not find dataconnect.yaml in `c:\\Users\\pacco\\Quizz\\dataconnect`\n"}}
[debug] [2026-06-05T04:32:26.805Z] E0605 05:32:26.805106   25116 watch.go:40] Failed to load config from "c:\\Users\\pacco\\Quizz\\dataconnect": could not find dataconnect.yaml in `c:\Users\pacco\Quizz\dataconnect`
 {"metadata":{"emulator":{"name":"dataconnect"},"message":"E0605 05:32:26.805106   25116 watch.go:40] Failed to load config from \"c:\\\\Users\\\\pacco\\\\Quizz\\\\dataconnect\": could not find dataconnect.yaml in `c:\\Users\\pacco\\Quizz\\dataconnect`\n"}}
[debug] [2026-06-05T04:32:36.806Z] E0605 05:32:36.805945   25116 watch.go:40] Failed to load config from "c:\\Users\\pacco\\Quizz\\dataconnect": could not find dataconnect.yaml in `c:\Users\pacco\Quizz\dataconnect`
 {"metadata":{"emulator":{"name":"dataconnect"},"message":"E0605 05:32:36.805945   25116 watch.go:40] Failed to load config from \"c:\\\\Users\\\\pacco\\\\Quizz\\\\dataconnect\": could not find dataconnect.yaml in `c:\\Users\\pacco\\Quizz\\dataconnect`\n"}}
[debug] [2026-06-05T04:32:46.805Z] E0605 05:32:46.805559   25116 watch.go:40] Failed to load config from "c:\\Users\\pacco\\Quizz\\dataconnect": could not find dataconnect.yaml in `c:\Users\pacco\Quizz\dataconnect`
 {"metadata":{"emulator":{"name":"dataconnect"},"message":"E0605 05:32:46.805559   25116 watch.go:40] Failed to load config from \"c:\\\\Users\\\\pacco\\\\Quizz\\\\dataconnect\": could not find dataconnect.yaml in `c:\\Users\\pacco\\Quizz\\dataconnect`\n"}}
[debug] [2026-06-05T04:32:56.806Z] E0605 05:32:56.805731   25116 watch.go:40] Failed to load config from "c:\\Users\\pacco\\Quizz\\dataconnect": could not find dataconnect.yaml in `c:\Users\pacco\Quizz\dataconnect`
 {"metadata":{"emulator":{"name":"dataconnect"},"message":"E0605 05:32:56.805731   25116 watch.go:40] Failed to load config from \"c:\\\\Users\\\\pacco\\\\Quizz\\\\dataconnect\": could not find dataconnect.yaml in `c:\\Users\\pacco\\Quizz\\dataconnect`\n"}}
[debug] [2026-06-05T04:33:06.806Z] E0605 05:33:06.806029   25116 watch.go:40] Failed to load config from "c:\\Users\\pacco\\Quizz\\dataconnect": could not find dataconnect.yaml in `c:\Users\pacco\Quizz\dataconnect`
 {"metadata":{"emulator":{"name":"dataconnect"},"message":"E0605 05:33:06.806029   25116 watch.go:40] Failed to load config from \"c:\\\\Users\\\\pacco\\\\Quizz\\\\dataconnect\": could not find dataconnect.yaml in `c:\\Users\\pacco\\Quizz\\dataconnect`\n"}}
[debug] [2026-06-05T04:33:16.806Z] E0605 05:33:16.805720   25116 watch.go:116] watchAllDir unable to walk dir `c:\Users\pacco\Quizz\dataconnect`: GetFileAttributesEx c:\Users\pacco\Quizz\dataconnect: The system cannot find the file specified.
 {"metadata":{"emulator":{"name":"dataconnect"},"message":"E0605 05:33:16.805720   25116 watch.go:116] watchAllDir unable to walk dir `c:\\Users\\pacco\\Quizz\\dataconnect`: GetFileAttributesEx c:\\Users\\pacco\\Quizz\\dataconnect: The system cannot find the file specified.\n"}}
[debug] [2026-06-05T04:33:16.807Z] E0605 05:33:16.806109   25116 watch.go:40] Failed to load config from "c:\\Users\\pacco\\Quizz\\dataconnect": could not find dataconnect.yaml in `c:\Users\pacco\Quizz\dataconnect`
 {"metadata":{"emulator":{"name":"dataconnect"},"message":"E0605 05:33:16.806109   25116 watch.go:40] Failed to load config from \"c:\\\\Users\\\\pacco\\\\Quizz\\\\dataconnect\": could not find dataconnect.yaml in `c:\\Users\\pacco\\Quizz\\dataconnect`\n"}}
[debug] [2026-06-05T04:33:26.806Z] E0605 05:33:26.805384   25116 watch.go:40] Failed to load config from "c:\\Users\\pacco\\Quizz\\dataconnect": could not find dataconnect.yaml in `c:\Users\pacco\Quizz\dataconnect`
 {"metadata":{"emulator":{"name":"dataconnect"},"message":"E0605 05:33:26.805384   25116 watch.go:40] Failed to load config from \"c:\\\\Users\\\\pacco\\\\Quizz\\\\dataconnect\": could not find dataconnect.yaml in `c:\\Users\\pacco\\Quizz\\dataconnect`\n"}}
[debug] [2026-06-05T04:33:36.806Z] E0605 05:33:36.805867   25116 watch.go:40] Failed to load config from "c:\\Users\\pacco\\Quizz\\dataconnect": could not find dataconnect.yaml in `c:\Users\pacco\Quizz\dataconnect`
 {"metadata":{"emulator":{"name":"dataconnect"},"message":"E0605 05:33:36.805867   25116 watch.go:40] Failed to load config from \"c:\\\\Users\\\\pacco\\\\Quizz\\\\dataconnect\": could not find dataconnect.yaml in `c:\\Users\\pacco\\Quizz\\dataconnect`\n"}}
[debug] [2026-06-05T04:33:46.806Z] E0605 05:33:46.805772   25116 watch.go:40] Failed to load config from "c:\\Users\\pacco\\Quizz\\dataconnect": could not find dataconnect.yaml in `c:\Users\pacco\Quizz\dataconnect`
 {"metadata":{"emulator":{"name":"dataconnect"},"message":"E0605 05:33:46.805772   25116 watch.go:40] Failed to load config from \"c:\\\\Users\\\\pacco\\\\Quizz\\\\dataconnect\": could not find dataconnect.yaml in `c:\\Users\\pacco\\Quizz\\dataconnect`\n"}}
[debug] [2026-06-05T04:33:56.806Z] E0605 05:33:56.805424   25116 watch.go:40] Failed to load config from "c:\\Users\\pacco\\Quizz\\dataconnect": could not find dataconnect.yaml in `c:\Users\pacco\Quizz\dataconnect`
 {"metadata":{"emulator":{"name":"dataconnect"},"message":"E0605 05:33:56.805424   25116 watch.go:40] Failed to load config from \"c:\\\\Users\\\\pacco\\\\Quizz\\\\dataconnect\": could not find dataconnect.yaml in `c:\\Users\\pacco\\Quizz\\dataconnect`\n"}}
[debug] [2026-06-05T04:34:06.805Z] E0605 05:34:06.805199   25116 watch.go:40] Failed to load config from "c:\\Users\\pacco\\Quizz\\dataconnect": could not find dataconnect.yaml in `c:\Users\pacco\Quizz\dataconnect`
 {"metadata":{"emulator":{"name":"dataconnect"},"message":"E0605 05:34:06.805199   25116 watch.go:40] Failed to load config from \"c:\\\\Users\\\\pacco\\\\Quizz\\\\dataconnect\": could not find dataconnect.yaml in `c:\\Users\\pacco\\Quizz\\dataconnect`\n"}}
[debug] [2026-06-05T04:34:16.806Z] E0605 05:34:16.805547   25116 watch.go:116] watchAllDir unable to walk dir `c:\Users\pacco\Quizz\dataconnect`: GetFileAttributesEx c:\Users\pacco\Quizz\dataconnect: The system cannot find the file specified.
 {"metadata":{"emulator":{"name":"dataconnect"},"message":"E0605 05:34:16.805547   25116 watch.go:116] watchAllDir unable to walk dir `c:\\Users\\pacco\\Quizz\\dataconnect`: GetFileAttributesEx c:\\Users\\pacco\\Quizz\\dataconnect: The system cannot find the file specified.\n"}}
[debug] [2026-06-05T04:34:16.806Z] E0605 05:34:16.806243   25116 watch.go:40] Failed to load config from "c:\\Users\\pacco\\Quizz\\dataconnect": could not find dataconnect.yaml in `c:\Users\pacco\Quizz\dataconnect`
 {"metadata":{"emulator":{"name":"dataconnect"},"message":"E0605 05:34:16.806243   25116 watch.go:40] Failed to load config from \"c:\\\\Users\\\\pacco\\\\Quizz\\\\dataconnect\": could not find dataconnect.yaml in `c:\\Users\\pacco\\Quizz\\dataconnect`\n"}}
[debug] [2026-06-05T04:34:26.806Z] E0605 05:34:26.806307   25116 watch.go:40] Failed to load config from "c:\\Users\\pacco\\Quizz\\dataconnect": could not find dataconnect.yaml in `c:\Users\pacco\Quizz\dataconnect`
 {"metadata":{"emulator":{"name":"dataconnect"},"message":"E0605 05:34:26.806307   25116 watch.go:40] Failed to load config from \"c:\\\\Users\\\\pacco\\\\Quizz\\\\dataconnect\": could not find dataconnect.yaml in `c:\\Users\\pacco\\Quizz\\dataconnect`\n"}}
[debug] [2026-06-05T04:34:36.805Z] E0605 05:34:36.805081   25116 watch.go:40] Failed to load config from "c:\\Users\\pacco\\Quizz\\dataconnect": could not find dataconnect.yaml in `c:\Users\pacco\Quizz\dataconnect`
 {"metadata":{"emulator":{"name":"dataconnect"},"message":"E0605 05:34:36.805081   25116 watch.go:40] Failed to load config from \"c:\\\\Users\\\\pacco\\\\Quizz\\\\dataconnect\": could not find dataconnect.yaml in `c:\\Users\\pacco\\Quizz\\dataconnect`\n"}}
[debug] [2026-06-05T04:34:46.805Z] E0605 05:34:46.805084   25116 watch.go:40] Failed to load config from "c:\\Users\\pacco\\Quizz\\dataconnect": could not find dataconnect.yaml in `c:\Users\pacco\Quizz\dataconnect`
 {"metadata":{"emulator":{"name":"dataconnect"},"message":"E0605 05:34:46.805084   25116 watch.go:40] Failed to load config from \"c:\\\\Users\\\\pacco\\\\Quizz\\\\dataconnect\": could not find dataconnect.yaml in `c:\\Users\\pacco\\Quizz\\dataconnect`\n"}}
[debug] [2026-06-05T04:34:56.805Z] E0605 05:34:56.805336   25116 watch.go:40] Failed to load config from "c:\\Users\\pacco\\Quizz\\dataconnect": could not find dataconnect.yaml in `c:\Users\pacco\Quizz\dataconnect`
 {"metadata":{"emulator":{"name":"dataconnect"},"message":"E0605 05:34:56.805336   25116 watch.go:40] Failed to load config from \"c:\\\\Users\\\\pacco\\\\Quizz\\\\dataconnect\": could not find dataconnect.yaml in `c:\\Users\\pacco\\Quizz\\dataconnect`\n"}}
[debug] [2026-06-05T04:35:06.805Z] E0605 05:35:06.805459   25116 watch.go:40] Failed to load config from "c:\\Users\\pacco\\Quizz\\dataconnect": could not find dataconnect.yaml in `c:\Users\pacco\Quizz\dataconnect`
 {"metadata":{"emulator":{"name":"dataconnect"},"message":"E0605 05:35:06.805459   25116 watch.go:40] Failed to load config from \"c:\\\\Users\\\\pacco\\\\Quizz\\\\dataconnect\": could not find dataconnect.yaml in `c:\\Users\\pacco\\Quizz\\dataconnect`\n"}}
[debug] [2026-06-05T04:35:16.805Z] E0605 05:35:16.805152   25116 watch.go:40] Failed to load config from "c:\\Users\\pacco\\Quizz\\dataconnect": could not find dataconnect.yaml in `c:\Users\pacco\Quizz\dataconnect`
 {"metadata":{"emulator":{"name":"dataconnect"},"message":"E0605 05:35:16.805152   25116 watch.go:40] Failed to load config from \"c:\\\\Users\\\\pacco\\\\Quizz\\\\dataconnect\": could not find dataconnect.yaml in `c:\\Users\\pacco\\Quizz\\dataconnect`\n"}}
[debug] [2026-06-05T04:35:16.806Z] E0605 05:35:16.805689   25116 watch.go:116] watchAllDir unable to walk dir `c:\Users\pacco\Quizz\dataconnect`: GetFileAttributesEx c:\Users\pacco\Quizz\dataconnect: The system cannot find the file specified.
 {"metadata":{"emulator":{"name":"dataconnect"},"message":"E0605 05:35:16.805689   25116 watch.go:116] watchAllDir unable to walk dir `c:\\Users\\pacco\\Quizz\\dataconnect`: GetFileAttributesEx c:\\Users\\pacco\\Quizz\\dataconnect: The system cannot find the file specified.\n"}}
[debug] [2026-06-05T04:35:26.806Z] E0605 05:35:26.805741   25116 watch.go:40] Failed to load config from "c:\\Users\\pacco\\Quizz\\dataconnect": could not find dataconnect.yaml in `c:\Users\pacco\Quizz\dataconnect`
 {"metadata":{"emulator":{"name":"dataconnect"},"message":"E0605 05:35:26.805741   25116 watch.go:40] Failed to load config from \"c:\\\\Users\\\\pacco\\\\Quizz\\\\dataconnect\": could not find dataconnect.yaml in `c:\\Users\\pacco\\Quizz\\dataconnect`\n"}}
[debug] [2026-06-05T04:35:36.806Z] E0605 05:35:36.806007   25116 watch.go:40] Failed to load config from "c:\\Users\\pacco\\Quizz\\dataconnect": could not find dataconnect.yaml in `c:\Users\pacco\Quizz\dataconnect`
 {"metadata":{"emulator":{"name":"dataconnect"},"message":"E0605 05:35:36.806007   25116 watch.go:40] Failed to load config from \"c:\\\\Users\\\\pacco\\\\Quizz\\\\dataconnect\": could not find dataconnect.yaml in `c:\\Users\\pacco\\Quizz\\dataconnect`\n"}}
[debug] [2026-06-05T04:35:46.805Z] E0605 05:35:46.805636   25116 watch.go:40] Failed to load config from "c:\\Users\\pacco\\Quizz\\dataconnect": could not find dataconnect.yaml in `c:\Users\pacco\Quizz\dataconnect`
 {"metadata":{"emulator":{"name":"dataconnect"},"message":"E0605 05:35:46.805636   25116 watch.go:40] Failed to load config from \"c:\\\\Users\\\\pacco\\\\Quizz\\\\dataconnect\": could not find dataconnect.yaml in `c:\\Users\\pacco\\Quizz\\dataconnect`\n"}}
[debug] [2026-06-05T04:35:56.805Z] E0605 05:35:56.805357   25116 watch.go:40] Failed to load config from "c:\\Users\\pacco\\Quizz\\dataconnect": could not find dataconnect.yaml in `c:\Users\pacco\Quizz\dataconnect`
 {"metadata":{"emulator":{"name":"dataconnect"},"message":"E0605 05:35:56.805357   25116 watch.go:40] Failed to load config from \"c:\\\\Users\\\\pacco\\\\Quizz\\\\dataconnect\": could not find dataconnect.yaml in `c:\\Users\\pacco\\Quizz\\dataconnect`\n"}}
[debug] [2026-06-05T04:36:06.805Z] E0605 05:36:06.805077   25116 watch.go:40] Failed to load config from "c:\\Users\\pacco\\Quizz\\dataconnect": could not find dataconnect.yaml in `c:\Users\pacco\Quizz\dataconnect`
 {"metadata":{"emulator":{"name":"dataconnect"},"message":"E0605 05:36:06.805077   25116 watch.go:40] Failed to load config from \"c:\\\\Users\\\\pacco\\\\Quizz\\\\dataconnect\": could not find dataconnect.yaml in `c:\\Users\\pacco\\Quizz\\dataconnect`\n"}}
[debug] [2026-06-05T04:36:16.805Z] E0605 05:36:16.805368   25116 watch.go:116] watchAllDir unable to walk dir `c:\Users\pacco\Quizz\dataconnect`: GetFileAttributesEx c:\Users\pacco\Quizz\dataconnect: The system cannot find the file specified.
E0605 05:36:16.805368   25116 watch.go:40] Failed to load config from "c:\\Users\\pacco\\Quizz\\dataconnect": could not find dataconnect.yaml in `c:\Users\pacco\Quizz\dataconnect`
 {"metadata":{"emulator":{"name":"dataconnect"},"message":"E0605 05:36:16.805368   25116 watch.go:116] watchAllDir unable to walk dir `c:\\Users\\pacco\\Quizz\\dataconnect`: GetFileAttributesEx c:\\Users\\pacco\\Quizz\\dataconnect: The system cannot find the file specified.\nE0605 05:36:16.805368   25116 watch.go:40] Failed to load config from \"c:\\\\Users\\\\pacco\\\\Quizz\\\\dataconnect\": could not find dataconnect.yaml in `c:\\Users\\pacco\\Quizz\\dataconnect`\n"}}
[debug] [2026-06-05T04:36:26.805Z] E0605 05:36:26.805391   25116 watch.go:40] Failed to load config from "c:\\Users\\pacco\\Quizz\\dataconnect": could not find dataconnect.yaml in `c:\Users\pacco\Quizz\dataconnect`
 {"metadata":{"emulator":{"name":"dataconnect"},"message":"E0605 05:36:26.805391   25116 watch.go:40] Failed to load config from \"c:\\\\Users\\\\pacco\\\\Quizz\\\\dataconnect\": could not find dataconnect.yaml in `c:\\Users\\pacco\\Quizz\\dataconnect`\n"}}
[debug] [2026-06-05T04:36:36.805Z] E0605 05:36:36.805320   25116 watch.go:40] Failed to load config from "c:\\Users\\pacco\\Quizz\\dataconnect": could not find dataconnect.yaml in `c:\Users\pacco\Quizz\dataconnect`
 {"metadata":{"emulator":{"name":"dataconnect"},"message":"E0605 05:36:36.805320   25116 watch.go:40] Failed to load config from \"c:\\\\Users\\\\pacco\\\\Quizz\\\\dataconnect\": could not find dataconnect.yaml in `c:\\Users\\pacco\\Quizz\\dataconnect`\n"}}
[debug] [2026-06-05T04:36:46.805Z] E0605 05:36:46.805497   25116 watch.go:40] Failed to load config from "c:\\Users\\pacco\\Quizz\\dataconnect": could not find dataconnect.yaml in `c:\Users\pacco\Quizz\dataconnect`
 {"metadata":{"emulator":{"name":"dataconnect"},"message":"E0605 05:36:46.805497   25116 watch.go:40] Failed to load config from \"c:\\\\Users\\\\pacco\\\\Quizz\\\\dataconnect\": could not find dataconnect.yaml in `c:\\Users\\pacco\\Quizz\\dataconnect`\n"}}
[debug] [2026-06-05T04:36:56.806Z] E0605 05:36:56.805439   25116 watch.go:40] Failed to load config from "c:\\Users\\pacco\\Quizz\\dataconnect": could not find dataconnect.yaml in `c:\Users\pacco\Quizz\dataconnect`
 {"metadata":{"emulator":{"name":"dataconnect"},"message":"E0605 05:36:56.805439   25116 watch.go:40] Failed to load config from \"c:\\\\Users\\\\pacco\\\\Quizz\\\\dataconnect\": could not find dataconnect.yaml in `c:\\Users\\pacco\\Quizz\\dataconnect`\n"}}
[debug] [2026-06-05T04:37:06.805Z] E0605 05:37:06.805453   25116 watch.go:40] Failed to load config from "c:\\Users\\pacco\\Quizz\\dataconnect": could not find dataconnect.yaml in `c:\Users\pacco\Quizz\dataconnect`
 {"metadata":{"emulator":{"name":"dataconnect"},"message":"E0605 05:37:06.805453   25116 watch.go:40] Failed to load config from \"c:\\\\Users\\\\pacco\\\\Quizz\\\\dataconnect\": could not find dataconnect.yaml in `c:\\Users\\pacco\\Quizz\\dataconnect`\n"}}
[debug] [2026-06-05T04:37:16.805Z] E0605 05:37:16.805622   25116 watch.go:116] watchAllDir unable to walk dir `c:\Users\pacco\Quizz\dataconnect`: GetFileAttributesEx c:\Users\pacco\Quizz\dataconnect: The system cannot find the file specified.
 {"metadata":{"emulator":{"name":"dataconnect"},"message":"E0605 05:37:16.805622   25116 watch.go:116] watchAllDir unable to walk dir `c:\\Users\\pacco\\Quizz\\dataconnect`: GetFileAttributesEx c:\\Users\\pacco\\Quizz\\dataconnect: The system cannot find the file specified.\n"}}
[debug] [2026-06-05T04:37:16.806Z] E0605 05:37:16.805622   25116 watch.go:40] Failed to load config from "c:\\Users\\pacco\\Quizz\\dataconnect": could not find dataconnect.yaml in `c:\Users\pacco\Quizz\dataconnect`
 {"metadata":{"emulator":{"name":"dataconnect"},"message":"E0605 05:37:16.805622   25116 watch.go:40] Failed to load config from \"c:\\\\Users\\\\pacco\\\\Quizz\\\\dataconnect\": could not find dataconnect.yaml in `c:\\Users\\pacco\\Quizz\\dataconnect`\n"}}
[debug] [2026-06-05T04:37:26.805Z] E0605 05:37:26.805356   25116 watch.go:40] Failed to load config from "c:\\Users\\pacco\\Quizz\\dataconnect": could not find dataconnect.yaml in `c:\Users\pacco\Quizz\dataconnect`
 {"metadata":{"emulator":{"name":"dataconnect"},"message":"E0605 05:37:26.805356   25116 watch.go:40] Failed to load config from \"c:\\\\Users\\\\pacco\\\\Quizz\\\\dataconnect\": could not find dataconnect.yaml in `c:\\Users\\pacco\\Quizz\\dataconnect`\n"}}
[debug] [2026-06-05T04:37:36.805Z] E0605 05:37:36.805205   25116 watch.go:40] Failed to load config from "c:\\Users\\pacco\\Quizz\\dataconnect": could not find dataconnect.yaml in `c:\Users\pacco\Quizz\dataconnect`
 {"metadata":{"emulator":{"name":"dataconnect"},"message":"E0605 05:37:36.805205   25116 watch.go:40] Failed to load config from \"c:\\\\Users\\\\pacco\\\\Quizz\\\\dataconnect\": could not find dataconnect.yaml in `c:\\Users\\pacco\\Quizz\\dataconnect`\n"}}
[debug] [2026-06-05T04:37:46.805Z] E0605 05:37:46.805560   25116 watch.go:40] Failed to load config from "c:\\Users\\pacco\\Quizz\\dataconnect": could not find dataconnect.yaml in `c:\Users\pacco\Quizz\dataconnect`
 {"metadata":{"emulator":{"name":"dataconnect"},"message":"E0605 05:37:46.805560   25116 watch.go:40] Failed to load config from \"c:\\\\Users\\\\pacco\\\\Quizz\\\\dataconnect\": could not find dataconnect.yaml in `c:\\Users\\pacco\\Quizz\\dataconnect`\n"}}
[debug] [2026-06-05T04:37:56.805Z] E0605 05:37:56.805120   25116 watch.go:40] Failed to load config from "c:\\Users\\pacco\\Quizz\\dataconnect": could not find dataconnect.yaml in `c:\Users\pacco\Quizz\dataconnect`
 {"metadata":{"emulator":{"name":"dataconnect"},"message":"E0605 05:37:56.805120   25116 watch.go:40] Failed to load config from \"c:\\\\Users\\\\pacco\\\\Quizz\\\\dataconnect\": could not find dataconnect.yaml in `c:\\Users\\pacco\\Quizz\\dataconnect`\n"}}
[debug] [2026-06-05T04:38:06.805Z] E0605 05:38:06.805077   25116 watch.go:40] Failed to load config from "c:\\Users\\pacco\\Quizz\\dataconnect": could not find dataconnect.yaml in `c:\Users\pacco\Quizz\dataconnect`
 {"metadata":{"emulator":{"name":"dataconnect"},"message":"E0605 05:38:06.805077   25116 watch.go:40] Failed to load config from \"c:\\\\Users\\\\pacco\\\\Quizz\\\\dataconnect\": could not find dataconnect.yaml in `c:\\Users\\pacco\\Quizz\\dataconnect`\n"}}
[debug] [2026-06-05T04:38:16.805Z] E0605 05:38:16.804972   25116 watch.go:40] Failed to load config from "c:\\Users\\pacco\\Quizz\\dataconnect": could not find dataconnect.yaml in `c:\Users\pacco\Quizz\dataconnect`
 {"metadata":{"emulator":{"name":"dataconnect"},"message":"E0605 05:38:16.804972   25116 watch.go:40] Failed to load config from \"c:\\\\Users\\\\pacco\\\\Quizz\\\\dataconnect\": could not find dataconnect.yaml in `c:\\Users\\pacco\\Quizz\\dataconnect`\n"}}
[debug] [2026-06-05T04:38:16.806Z] E0605 05:38:16.805698   25116 watch.go:116] watchAllDir unable to walk dir `c:\Users\pacco\Quizz\dataconnect`: GetFileAttributesEx c:\Users\pacco\Quizz\dataconnect: The system cannot find the file specified.
 {"metadata":{"emulator":{"name":"dataconnect"},"message":"E0605 05:38:16.805698   25116 watch.go:116] watchAllDir unable to walk dir `c:\\Users\\pacco\\Quizz\\dataconnect`: GetFileAttributesEx c:\\Users\\pacco\\Quizz\\dataconnect: The system cannot find the file specified.\n"}}
[debug] [2026-06-05T04:38:26.806Z] E0605 05:38:26.805497   25116 watch.go:40] Failed to load config from "c:\\Users\\pacco\\Quizz\\dataconnect": could not find dataconnect.yaml in `c:\Users\pacco\Quizz\dataconnect`
 {"metadata":{"emulator":{"name":"dataconnect"},"message":"E0605 05:38:26.805497   25116 watch.go:40] Failed to load config from \"c:\\\\Users\\\\pacco\\\\Quizz\\\\dataconnect\": could not find dataconnect.yaml in `c:\\Users\\pacco\\Quizz\\dataconnect`\n"}}
[debug] [2026-06-05T04:38:36.805Z] E0605 05:38:36.805217   25116 watch.go:40] Failed to load config from "c:\\Users\\pacco\\Quizz\\dataconnect": could not find dataconnect.yaml in `c:\Users\pacco\Quizz\dataconnect`
 {"metadata":{"emulator":{"name":"dataconnect"},"message":"E0605 05:38:36.805217   25116 watch.go:40] Failed to load config from \"c:\\\\Users\\\\pacco\\\\Quizz\\\\dataconnect\": could not find dataconnect.yaml in `c:\\Users\\pacco\\Quizz\\dataconnect`\n"}}
[debug] [2026-06-05T04:38:46.806Z] E0605 05:38:46.805930   25116 watch.go:40] Failed to load config from "c:\\Users\\pacco\\Quizz\\dataconnect": could not find dataconnect.yaml in `c:\Users\pacco\Quizz\dataconnect`
 {"metadata":{"emulator":{"name":"dataconnect"},"message":"E0605 05:38:46.805930   25116 watch.go:40] Failed to load config from \"c:\\\\Users\\\\pacco\\\\Quizz\\\\dataconnect\": could not find dataconnect.yaml in `c:\\Users\\pacco\\Quizz\\dataconnect`\n"}}
[debug] [2026-06-05T04:38:56.806Z] E0605 05:38:56.805550   25116 watch.go:40] Failed to load config from "c:\\Users\\pacco\\Quizz\\dataconnect": could not find dataconnect.yaml in `c:\Users\pacco\Quizz\dataconnect`
 {"metadata":{"emulator":{"name":"dataconnect"},"message":"E0605 05:38:56.805550   25116 watch.go:40] Failed to load config from \"c:\\\\Users\\\\pacco\\\\Quizz\\\\dataconnect\": could not find dataconnect.yaml in `c:\\Users\\pacco\\Quizz\\dataconnect`\n"}}
[debug] [2026-06-05T04:39:06.805Z] E0605 05:39:06.805230   25116 watch.go:40] Failed to load config from "c:\\Users\\pacco\\Quizz\\dataconnect": could not find dataconnect.yaml in `c:\Users\pacco\Quizz\dataconnect`
 {"metadata":{"emulator":{"name":"dataconnect"},"message":"E0605 05:39:06.805230   25116 watch.go:40] Failed to load config from \"c:\\\\Users\\\\pacco\\\\Quizz\\\\dataconnect\": could not find dataconnect.yaml in `c:\\Users\\pacco\\Quizz\\dataconnect`\n"}}
[debug] [2026-06-05T04:39:16.805Z] E0605 05:39:16.805271   25116 watch.go:40] Failed to load config from "c:\\Users\\pacco\\Quizz\\dataconnect": could not find dataconnect.yaml in `c:\Users\pacco\Quizz\dataconnect`
 {"metadata":{"emulator":{"name":"dataconnect"},"message":"E0605 05:39:16.805271   25116 watch.go:40] Failed to load config from \"c:\\\\Users\\\\pacco\\\\Quizz\\\\dataconnect\": could not find dataconnect.yaml in `c:\\Users\\pacco\\Quizz\\dataconnect`\n"}}
[debug] [2026-06-05T04:39:16.806Z] E0605 05:39:16.805889   25116 watch.go:116] watchAllDir unable to walk dir `c:\Users\pacco\Quizz\dataconnect`: GetFileAttributesEx c:\Users\pacco\Quizz\dataconnect: The system cannot find the file specified.
 {"metadata":{"emulator":{"name":"dataconnect"},"message":"E0605 05:39:16.805889   25116 watch.go:116] watchAllDir unable to walk dir `c:\\Users\\pacco\\Quizz\\dataconnect`: GetFileAttributesEx c:\\Users\\pacco\\Quizz\\dataconnect: The system cannot find the file specified.\n"}}
[debug] [2026-06-05T04:39:26.805Z] E0605 05:39:26.805168   25116 watch.go:40] Failed to load config from "c:\\Users\\pacco\\Quizz\\dataconnect": could not find dataconnect.yaml in `c:\Users\pacco\Quizz\dataconnect`
 {"metadata":{"emulator":{"name":"dataconnect"},"message":"E0605 05:39:26.805168   25116 watch.go:40] Failed to load config from \"c:\\\\Users\\\\pacco\\\\Quizz\\\\dataconnect\": could not find dataconnect.yaml in `c:\\Users\\pacco\\Quizz\\dataconnect`\n"}}
[debug] [2026-06-05T04:39:36.805Z] E0605 05:39:36.805340   25116 watch.go:40] Failed to load config from "c:\\Users\\pacco\\Quizz\\dataconnect": could not find dataconnect.yaml in `c:\Users\pacco\Quizz\dataconnect`
 {"metadata":{"emulator":{"name":"dataconnect"},"message":"E0605 05:39:36.805340   25116 watch.go:40] Failed to load config from \"c:\\\\Users\\\\pacco\\\\Quizz\\\\dataconnect\": could not find dataconnect.yaml in `c:\\Users\\pacco\\Quizz\\dataconnect`\n"}}
[debug] [2026-06-05T04:39:46.805Z] E0605 05:39:46.805132   25116 watch.go:40] Failed to load config from "c:\\Users\\pacco\\Quizz\\dataconnect": could not find dataconnect.yaml in `c:\Users\pacco\Quizz\dataconnect`
 {"metadata":{"emulator":{"name":"dataconnect"},"message":"E0605 05:39:46.805132   25116 watch.go:40] Failed to load config from \"c:\\\\Users\\\\pacco\\\\Quizz\\\\dataconnect\": could not find dataconnect.yaml in `c:\\Users\\pacco\\Quizz\\dataconnect`\n"}}
[debug] [2026-06-05T04:39:56.805Z] E0605 05:39:56.806019   25116 watch.go:40] Failed to load config from "c:\\Users\\pacco\\Quizz\\dataconnect": could not find dataconnect.yaml in `c:\Users\pacco\Quizz\dataconnect`
 {"metadata":{"emulator":{"name":"dataconnect"},"message":"E0605 05:39:56.806019   25116 watch.go:40] Failed to load config from \"c:\\\\Users\\\\pacco\\\\Quizz\\\\dataconnect\": could not find dataconnect.yaml in `c:\\Users\\pacco\\Quizz\\dataconnect`\n"}}
[debug] [2026-06-05T04:40:06.805Z] E0605 05:40:06.805258   25116 watch.go:40] Failed to load config from "c:\\Users\\pacco\\Quizz\\dataconnect": could not find dataconnect.yaml in `c:\Users\pacco\Quizz\dataconnect`
 {"metadata":{"emulator":{"name":"dataconnect"},"message":"E0605 05:40:06.805258   25116 watch.go:40] Failed to load config from \"c:\\\\Users\\\\pacco\\\\Quizz\\\\dataconnect\": could not find dataconnect.yaml in `c:\\Users\\pacco\\Quizz\\dataconnect`\n"}}
[debug] [2026-06-05T04:40:16.805Z] E0605 05:40:16.805290   25116 watch.go:40] Failed to load config from "c:\\Users\\pacco\\Quizz\\dataconnect": could not find dataconnect.yaml in `c:\Users\pacco\Quizz\dataconnect`
 {"metadata":{"emulator":{"name":"dataconnect"},"message":"E0605 05:40:16.805290   25116 watch.go:40] Failed to load config from \"c:\\\\Users\\\\pacco\\\\Quizz\\\\dataconnect\": could not find dataconnect.yaml in `c:\\Users\\pacco\\Quizz\\dataconnect`\n"}}
[debug] [2026-06-05T04:40:16.806Z] E0605 05:40:16.805986   25116 watch.go:116] watchAllDir unable to walk dir `c:\Users\pacco\Quizz\dataconnect`: GetFileAttributesEx c:\Users\pacco\Quizz\dataconnect: The system cannot find the file specified.
 {"metadata":{"emulator":{"name":"dataconnect"},"message":"E0605 05:40:16.805986   25116 watch.go:116] watchAllDir unable to walk dir `c:\\Users\\pacco\\Quizz\\dataconnect`: GetFileAttributesEx c:\\Users\\pacco\\Quizz\\dataconnect: The system cannot find the file specified.\n"}}
[debug] [2026-06-05T04:40:26.805Z] E0605 05:40:26.805567   25116 watch.go:40] Failed to load config from "c:\\Users\\pacco\\Quizz\\dataconnect": could not find dataconnect.yaml in `c:\Users\pacco\Quizz\dataconnect`
 {"metadata":{"emulator":{"name":"dataconnect"},"message":"E0605 05:40:26.805567   25116 watch.go:40] Failed to load config from \"c:\\\\Users\\\\pacco\\\\Quizz\\\\dataconnect\": could not find dataconnect.yaml in `c:\\Users\\pacco\\Quizz\\dataconnect`\n"}}
[debug] [2026-06-05T04:40:36.805Z] E0605 05:40:36.804873   25116 watch.go:40] Failed to load config from "c:\\Users\\pacco\\Quizz\\dataconnect": could not find dataconnect.yaml in `c:\Users\pacco\Quizz\dataconnect`
 {"metadata":{"emulator":{"name":"dataconnect"},"message":"E0605 05:40:36.804873   25116 watch.go:40] Failed to load config from \"c:\\\\Users\\\\pacco\\\\Quizz\\\\dataconnect\": could not find dataconnect.yaml in `c:\\Users\\pacco\\Quizz\\dataconnect`\n"}}
[debug] [2026-06-05T04:40:46.805Z] E0605 05:40:46.805814   25116 watch.go:40] Failed to load config from "c:\\Users\\pacco\\Quizz\\dataconnect": could not find dataconnect.yaml in `c:\Users\pacco\Quizz\dataconnect`
 {"metadata":{"emulator":{"name":"dataconnect"},"message":"E0605 05:40:46.805814   25116 watch.go:40] Failed to load config from \"c:\\\\Users\\\\pacco\\\\Quizz\\\\dataconnect\": could not find dataconnect.yaml in `c:\\Users\\pacco\\Quizz\\dataconnect`\n"}}
[debug] [2026-06-05T04:40:56.805Z] E0605 05:40:56.805571   25116 watch.go:40] Failed to load config from "c:\\Users\\pacco\\Quizz\\dataconnect": could not find dataconnect.yaml in `c:\Users\pacco\Quizz\dataconnect`
 {"metadata":{"emulator":{"name":"dataconnect"},"message":"E0605 05:40:56.805571   25116 watch.go:40] Failed to load config from \"c:\\\\Users\\\\pacco\\\\Quizz\\\\dataconnect\": could not find dataconnect.yaml in `c:\\Users\\pacco\\Quizz\\dataconnect`\n"}}
[debug] [2026-06-05T04:41:06.805Z] E0605 05:41:06.805131   25116 watch.go:40] Failed to load config from "c:\\Users\\pacco\\Quizz\\dataconnect": could not find dataconnect.yaml in `c:\Users\pacco\Quizz\dataconnect`
 {"metadata":{"emulator":{"name":"dataconnect"},"message":"E0605 05:41:06.805131   25116 watch.go:40] Failed to load config from \"c:\\\\Users\\\\pacco\\\\Quizz\\\\dataconnect\": could not find dataconnect.yaml in `c:\\Users\\pacco\\Quizz\\dataconnect`\n"}}
[debug] [2026-06-05T04:41:16.805Z] E0605 05:41:16.805213   25116 watch.go:40] Failed to load config from "c:\\Users\\pacco\\Quizz\\dataconnect": could not find dataconnect.yaml in `c:\Users\pacco\Quizz\dataconnect`
E0605 05:41:16.805717   25116 watch.go:116] watchAllDir unable to walk dir `c:\Users\pacco\Quizz\dataconnect`: GetFileAttributesEx c:\Users\pacco\Quizz\dataconnect: The system cannot find the file specified.
 {"metadata":{"emulator":{"name":"dataconnect"},"message":"E0605 05:41:16.805213   25116 watch.go:40] Failed to load config from \"c:\\\\Users\\\\pacco\\\\Quizz\\\\dataconnect\": could not find dataconnect.yaml in `c:\\Users\\pacco\\Quizz\\dataconnect`\nE0605 05:41:16.805717   25116 watch.go:116] watchAllDir unable to walk dir `c:\\Users\\pacco\\Quizz\\dataconnect`: GetFileAttributesEx c:\\Users\\pacco\\Quizz\\dataconnect: The system cannot find the file specified.\n"}}
[debug] [2026-06-05T04:41:26.806Z] E0605 05:41:26.805842   25116 watch.go:40] Failed to load config from "c:\\Users\\pacco\\Quizz\\dataconnect": could not find dataconnect.yaml in `c:\Users\pacco\Quizz\dataconnect`
 {"metadata":{"emulator":{"name":"dataconnect"},"message":"E0605 05:41:26.805842   25116 watch.go:40] Failed to load config from \"c:\\\\Users\\\\pacco\\\\Quizz\\\\dataconnect\": could not find dataconnect.yaml in `c:\\Users\\pacco\\Quizz\\dataconnect`\n"}}
[debug] [2026-06-05T04:41:36.805Z] E0605 05:41:36.805494   25116 watch.go:40] Failed to load config from "c:\\Users\\pacco\\Quizz\\dataconnect": could not find dataconnect.yaml in `c:\Users\pacco\Quizz\dataconnect`
 {"metadata":{"emulator":{"name":"dataconnect"},"message":"E0605 05:41:36.805494   25116 watch.go:40] Failed to load config from \"c:\\\\Users\\\\pacco\\\\Quizz\\\\dataconnect\": could not find dataconnect.yaml in `c:\\Users\\pacco\\Quizz\\dataconnect`\n"}}
[debug] [2026-06-05T04:41:46.805Z] E0605 05:41:46.805409   25116 watch.go:40] Failed to load config from "c:\\Users\\pacco\\Quizz\\dataconnect": could not find dataconnect.yaml in `c:\Users\pacco\Quizz\dataconnect`
 {"metadata":{"emulator":{"name":"dataconnect"},"message":"E0605 05:41:46.805409   25116 watch.go:40] Failed to load config from \"c:\\\\Users\\\\pacco\\\\Quizz\\\\dataconnect\": could not find dataconnect.yaml in `c:\\Users\\pacco\\Quizz\\dataconnect`\n"}}
[debug] [2026-06-05T04:41:56.805Z] E0605 05:41:56.805171   25116 watch.go:40] Failed to load config from "c:\\Users\\pacco\\Quizz\\dataconnect": could not find dataconnect.yaml in `c:\Users\pacco\Quizz\dataconnect`
 {"metadata":{"emulator":{"name":"dataconnect"},"message":"E0605 05:41:56.805171   25116 watch.go:40] Failed to load config from \"c:\\\\Users\\\\pacco\\\\Quizz\\\\dataconnect\": could not find dataconnect.yaml in `c:\\Users\\pacco\\Quizz\\dataconnect`\n"}}
[debug] [2026-06-05T04:42:06.806Z] E0605 05:42:06.805949   25116 watch.go:40] Failed to load config from "c:\\Users\\pacco\\Quizz\\dataconnect": could not find dataconnect.yaml in `c:\Users\pacco\Quizz\dataconnect`
 {"metadata":{"emulator":{"name":"dataconnect"},"message":"E0605 05:42:06.805949   25116 watch.go:40] Failed to load config from \"c:\\\\Users\\\\pacco\\\\Quizz\\\\dataconnect\": could not find dataconnect.yaml in `c:\\Users\\pacco\\Quizz\\dataconnect`\n"}}
[debug] [2026-06-05T04:42:16.805Z] E0605 05:42:16.805561   25116 watch.go:40] Failed to load config from "c:\\Users\\pacco\\Quizz\\dataconnect": could not find dataconnect.yaml in `c:\Users\pacco\Quizz\dataconnect`
E0605 05:42:16.805561   25116 watch.go:116] watchAllDir unable to walk dir `c:\Users\pacco\Quizz\dataconnect`: GetFileAttributesEx c:\Users\pacco\Quizz\dataconnect: The system cannot find the file specified.
 {"metadata":{"emulator":{"name":"dataconnect"},"message":"E0605 05:42:16.805561   25116 watch.go:40] Failed to load config from \"c:\\\\Users\\\\pacco\\\\Quizz\\\\dataconnect\": could not find dataconnect.yaml in `c:\\Users\\pacco\\Quizz\\dataconnect`\nE0605 05:42:16.805561   25116 watch.go:116] watchAllDir unable to walk dir `c:\\Users\\pacco\\Quizz\\dataconnect`: GetFileAttributesEx c:\\Users\\pacco\\Quizz\\dataconnect: The system cannot find the file specified.\n"}}
[debug] [2026-06-05T04:42:26.805Z] E0605 05:42:26.804859   25116 watch.go:40] Failed to load config from "c:\\Users\\pacco\\Quizz\\dataconnect": could not find dataconnect.yaml in `c:\Users\pacco\Quizz\dataconnect`
 {"metadata":{"emulator":{"name":"dataconnect"},"message":"E0605 05:42:26.804859   25116 watch.go:40] Failed to load config from \"c:\\\\Users\\\\pacco\\\\Quizz\\\\dataconnect\": could not find dataconnect.yaml in `c:\\Users\\pacco\\Quizz\\dataconnect`\n"}}
[debug] [2026-06-05T04:42:36.805Z] E0605 05:42:36.805426   25116 watch.go:40] Failed to load config from "c:\\Users\\pacco\\Quizz\\dataconnect": could not find dataconnect.yaml in `c:\Users\pacco\Quizz\dataconnect`
 {"metadata":{"emulator":{"name":"dataconnect"},"message":"E0605 05:42:36.805426   25116 watch.go:40] Failed to load config from \"c:\\\\Users\\\\pacco\\\\Quizz\\\\dataconnect\": could not find dataconnect.yaml in `c:\\Users\\pacco\\Quizz\\dataconnect`\n"}}
[debug] [2026-06-05T04:42:46.805Z] E0605 05:42:46.805537   25116 watch.go:40] Failed to load config from "c:\\Users\\pacco\\Quizz\\dataconnect": could not find dataconnect.yaml in `c:\Users\pacco\Quizz\dataconnect`
 {"metadata":{"emulator":{"name":"dataconnect"},"message":"E0605 05:42:46.805537   25116 watch.go:40] Failed to load config from \"c:\\\\Users\\\\pacco\\\\Quizz\\\\dataconnect\": could not find dataconnect.yaml in `c:\\Users\\pacco\\Quizz\\dataconnect`\n"}}
[debug] [2026-06-05T04:42:56.805Z] E0605 05:42:56.805327   25116 watch.go:40] Failed to load config from "c:\\Users\\pacco\\Quizz\\dataconnect": could not find dataconnect.yaml in `c:\Users\pacco\Quizz\dataconnect`
 {"metadata":{"emulator":{"name":"dataconnect"},"message":"E0605 05:42:56.805327   25116 watch.go:40] Failed to load config from \"c:\\\\Users\\\\pacco\\\\Quizz\\\\dataconnect\": could not find dataconnect.yaml in `c:\\Users\\pacco\\Quizz\\dataconnect`\n"}}
[debug] [2026-06-05T04:43:06.805Z] E0605 05:43:06.805363   25116 watch.go:40] Failed to load config from "c:\\Users\\pacco\\Quizz\\dataconnect": could not find dataconnect.yaml in `c:\Users\pacco\Quizz\dataconnect`
 {"metadata":{"emulator":{"name":"dataconnect"},"message":"E0605 05:43:06.805363   25116 watch.go:40] Failed to load config from \"c:\\\\Users\\\\pacco\\\\Quizz\\\\dataconnect\": could not find dataconnect.yaml in `c:\\Users\\pacco\\Quizz\\dataconnect`\n"}}
[debug] [2026-06-05T04:43:16.805Z] E0605 05:43:16.805392   25116 watch.go:116] watchAllDir unable to walk dir `c:\Users\pacco\Quizz\dataconnect`: GetFileAttributesEx c:\Users\pacco\Quizz\dataconnect: The system cannot find the file specified.
 {"metadata":{"emulator":{"name":"dataconnect"},"message":"E0605 05:43:16.805392   25116 watch.go:116] watchAllDir unable to walk dir `c:\\Users\\pacco\\Quizz\\dataconnect`: GetFileAttributesEx c:\\Users\\pacco\\Quizz\\dataconnect: The system cannot find the file specified.\n"}}
[debug] [2026-06-05T04:43:16.806Z] E0605 05:43:16.805392   25116 watch.go:40] Failed to load config from "c:\\Users\\pacco\\Quizz\\dataconnect": could not find dataconnect.yaml in `c:\Users\pacco\Quizz\dataconnect`
 {"metadata":{"emulator":{"name":"dataconnect"},"message":"E0605 05:43:16.805392   25116 watch.go:40] Failed to load config from \"c:\\\\Users\\\\pacco\\\\Quizz\\\\dataconnect\": could not find dataconnect.yaml in `c:\\Users\\pacco\\Quizz\\dataconnect`\n"}}
[debug] [2026-06-05T04:43:26.805Z] E0605 05:43:26.805335   25116 watch.go:40] Failed to load config from "c:\\Users\\pacco\\Quizz\\dataconnect": could not find dataconnect.yaml in `c:\Users\pacco\Quizz\dataconnect`
 {"metadata":{"emulator":{"name":"dataconnect"},"message":"E0605 05:43:26.805335   25116 watch.go:40] Failed to load config from \"c:\\\\Users\\\\pacco\\\\Quizz\\\\dataconnect\": could not find dataconnect.yaml in `c:\\Users\\pacco\\Quizz\\dataconnect`\n"}}
[debug] [2026-06-05T04:43:36.805Z] E0605 05:43:36.805207   25116 watch.go:40] Failed to load config from "c:\\Users\\pacco\\Quizz\\dataconnect": could not find dataconnect.yaml in `c:\Users\pacco\Quizz\dataconnect`
 {"metadata":{"emulator":{"name":"dataconnect"},"message":"E0605 05:43:36.805207   25116 watch.go:40] Failed to load config from \"c:\\\\Users\\\\pacco\\\\Quizz\\\\dataconnect\": could not find dataconnect.yaml in `c:\\Users\\pacco\\Quizz\\dataconnect`\n"}}
[debug] [2026-06-05T04:43:46.805Z] E0605 05:43:46.805198   25116 watch.go:40] Failed to load config from "c:\\Users\\pacco\\Quizz\\dataconnect": could not find dataconnect.yaml in `c:\Users\pacco\Quizz\dataconnect`
 {"metadata":{"emulator":{"name":"dataconnect"},"message":"E0605 05:43:46.805198   25116 watch.go:40] Failed to load config from \"c:\\\\Users\\\\pacco\\\\Quizz\\\\dataconnect\": could not find dataconnect.yaml in `c:\\Users\\pacco\\Quizz\\dataconnect`\n"}}
[debug] [2026-06-05T04:43:56.805Z] E0605 05:43:56.805436   25116 watch.go:40] Failed to load config from "c:\\Users\\pacco\\Quizz\\dataconnect": could not find dataconnect.yaml in `c:\Users\pacco\Quizz\dataconnect`
 {"metadata":{"emulator":{"name":"dataconnect"},"message":"E0605 05:43:56.805436   25116 watch.go:40] Failed to load config from \"c:\\\\Users\\\\pacco\\\\Quizz\\\\dataconnect\": could not find dataconnect.yaml in `c:\\Users\\pacco\\Quizz\\dataconnect`\n"}}
[debug] [2026-06-05T04:44:06.805Z] E0605 05:44:06.805165   25116 watch.go:40] Failed to load config from "c:\\Users\\pacco\\Quizz\\dataconnect": could not find dataconnect.yaml in `c:\Users\pacco\Quizz\dataconnect`
 {"metadata":{"emulator":{"name":"dataconnect"},"message":"E0605 05:44:06.805165   25116 watch.go:40] Failed to load config from \"c:\\\\Users\\\\pacco\\\\Quizz\\\\dataconnect\": could not find dataconnect.yaml in `c:\\Users\\pacco\\Quizz\\dataconnect`\n"}}
[debug] [2026-06-05T04:44:16.805Z] E0605 05:44:16.805450   25116 watch.go:116] watchAllDir unable to walk dir `c:\Users\pacco\Quizz\dataconnect`: GetFileAttributesEx c:\Users\pacco\Quizz\dataconnect: The system cannot find the file specified.
E0605 05:44:16.805450   25116 watch.go:40] Failed to load config from "c:\\Users\\pacco\\Quizz\\dataconnect": could not find dataconnect.yaml in `c:\Users\pacco\Quizz\dataconnect`
 {"metadata":{"emulator":{"name":"dataconnect"},"message":"E0605 05:44:16.805450   25116 watch.go:116] watchAllDir unable to walk dir `c:\\Users\\pacco\\Quizz\\dataconnect`: GetFileAttributesEx c:\\Users\\pacco\\Quizz\\dataconnect: The system cannot find the file specified.\nE0605 05:44:16.805450   25116 watch.go:40] Failed to load config from \"c:\\\\Users\\\\pacco\\\\Quizz\\\\dataconnect\": could not find dataconnect.yaml in `c:\\Users\\pacco\\Quizz\\dataconnect`\n"}}
[debug] [2026-06-05T04:44:26.806Z] E0605 05:44:26.805358   25116 watch.go:40] Failed to load config from "c:\\Users\\pacco\\Quizz\\dataconnect": could not find dataconnect.yaml in `c:\Users\pacco\Quizz\dataconnect`
 {"metadata":{"emulator":{"name":"dataconnect"},"message":"E0605 05:44:26.805358   25116 watch.go:40] Failed to load config from \"c:\\\\Users\\\\pacco\\\\Quizz\\\\dataconnect\": could not find dataconnect.yaml in `c:\\Users\\pacco\\Quizz\\dataconnect`\n"}}
[debug] [2026-06-05T04:44:36.805Z] E0605 05:44:36.805195   25116 watch.go:40] Failed to load config from "c:\\Users\\pacco\\Quizz\\dataconnect": could not find dataconnect.yaml in `c:\Users\pacco\Quizz\dataconnect`
 {"metadata":{"emulator":{"name":"dataconnect"},"message":"E0605 05:44:36.805195   25116 watch.go:40] Failed to load config from \"c:\\\\Users\\\\pacco\\\\Quizz\\\\dataconnect\": could not find dataconnect.yaml in `c:\\Users\\pacco\\Quizz\\dataconnect`\n"}}
[debug] [2026-06-05T04:44:46.805Z] E0605 05:44:46.805673   25116 watch.go:40] Failed to load config from "c:\\Users\\pacco\\Quizz\\dataconnect": could not find dataconnect.yaml in `c:\Users\pacco\Quizz\dataconnect`
 {"metadata":{"emulator":{"name":"dataconnect"},"message":"E0605 05:44:46.805673   25116 watch.go:40] Failed to load config from \"c:\\\\Users\\\\pacco\\\\Quizz\\\\dataconnect\": could not find dataconnect.yaml in `c:\\Users\\pacco\\Quizz\\dataconnect`\n"}}
[debug] [2026-06-05T04:44:56.806Z] E0605 05:44:56.806036   25116 watch.go:40] Failed to load config from "c:\\Users\\pacco\\Quizz\\dataconnect": could not find dataconnect.yaml in `c:\Users\pacco\Quizz\dataconnect`
 {"metadata":{"emulator":{"name":"dataconnect"},"message":"E0605 05:44:56.806036   25116 watch.go:40] Failed to load config from \"c:\\\\Users\\\\pacco\\\\Quizz\\\\dataconnect\": could not find dataconnect.yaml in `c:\\Users\\pacco\\Quizz\\dataconnect`\n"}}
[debug] [2026-06-05T04:45:06.805Z] E0605 05:45:06.805349   25116 watch.go:40] Failed to load config from "c:\\Users\\pacco\\Quizz\\dataconnect": could not find dataconnect.yaml in `c:\Users\pacco\Quizz\dataconnect`
 {"metadata":{"emulator":{"name":"dataconnect"},"message":"E0605 05:45:06.805349   25116 watch.go:40] Failed to load config from \"c:\\\\Users\\\\pacco\\\\Quizz\\\\dataconnect\": could not find dataconnect.yaml in `c:\\Users\\pacco\\Quizz\\dataconnect`\n"}}
[debug] [2026-06-05T04:45:16.805Z] E0605 05:45:16.805334   25116 watch.go:40] Failed to load config from "c:\\Users\\pacco\\Quizz\\dataconnect": could not find dataconnect.yaml in `c:\Users\pacco\Quizz\dataconnect`
 {"metadata":{"emulator":{"name":"dataconnect"},"message":"E0605 05:45:16.805334   25116 watch.go:40] Failed to load config from \"c:\\\\Users\\\\pacco\\\\Quizz\\\\dataconnect\": could not find dataconnect.yaml in `c:\\Users\\pacco\\Quizz\\dataconnect`\n"}}
[debug] [2026-06-05T04:45:16.806Z] E0605 05:45:16.805849   25116 watch.go:116] watchAllDir unable to walk dir `c:\Users\pacco\Quizz\dataconnect`: GetFileAttributesEx c:\Users\pacco\Quizz\dataconnect: The system cannot find the file specified.
 {"metadata":{"emulator":{"name":"dataconnect"},"message":"E0605 05:45:16.805849   25116 watch.go:116] watchAllDir unable to walk dir `c:\\Users\\pacco\\Quizz\\dataconnect`: GetFileAttributesEx c:\\Users\\pacco\\Quizz\\dataconnect: The system cannot find the file specified.\n"}}
[debug] [2026-06-05T04:45:26.806Z] E0605 05:45:26.806662   25116 watch.go:40] Failed to load config from "c:\\Users\\pacco\\Quizz\\dataconnect": could not find dataconnect.yaml in `c:\Users\pacco\Quizz\dataconnect`
 {"metadata":{"emulator":{"name":"dataconnect"},"message":"E0605 05:45:26.806662   25116 watch.go:40] Failed to load config from \"c:\\\\Users\\\\pacco\\\\Quizz\\\\dataconnect\": could not find dataconnect.yaml in `c:\\Users\\pacco\\Quizz\\dataconnect`\n"}}
[debug] [2026-06-05T04:45:36.850Z] E0605 05:45:36.828438   25116 watch.go:40] Failed to load config from "c:\\Users\\pacco\\Quizz\\dataconnect": could not find dataconnect.yaml in `c:\Users\pacco\Quizz\dataconnect`
 {"metadata":{"emulator":{"name":"dataconnect"},"message":"E0605 05:45:36.828438   25116 watch.go:40] Failed to load config from \"c:\\\\Users\\\\pacco\\\\Quizz\\\\dataconnect\": could not find dataconnect.yaml in `c:\\Users\\pacco\\Quizz\\dataconnect`\n"}}
[debug] [2026-06-05T04:45:46.805Z] E0605 05:45:46.805002   25116 watch.go:40] Failed to load config from "c:\\Users\\pacco\\Quizz\\dataconnect": could not find dataconnect.yaml in `c:\Users\pacco\Quizz\dataconnect`
 {"metadata":{"emulator":{"name":"dataconnect"},"message":"E0605 05:45:46.805002   25116 watch.go:40] Failed to load config from \"c:\\\\Users\\\\pacco\\\\Quizz\\\\dataconnect\": could not find dataconnect.yaml in `c:\\Users\\pacco\\Quizz\\dataconnect`\n"}}
[debug] [2026-06-05T04:45:56.808Z] E0605 05:45:56.808219   25116 watch.go:40] Failed to load config from "c:\\Users\\pacco\\Quizz\\dataconnect": could not find dataconnect.yaml in `c:\Users\pacco\Quizz\dataconnect`
 {"metadata":{"emulator":{"name":"dataconnect"},"message":"E0605 05:45:56.808219   25116 watch.go:40] Failed to load config from \"c:\\\\Users\\\\pacco\\\\Quizz\\\\dataconnect\": could not find dataconnect.yaml in `c:\\Users\\pacco\\Quizz\\dataconnect`\n"}}
[debug] [2026-06-05T04:46:06.806Z] E0605 05:46:06.806014   25116 watch.go:40] Failed to load config from "c:\\Users\\pacco\\Quizz\\dataconnect": could not find dataconnect.yaml in `c:\Users\pacco\Quizz\dataconnect`
 {"metadata":{"emulator":{"name":"dataconnect"},"message":"E0605 05:46:06.806014   25116 watch.go:40] Failed to load config from \"c:\\\\Users\\\\pacco\\\\Quizz\\\\dataconnect\": could not find dataconnect.yaml in `c:\\Users\\pacco\\Quizz\\dataconnect`\n"}}
[debug] [2026-06-05T04:46:16.805Z] E0605 05:46:16.804875   25116 watch.go:40] Failed to load config from "c:\\Users\\pacco\\Quizz\\dataconnect": could not find dataconnect.yaml in `c:\Users\pacco\Quizz\dataconnect`
 {"metadata":{"emulator":{"name":"dataconnect"},"message":"E0605 05:46:16.804875   25116 watch.go:40] Failed to load config from \"c:\\\\Users\\\\pacco\\\\Quizz\\\\dataconnect\": could not find dataconnect.yaml in `c:\\Users\\pacco\\Quizz\\dataconnect`\n"}}
[debug] [2026-06-05T04:46:16.806Z] E0605 05:46:16.805941   25116 watch.go:116] watchAllDir unable to walk dir `c:\Users\pacco\Quizz\dataconnect`: GetFileAttributesEx c:\Users\pacco\Quizz\dataconnect: The system cannot find the file specified.
 {"metadata":{"emulator":{"name":"dataconnect"},"message":"E0605 05:46:16.805941   25116 watch.go:116] watchAllDir unable to walk dir `c:\\Users\\pacco\\Quizz\\dataconnect`: GetFileAttributesEx c:\\Users\\pacco\\Quizz\\dataconnect: The system cannot find the file specified.\n"}}
[debug] [2026-06-05T04:46:26.805Z] E0605 05:46:26.805424   25116 watch.go:40] Failed to load config from "c:\\Users\\pacco\\Quizz\\dataconnect": could not find dataconnect.yaml in `c:\Users\pacco\Quizz\dataconnect`
 {"metadata":{"emulator":{"name":"dataconnect"},"message":"E0605 05:46:26.805424   25116 watch.go:40] Failed to load config from \"c:\\\\Users\\\\pacco\\\\Quizz\\\\dataconnect\": could not find dataconnect.yaml in `c:\\Users\\pacco\\Quizz\\dataconnect`\n"}}
[debug] [2026-06-05T04:46:36.805Z] E0605 05:46:36.805212   25116 watch.go:40] Failed to load config from "c:\\Users\\pacco\\Quizz\\dataconnect": could not find dataconnect.yaml in `c:\Users\pacco\Quizz\dataconnect`
 {"metadata":{"emulator":{"name":"dataconnect"},"message":"E0605 05:46:36.805212   25116 watch.go:40] Failed to load config from \"c:\\\\Users\\\\pacco\\\\Quizz\\\\dataconnect\": could not find dataconnect.yaml in `c:\\Users\\pacco\\Quizz\\dataconnect`\n"}}
[debug] [2026-06-05T04:46:46.805Z] E0605 05:46:46.805049   25116 watch.go:40] Failed to load config from "c:\\Users\\pacco\\Quizz\\dataconnect": could not find dataconnect.yaml in `c:\Users\pacco\Quizz\dataconnect`
 {"metadata":{"emulator":{"name":"dataconnect"},"message":"E0605 05:46:46.805049   25116 watch.go:40] Failed to load config from \"c:\\\\Users\\\\pacco\\\\Quizz\\\\dataconnect\": could not find dataconnect.yaml in `c:\\Users\\pacco\\Quizz\\dataconnect`\n"}}
[debug] [2026-06-05T04:46:56.806Z] E0605 05:46:56.805990   25116 watch.go:40] Failed to load config from "c:\\Users\\pacco\\Quizz\\dataconnect": could not find dataconnect.yaml in `c:\Users\pacco\Quizz\dataconnect`
 {"metadata":{"emulator":{"name":"dataconnect"},"message":"E0605 05:46:56.805990   25116 watch.go:40] Failed to load config from \"c:\\\\Users\\\\pacco\\\\Quizz\\\\dataconnect\": could not find dataconnect.yaml in `c:\\Users\\pacco\\Quizz\\dataconnect`\n"}}
[debug] [2026-06-05T04:47:06.806Z] E0605 05:47:06.805911   25116 watch.go:40] Failed to load config from "c:\\Users\\pacco\\Quizz\\dataconnect": could not find dataconnect.yaml in `c:\Users\pacco\Quizz\dataconnect`
 {"metadata":{"emulator":{"name":"dataconnect"},"message":"E0605 05:47:06.805911   25116 watch.go:40] Failed to load config from \"c:\\\\Users\\\\pacco\\\\Quizz\\\\dataconnect\": could not find dataconnect.yaml in `c:\\Users\\pacco\\Quizz\\dataconnect`\n"}}
[debug] [2026-06-05T04:47:16.805Z] E0605 05:47:16.805107   25116 watch.go:40] Failed to load config from "c:\\Users\\pacco\\Quizz\\dataconnect": could not find dataconnect.yaml in `c:\Users\pacco\Quizz\dataconnect`
 {"metadata":{"emulator":{"name":"dataconnect"},"message":"E0605 05:47:16.805107   25116 watch.go:40] Failed to load config from \"c:\\\\Users\\\\pacco\\\\Quizz\\\\dataconnect\": could not find dataconnect.yaml in `c:\\Users\\pacco\\Quizz\\dataconnect`\n"}}
[debug] [2026-06-05T04:47:16.806Z] E0605 05:47:16.805611   25116 watch.go:116] watchAllDir unable to walk dir `c:\Users\pacco\Quizz\dataconnect`: GetFileAttributesEx c:\Users\pacco\Quizz\dataconnect: The system cannot find the file specified.
 {"metadata":{"emulator":{"name":"dataconnect"},"message":"E0605 05:47:16.805611   25116 watch.go:116] watchAllDir unable to walk dir `c:\\Users\\pacco\\Quizz\\dataconnect`: GetFileAttributesEx c:\\Users\\pacco\\Quizz\\dataconnect: The system cannot find the file specified.\n"}}
[debug] [2026-06-05T04:47:26.805Z] E0605 05:47:26.805221   25116 watch.go:40] Failed to load config from "c:\\Users\\pacco\\Quizz\\dataconnect": could not find dataconnect.yaml in `c:\Users\pacco\Quizz\dataconnect`
 {"metadata":{"emulator":{"name":"dataconnect"},"message":"E0605 05:47:26.805221   25116 watch.go:40] Failed to load config from \"c:\\\\Users\\\\pacco\\\\Quizz\\\\dataconnect\": could not find dataconnect.yaml in `c:\\Users\\pacco\\Quizz\\dataconnect`\n"}}
[debug] [2026-06-05T04:47:36.805Z] E0605 05:47:36.805190   25116 watch.go:40] Failed to load config from "c:\\Users\\pacco\\Quizz\\dataconnect": could not find dataconnect.yaml in `c:\Users\pacco\Quizz\dataconnect`
 {"metadata":{"emulator":{"name":"dataconnect"},"message":"E0605 05:47:36.805190   25116 watch.go:40] Failed to load config from \"c:\\\\Users\\\\pacco\\\\Quizz\\\\dataconnect\": could not find dataconnect.yaml in `c:\\Users\\pacco\\Quizz\\dataconnect`\n"}}
[debug] [2026-06-05T04:47:46.805Z] E0605 05:47:46.805174   25116 watch.go:40] Failed to load config from "c:\\Users\\pacco\\Quizz\\dataconnect": could not find dataconnect.yaml in `c:\Users\pacco\Quizz\dataconnect`
 {"metadata":{"emulator":{"name":"dataconnect"},"message":"E0605 05:47:46.805174   25116 watch.go:40] Failed to load config from \"c:\\\\Users\\\\pacco\\\\Quizz\\\\dataconnect\": could not find dataconnect.yaml in `c:\\Users\\pacco\\Quizz\\dataconnect`\n"}}
[debug] [2026-06-05T04:47:56.805Z] E0605 05:47:56.805309   25116 watch.go:40] Failed to load config from "c:\\Users\\pacco\\Quizz\\dataconnect": could not find dataconnect.yaml in `c:\Users\pacco\Quizz\dataconnect`
 {"metadata":{"emulator":{"name":"dataconnect"},"message":"E0605 05:47:56.805309   25116 watch.go:40] Failed to load config from \"c:\\\\Users\\\\pacco\\\\Quizz\\\\dataconnect\": could not find dataconnect.yaml in `c:\\Users\\pacco\\Quizz\\dataconnect`\n"}}
[debug] [2026-06-05T04:48:06.805Z] E0605 05:48:06.805584   25116 watch.go:40] Failed to load config from "c:\\Users\\pacco\\Quizz\\dataconnect": could not find dataconnect.yaml in `c:\Users\pacco\Quizz\dataconnect`
 {"metadata":{"emulator":{"name":"dataconnect"},"message":"E0605 05:48:06.805584   25116 watch.go:40] Failed to load config from \"c:\\\\Users\\\\pacco\\\\Quizz\\\\dataconnect\": could not find dataconnect.yaml in `c:\\Users\\pacco\\Quizz\\dataconnect`\n"}}
[debug] [2026-06-05T04:48:16.805Z] E0605 05:48:16.805291   25116 watch.go:40] Failed to load config from "c:\\Users\\pacco\\Quizz\\dataconnect": could not find dataconnect.yaml in `c:\Users\pacco\Quizz\dataconnect`
 {"metadata":{"emulator":{"name":"dataconnect"},"message":"E0605 05:48:16.805291   25116 watch.go:40] Failed to load config from \"c:\\\\Users\\\\pacco\\\\Quizz\\\\dataconnect\": could not find dataconnect.yaml in `c:\\Users\\pacco\\Quizz\\dataconnect`\n"}}
[debug] [2026-06-05T04:48:16.806Z] E0605 05:48:16.805802   25116 watch.go:116] watchAllDir unable to walk dir `c:\Users\pacco\Quizz\dataconnect`: GetFileAttributesEx c:\Users\pacco\Quizz\dataconnect: The system cannot find the file specified.
 {"metadata":{"emulator":{"name":"dataconnect"},"message":"E0605 05:48:16.805802   25116 watch.go:116] watchAllDir unable to walk dir `c:\\Users\\pacco\\Quizz\\dataconnect`: GetFileAttributesEx c:\\Users\\pacco\\Quizz\\dataconnect: The system cannot find the file specified.\n"}}
[debug] [2026-06-05T04:48:26.807Z] E0605 05:48:26.806780   25116 watch.go:40] Failed to load config from "c:\\Users\\pacco\\Quizz\\dataconnect": could not find dataconnect.yaml in `c:\Users\pacco\Quizz\dataconnect`
 {"metadata":{"emulator":{"name":"dataconnect"},"message":"E0605 05:48:26.806780   25116 watch.go:40] Failed to load config from \"c:\\\\Users\\\\pacco\\\\Quizz\\\\dataconnect\": could not find dataconnect.yaml in `c:\\Users\\pacco\\Quizz\\dataconnect`\n"}}
[debug] [2026-06-05T04:48:36.805Z] E0605 05:48:36.805263   25116 watch.go:40] Failed to load config from "c:\\Users\\pacco\\Quizz\\dataconnect": could not find dataconnect.yaml in `c:\Users\pacco\Quizz\dataconnect`
 {"metadata":{"emulator":{"name":"dataconnect"},"message":"E0605 05:48:36.805263   25116 watch.go:40] Failed to load config from \"c:\\\\Users\\\\pacco\\\\Quizz\\\\dataconnect\": could not find dataconnect.yaml in `c:\\Users\\pacco\\Quizz\\dataconnect`\n"}}
[debug] [2026-06-05T04:48:46.805Z] E0605 05:48:46.805243   25116 watch.go:40] Failed to load config from "c:\\Users\\pacco\\Quizz\\dataconnect": could not find dataconnect.yaml in `c:\Users\pacco\Quizz\dataconnect`
 {"metadata":{"emulator":{"name":"dataconnect"},"message":"E0605 05:48:46.805243   25116 watch.go:40] Failed to load config from \"c:\\\\Users\\\\pacco\\\\Quizz\\\\dataconnect\": could not find dataconnect.yaml in `c:\\Users\\pacco\\Quizz\\dataconnect`\n"}}
[debug] [2026-06-05T04:48:56.805Z] E0605 05:48:56.805527   25116 watch.go:40] Failed to load config from "c:\\Users\\pacco\\Quizz\\dataconnect": could not find dataconnect.yaml in `c:\Users\pacco\Quizz\dataconnect`
 {"metadata":{"emulator":{"name":"dataconnect"},"message":"E0605 05:48:56.805527   25116 watch.go:40] Failed to load config from \"c:\\\\Users\\\\pacco\\\\Quizz\\\\dataconnect\": could not find dataconnect.yaml in `c:\\Users\\pacco\\Quizz\\dataconnect`\n"}}
[debug] [2026-06-05T04:49:06.806Z] E0605 05:49:06.805394   25116 watch.go:40] Failed to load config from "c:\\Users\\pacco\\Quizz\\dataconnect": could not find dataconnect.yaml in `c:\Users\pacco\Quizz\dataconnect`
 {"metadata":{"emulator":{"name":"dataconnect"},"message":"E0605 05:49:06.805394   25116 watch.go:40] Failed to load config from \"c:\\\\Users\\\\pacco\\\\Quizz\\\\dataconnect\": could not find dataconnect.yaml in `c:\\Users\\pacco\\Quizz\\dataconnect`\n"}}
[debug] [2026-06-05T04:49:16.805Z] E0605 05:49:16.804962   25116 watch.go:40] Failed to load config from "c:\\Users\\pacco\\Quizz\\dataconnect": could not find dataconnect.yaml in `c:\Users\pacco\Quizz\dataconnect`
 {"metadata":{"emulator":{"name":"dataconnect"},"message":"E0605 05:49:16.804962   25116 watch.go:40] Failed to load config from \"c:\\\\Users\\\\pacco\\\\Quizz\\\\dataconnect\": could not find dataconnect.yaml in `c:\\Users\\pacco\\Quizz\\dataconnect`\n"}}
[debug] [2026-06-05T04:49:16.805Z] E0605 05:49:16.805510   25116 watch.go:116] watchAllDir unable to walk dir `c:\Users\pacco\Quizz\dataconnect`: GetFileAttributesEx c:\Users\pacco\Quizz\dataconnect: The system cannot find the file specified.
 {"metadata":{"emulator":{"name":"dataconnect"},"message":"E0605 05:49:16.805510   25116 watch.go:116] watchAllDir unable to walk dir `c:\\Users\\pacco\\Quizz\\dataconnect`: GetFileAttributesEx c:\\Users\\pacco\\Quizz\\dataconnect: The system cannot find the file specified.\n"}}
[debug] [2026-06-05T04:49:26.805Z] E0605 05:49:26.805391   25116 watch.go:40] Failed to load config from "c:\\Users\\pacco\\Quizz\\dataconnect": could not find dataconnect.yaml in `c:\Users\pacco\Quizz\dataconnect`
 {"metadata":{"emulator":{"name":"dataconnect"},"message":"E0605 05:49:26.805391   25116 watch.go:40] Failed to load config from \"c:\\\\Users\\\\pacco\\\\Quizz\\\\dataconnect\": could not find dataconnect.yaml in `c:\\Users\\pacco\\Quizz\\dataconnect`\n"}}
[debug] [2026-06-05T04:49:36.808Z] E0605 05:49:36.807051   25116 watch.go:40] Failed to load config from "c:\\Users\\pacco\\Quizz\\dataconnect": could not find dataconnect.yaml in `c:\Users\pacco\Quizz\dataconnect`
 {"metadata":{"emulator":{"name":"dataconnect"},"message":"E0605 05:49:36.807051   25116 watch.go:40] Failed to load config from \"c:\\\\Users\\\\pacco\\\\Quizz\\\\dataconnect\": could not find dataconnect.yaml in `c:\\Users\\pacco\\Quizz\\dataconnect`\n"}}
[debug] [2026-06-05T04:49:46.833Z] E0605 05:49:46.832405   25116 watch.go:40] Failed to load config from "c:\\Users\\pacco\\Quizz\\dataconnect": could not find dataconnect.yaml in `c:\Users\pacco\Quizz\dataconnect`
 {"metadata":{"emulator":{"name":"dataconnect"},"message":"E0605 05:49:46.832405   25116 watch.go:40] Failed to load config from \"c:\\\\Users\\\\pacco\\\\Quizz\\\\dataconnect\": could not find dataconnect.yaml in `c:\\Users\\pacco\\Quizz\\dataconnect`\n"}}
[debug] [2026-06-05T04:49:56.805Z] E0605 05:49:56.805171   25116 watch.go:40] Failed to load config from "c:\\Users\\pacco\\Quizz\\dataconnect": could not find dataconnect.yaml in `c:\Users\pacco\Quizz\dataconnect`
 {"metadata":{"emulator":{"name":"dataconnect"},"message":"E0605 05:49:56.805171   25116 watch.go:40] Failed to load config from \"c:\\\\Users\\\\pacco\\\\Quizz\\\\dataconnect\": could not find dataconnect.yaml in `c:\\Users\\pacco\\Quizz\\dataconnect`\n"}}
[debug] [2026-06-05T04:50:06.805Z] E0605 05:50:06.805086   25116 watch.go:40] Failed to load config from "c:\\Users\\pacco\\Quizz\\dataconnect": could not find dataconnect.yaml in `c:\Users\pacco\Quizz\dataconnect`
 {"metadata":{"emulator":{"name":"dataconnect"},"message":"E0605 05:50:06.805086   25116 watch.go:40] Failed to load config from \"c:\\\\Users\\\\pacco\\\\Quizz\\\\dataconnect\": could not find dataconnect.yaml in `c:\\Users\\pacco\\Quizz\\dataconnect`\n"}}
[debug] [2026-06-05T04:50:16.805Z] E0605 05:50:16.805201   25116 watch.go:40] Failed to load config from "c:\\Users\\pacco\\Quizz\\dataconnect": could not find dataconnect.yaml in `c:\Users\pacco\Quizz\dataconnect`
 {"metadata":{"emulator":{"name":"dataconnect"},"message":"E0605 05:50:16.805201   25116 watch.go:40] Failed to load config from \"c:\\\\Users\\\\pacco\\\\Quizz\\\\dataconnect\": could not find dataconnect.yaml in `c:\\Users\\pacco\\Quizz\\dataconnect`\n"}}
[debug] [2026-06-05T04:50:16.806Z] E0605 05:50:16.805710   25116 watch.go:116] watchAllDir unable to walk dir `c:\Users\pacco\Quizz\dataconnect`: GetFileAttributesEx c:\Users\pacco\Quizz\dataconnect: The system cannot find the file specified.
 {"metadata":{"emulator":{"name":"dataconnect"},"message":"E0605 05:50:16.805710   25116 watch.go:116] watchAllDir unable to walk dir `c:\\Users\\pacco\\Quizz\\dataconnect`: GetFileAttributesEx c:\\Users\\pacco\\Quizz\\dataconnect: The system cannot find the file specified.\n"}}
[debug] [2026-06-05T04:50:26.809Z] E0605 05:50:26.805812   25116 watch.go:40] Failed to load config from "c:\\Users\\pacco\\Quizz\\dataconnect": could not find dataconnect.yaml in `c:\Users\pacco\Quizz\dataconnect`
 {"metadata":{"emulator":{"name":"dataconnect"},"message":"E0605 05:50:26.805812   25116 watch.go:40] Failed to load config from \"c:\\\\Users\\\\pacco\\\\Quizz\\\\dataconnect\": could not find dataconnect.yaml in `c:\\Users\\pacco\\Quizz\\dataconnect`\n"}}
[debug] [2026-06-05T04:50:36.806Z] E0605 05:50:36.806490   25116 watch.go:40] Failed to load config from "c:\\Users\\pacco\\Quizz\\dataconnect": could not find dataconnect.yaml in `c:\Users\pacco\Quizz\dataconnect`
 {"metadata":{"emulator":{"name":"dataconnect"},"message":"E0605 05:50:36.806490   25116 watch.go:40] Failed to load config from \"c:\\\\Users\\\\pacco\\\\Quizz\\\\dataconnect\": could not find dataconnect.yaml in `c:\\Users\\pacco\\Quizz\\dataconnect`\n"}}
[debug] [2026-06-05T04:50:46.805Z] E0605 05:50:46.805276   25116 watch.go:40] Failed to load config from "c:\\Users\\pacco\\Quizz\\dataconnect": could not find dataconnect.yaml in `c:\Users\pacco\Quizz\dataconnect`
 {"metadata":{"emulator":{"name":"dataconnect"},"message":"E0605 05:50:46.805276   25116 watch.go:40] Failed to load config from \"c:\\\\Users\\\\pacco\\\\Quizz\\\\dataconnect\": could not find dataconnect.yaml in `c:\\Users\\pacco\\Quizz\\dataconnect`\n"}}
[debug] [2026-06-05T04:50:56.806Z] E0605 05:50:56.805898   25116 watch.go:40] Failed to load config from "c:\\Users\\pacco\\Quizz\\dataconnect": could not find dataconnect.yaml in `c:\Users\pacco\Quizz\dataconnect`
 {"metadata":{"emulator":{"name":"dataconnect"},"message":"E0605 05:50:56.805898   25116 watch.go:40] Failed to load config from \"c:\\\\Users\\\\pacco\\\\Quizz\\\\dataconnect\": could not find dataconnect.yaml in `c:\\Users\\pacco\\Quizz\\dataconnect`\n"}}
[debug] [2026-06-05T04:51:06.805Z] E0605 05:51:06.805319   25116 watch.go:40] Failed to load config from "c:\\Users\\pacco\\Quizz\\dataconnect": could not find dataconnect.yaml in `c:\Users\pacco\Quizz\dataconnect`
 {"metadata":{"emulator":{"name":"dataconnect"},"message":"E0605 05:51:06.805319   25116 watch.go:40] Failed to load config from \"c:\\\\Users\\\\pacco\\\\Quizz\\\\dataconnect\": could not find dataconnect.yaml in `c:\\Users\\pacco\\Quizz\\dataconnect`\n"}}
[debug] [2026-06-05T04:51:16.805Z] E0605 05:51:16.805349   25116 watch.go:40] Failed to load config from "c:\\Users\\pacco\\Quizz\\dataconnect": could not find dataconnect.yaml in `c:\Users\pacco\Quizz\dataconnect`
E0605 05:51:16.805349   25116 watch.go:116] watchAllDir unable to walk dir `c:\Users\pacco\Quizz\dataconnect`: GetFileAttributesEx c:\Users\pacco\Quizz\dataconnect: The system cannot find the file specified.
 {"metadata":{"emulator":{"name":"dataconnect"},"message":"E0605 05:51:16.805349   25116 watch.go:40] Failed to load config from \"c:\\\\Users\\\\pacco\\\\Quizz\\\\dataconnect\": could not find dataconnect.yaml in `c:\\Users\\pacco\\Quizz\\dataconnect`\nE0605 05:51:16.805349   25116 watch.go:116] watchAllDir unable to walk dir `c:\\Users\\pacco\\Quizz\\dataconnect`: GetFileAttributesEx c:\\Users\\pacco\\Quizz\\dataconnect: The system cannot find the file specified.\n"}}
[debug] [2026-06-05T04:51:26.805Z] E0605 05:51:26.805088   25116 watch.go:40] Failed to load config from "c:\\Users\\pacco\\Quizz\\dataconnect": could not find dataconnect.yaml in `c:\Users\pacco\Quizz\dataconnect`
 {"metadata":{"emulator":{"name":"dataconnect"},"message":"E0605 05:51:26.805088   25116 watch.go:40] Failed to load config from \"c:\\\\Users\\\\pacco\\\\Quizz\\\\dataconnect\": could not find dataconnect.yaml in `c:\\Users\\pacco\\Quizz\\dataconnect`\n"}}
[debug] [2026-06-05T04:51:36.806Z] E0605 05:51:36.806043   25116 watch.go:40] Failed to load config from "c:\\Users\\pacco\\Quizz\\dataconnect": could not find dataconnect.yaml in `c:\Users\pacco\Quizz\dataconnect`
 {"metadata":{"emulator":{"name":"dataconnect"},"message":"E0605 05:51:36.806043   25116 watch.go:40] Failed to load config from \"c:\\\\Users\\\\pacco\\\\Quizz\\\\dataconnect\": could not find dataconnect.yaml in `c:\\Users\\pacco\\Quizz\\dataconnect`\n"}}
[debug] [2026-06-05T04:51:46.805Z] E0605 05:51:46.805369   25116 watch.go:40] Failed to load config from "c:\\Users\\pacco\\Quizz\\dataconnect": could not find dataconnect.yaml in `c:\Users\pacco\Quizz\dataconnect`
 {"metadata":{"emulator":{"name":"dataconnect"},"message":"E0605 05:51:46.805369   25116 watch.go:40] Failed to load config from \"c:\\\\Users\\\\pacco\\\\Quizz\\\\dataconnect\": could not find dataconnect.yaml in `c:\\Users\\pacco\\Quizz\\dataconnect`\n"}}
[debug] [2026-06-05T04:51:56.805Z] E0605 05:51:56.805140   25116 watch.go:40] Failed to load config from "c:\\Users\\pacco\\Quizz\\dataconnect": could not find dataconnect.yaml in `c:\Users\pacco\Quizz\dataconnect`
 {"metadata":{"emulator":{"name":"dataconnect"},"message":"E0605 05:51:56.805140   25116 watch.go:40] Failed to load config from \"c:\\\\Users\\\\pacco\\\\Quizz\\\\dataconnect\": could not find dataconnect.yaml in `c:\\Users\\pacco\\Quizz\\dataconnect`\n"}}
[debug] [2026-06-05T04:52:06.806Z] E0605 05:52:06.806103   25116 watch.go:40] Failed to load config from "c:\\Users\\pacco\\Quizz\\dataconnect": could not find dataconnect.yaml in `c:\Users\pacco\Quizz\dataconnect`
 {"metadata":{"emulator":{"name":"dataconnect"},"message":"E0605 05:52:06.806103   25116 watch.go:40] Failed to load config from \"c:\\\\Users\\\\pacco\\\\Quizz\\\\dataconnect\": could not find dataconnect.yaml in `c:\\Users\\pacco\\Quizz\\dataconnect`\n"}}
[debug] [2026-06-05T04:52:16.805Z] E0605 05:52:16.805311   25116 watch.go:40] Failed to load config from "c:\\Users\\pacco\\Quizz\\dataconnect": could not find dataconnect.yaml in `c:\Users\pacco\Quizz\dataconnect`
 {"metadata":{"emulator":{"name":"dataconnect"},"message":"E0605 05:52:16.805311   25116 watch.go:40] Failed to load config from \"c:\\\\Users\\\\pacco\\\\Quizz\\\\dataconnect\": could not find dataconnect.yaml in `c:\\Users\\pacco\\Quizz\\dataconnect`\n"}}
[debug] [2026-06-05T04:52:16.806Z] E0605 05:52:16.805817   25116 watch.go:116] watchAllDir unable to walk dir `c:\Users\pacco\Quizz\dataconnect`: GetFileAttributesEx c:\Users\pacco\Quizz\dataconnect: The system cannot find the file specified.
 {"metadata":{"emulator":{"name":"dataconnect"},"message":"E0605 05:52:16.805817   25116 watch.go:116] watchAllDir unable to walk dir `c:\\Users\\pacco\\Quizz\\dataconnect`: GetFileAttributesEx c:\\Users\\pacco\\Quizz\\dataconnect: The system cannot find the file specified.\n"}}
[debug] [2026-06-05T04:52:26.805Z] E0605 05:52:26.805543   25116 watch.go:40] Failed to load config from "c:\\Users\\pacco\\Quizz\\dataconnect": could not find dataconnect.yaml in `c:\Users\pacco\Quizz\dataconnect`
 {"metadata":{"emulator":{"name":"dataconnect"},"message":"E0605 05:52:26.805543   25116 watch.go:40] Failed to load config from \"c:\\\\Users\\\\pacco\\\\Quizz\\\\dataconnect\": could not find dataconnect.yaml in `c:\\Users\\pacco\\Quizz\\dataconnect`\n"}}
[debug] [2026-06-05T04:52:36.805Z] E0605 05:52:36.805751   25116 watch.go:40] Failed to load config from "c:\\Users\\pacco\\Quizz\\dataconnect": could not find dataconnect.yaml in `c:\Users\pacco\Quizz\dataconnect`
 {"metadata":{"emulator":{"name":"dataconnect"},"message":"E0605 05:52:36.805751   25116 watch.go:40] Failed to load config from \"c:\\\\Users\\\\pacco\\\\Quizz\\\\dataconnect\": could not find dataconnect.yaml in `c:\\Users\\pacco\\Quizz\\dataconnect`\n"}}
[debug] [2026-06-05T04:52:46.805Z] E0605 05:52:46.805351   25116 watch.go:40] Failed to load config from "c:\\Users\\pacco\\Quizz\\dataconnect": could not find dataconnect.yaml in `c:\Users\pacco\Quizz\dataconnect`
 {"metadata":{"emulator":{"name":"dataconnect"},"message":"E0605 05:52:46.805351   25116 watch.go:40] Failed to load config from \"c:\\\\Users\\\\pacco\\\\Quizz\\\\dataconnect\": could not find dataconnect.yaml in `c:\\Users\\pacco\\Quizz\\dataconnect`\n"}}
[debug] [2026-06-05T04:52:56.805Z] E0605 05:52:56.804895   25116 watch.go:40] Failed to load config from "c:\\Users\\pacco\\Quizz\\dataconnect": could not find dataconnect.yaml in `c:\Users\pacco\Quizz\dataconnect`
 {"metadata":{"emulator":{"name":"dataconnect"},"message":"E0605 05:52:56.804895   25116 watch.go:40] Failed to load config from \"c:\\\\Users\\\\pacco\\\\Quizz\\\\dataconnect\": could not find dataconnect.yaml in `c:\\Users\\pacco\\Quizz\\dataconnect`\n"}}
[debug] [2026-06-05T04:53:06.805Z] E0605 05:53:06.805133   25116 watch.go:40] Failed to load config from "c:\\Users\\pacco\\Quizz\\dataconnect": could not find dataconnect.yaml in `c:\Users\pacco\Quizz\dataconnect`
 {"metadata":{"emulator":{"name":"dataconnect"},"message":"E0605 05:53:06.805133   25116 watch.go:40] Failed to load config from \"c:\\\\Users\\\\pacco\\\\Quizz\\\\dataconnect\": could not find dataconnect.yaml in `c:\\Users\\pacco\\Quizz\\dataconnect`\n"}}
[debug] [2026-06-05T04:53:16.805Z] E0605 05:53:16.805257   25116 watch.go:40] Failed to load config from "c:\\Users\\pacco\\Quizz\\dataconnect": could not find dataconnect.yaml in `c:\Users\pacco\Quizz\dataconnect`
 {"metadata":{"emulator":{"name":"dataconnect"},"message":"E0605 05:53:16.805257   25116 watch.go:40] Failed to load config from \"c:\\\\Users\\\\pacco\\\\Quizz\\\\dataconnect\": could not find dataconnect.yaml in `c:\\Users\\pacco\\Quizz\\dataconnect`\n"}}
[debug] [2026-06-05T04:53:16.806Z] E0605 05:53:16.805926   25116 watch.go:116] watchAllDir unable to walk dir `c:\Users\pacco\Quizz\dataconnect`: GetFileAttributesEx c:\Users\pacco\Quizz\dataconnect: The system cannot find the file specified.
 {"metadata":{"emulator":{"name":"dataconnect"},"message":"E0605 05:53:16.805926   25116 watch.go:116] watchAllDir unable to walk dir `c:\\Users\\pacco\\Quizz\\dataconnect`: GetFileAttributesEx c:\\Users\\pacco\\Quizz\\dataconnect: The system cannot find the file specified.\n"}}
[debug] [2026-06-05T04:53:26.805Z] E0605 05:53:26.805135   25116 watch.go:40] Failed to load config from "c:\\Users\\pacco\\Quizz\\dataconnect": could not find dataconnect.yaml in `c:\Users\pacco\Quizz\dataconnect`
 {"metadata":{"emulator":{"name":"dataconnect"},"message":"E0605 05:53:26.805135   25116 watch.go:40] Failed to load config from \"c:\\\\Users\\\\pacco\\\\Quizz\\\\dataconnect\": could not find dataconnect.yaml in `c:\\Users\\pacco\\Quizz\\dataconnect`\n"}}
[debug] [2026-06-05T04:53:36.805Z] E0605 05:53:36.804904   25116 watch.go:40] Failed to load config from "c:\\Users\\pacco\\Quizz\\dataconnect": could not find dataconnect.yaml in `c:\Users\pacco\Quizz\dataconnect`
 {"metadata":{"emulator":{"name":"dataconnect"},"message":"E0605 05:53:36.804904   25116 watch.go:40] Failed to load config from \"c:\\\\Users\\\\pacco\\\\Quizz\\\\dataconnect\": could not find dataconnect.yaml in `c:\\Users\\pacco\\Quizz\\dataconnect`\n"}}
[debug] [2026-06-05T04:53:46.805Z] E0605 05:53:46.805217   25116 watch.go:40] Failed to load config from "c:\\Users\\pacco\\Quizz\\dataconnect": could not find dataconnect.yaml in `c:\Users\pacco\Quizz\dataconnect`
 {"metadata":{"emulator":{"name":"dataconnect"},"message":"E0605 05:53:46.805217   25116 watch.go:40] Failed to load config from \"c:\\\\Users\\\\pacco\\\\Quizz\\\\dataconnect\": could not find dataconnect.yaml in `c:\\Users\\pacco\\Quizz\\dataconnect`\n"}}
[debug] [2026-06-05T04:53:56.806Z] E0605 05:53:56.805373   25116 watch.go:40] Failed to load config from "c:\\Users\\pacco\\Quizz\\dataconnect": could not find dataconnect.yaml in `c:\Users\pacco\Quizz\dataconnect`
 {"metadata":{"emulator":{"name":"dataconnect"},"message":"E0605 05:53:56.805373   25116 watch.go:40] Failed to load config from \"c:\\\\Users\\\\pacco\\\\Quizz\\\\dataconnect\": could not find dataconnect.yaml in `c:\\Users\\pacco\\Quizz\\dataconnect`\n"}}
[debug] [2026-06-05T04:54:06.805Z] E0605 05:54:06.805554   25116 watch.go:40] Failed to load config from "c:\\Users\\pacco\\Quizz\\dataconnect": could not find dataconnect.yaml in `c:\Users\pacco\Quizz\dataconnect`
 {"metadata":{"emulator":{"name":"dataconnect"},"message":"E0605 05:54:06.805554   25116 watch.go:40] Failed to load config from \"c:\\\\Users\\\\pacco\\\\Quizz\\\\dataconnect\": could not find dataconnect.yaml in `c:\\Users\\pacco\\Quizz\\dataconnect`\n"}}
[debug] [2026-06-05T04:54:16.805Z] E0605 05:54:16.804852   25116 watch.go:40] Failed to load config from "c:\\Users\\pacco\\Quizz\\dataconnect": could not find dataconnect.yaml in `c:\Users\pacco\Quizz\dataconnect`
 {"metadata":{"emulator":{"name":"dataconnect"},"message":"E0605 05:54:16.804852   25116 watch.go:40] Failed to load config from \"c:\\\\Users\\\\pacco\\\\Quizz\\\\dataconnect\": could not find dataconnect.yaml in `c:\\Users\\pacco\\Quizz\\dataconnect`\n"}}
[debug] [2026-06-05T04:54:16.806Z] E0605 05:54:16.805544   25116 watch.go:116] watchAllDir unable to walk dir `c:\Users\pacco\Quizz\dataconnect`: GetFileAttributesEx c:\Users\pacco\Quizz\dataconnect: The system cannot find the file specified.
 {"metadata":{"emulator":{"name":"dataconnect"},"message":"E0605 05:54:16.805544   25116 watch.go:116] watchAllDir unable to walk dir `c:\\Users\\pacco\\Quizz\\dataconnect`: GetFileAttributesEx c:\\Users\\pacco\\Quizz\\dataconnect: The system cannot find the file specified.\n"}}
[debug] [2026-06-05T04:54:26.819Z] E0605 05:54:26.804908   25116 watch.go:40] Failed to load config from "c:\\Users\\pacco\\Quizz\\dataconnect": could not find dataconnect.yaml in `c:\Users\pacco\Quizz\dataconnect`
 {"metadata":{"emulator":{"name":"dataconnect"},"message":"E0605 05:54:26.804908   25116 watch.go:40] Failed to load config from \"c:\\\\Users\\\\pacco\\\\Quizz\\\\dataconnect\": could not find dataconnect.yaml in `c:\\Users\\pacco\\Quizz\\dataconnect`\n"}}
[debug] [2026-06-05T04:54:36.805Z] E0605 05:54:36.805311   25116 watch.go:40] Failed to load config from "c:\\Users\\pacco\\Quizz\\dataconnect": could not find dataconnect.yaml in `c:\Users\pacco\Quizz\dataconnect`
 {"metadata":{"emulator":{"name":"dataconnect"},"message":"E0605 05:54:36.805311   25116 watch.go:40] Failed to load config from \"c:\\\\Users\\\\pacco\\\\Quizz\\\\dataconnect\": could not find dataconnect.yaml in `c:\\Users\\pacco\\Quizz\\dataconnect`\n"}}
[debug] [2026-06-05T04:54:46.805Z] E0605 05:54:46.804952   25116 watch.go:40] Failed to load config from "c:\\Users\\pacco\\Quizz\\dataconnect": could not find dataconnect.yaml in `c:\Users\pacco\Quizz\dataconnect`
 {"metadata":{"emulator":{"name":"dataconnect"},"message":"E0605 05:54:46.804952   25116 watch.go:40] Failed to load config from \"c:\\\\Users\\\\pacco\\\\Quizz\\\\dataconnect\": could not find dataconnect.yaml in `c:\\Users\\pacco\\Quizz\\dataconnect`\n"}}
[debug] [2026-06-05T04:54:56.805Z] E0605 05:54:56.805753   25116 watch.go:40] Failed to load config from "c:\\Users\\pacco\\Quizz\\dataconnect": could not find dataconnect.yaml in `c:\Users\pacco\Quizz\dataconnect`
 {"metadata":{"emulator":{"name":"dataconnect"},"message":"E0605 05:54:56.805753   25116 watch.go:40] Failed to load config from \"c:\\\\Users\\\\pacco\\\\Quizz\\\\dataconnect\": could not find dataconnect.yaml in `c:\\Users\\pacco\\Quizz\\dataconnect`\n"}}
[debug] [2026-06-05T04:55:06.829Z] E0605 05:55:06.828609   25116 watch.go:40] Failed to load config from "c:\\Users\\pacco\\Quizz\\dataconnect": could not find dataconnect.yaml in `c:\Users\pacco\Quizz\dataconnect`
 {"metadata":{"emulator":{"name":"dataconnect"},"message":"E0605 05:55:06.828609   25116 watch.go:40] Failed to load config from \"c:\\\\Users\\\\pacco\\\\Quizz\\\\dataconnect\": could not find dataconnect.yaml in `c:\\Users\\pacco\\Quizz\\dataconnect`\n"}}
[debug] [2026-06-05T04:55:16.811Z] E0605 05:55:16.811722   25116 watch.go:116] watchAllDir unable to walk dir `c:\Users\pacco\Quizz\dataconnect`: GetFileAttributesEx c:\Users\pacco\Quizz\dataconnect: The system cannot find the file specified.
 {"metadata":{"emulator":{"name":"dataconnect"},"message":"E0605 05:55:16.811722   25116 watch.go:116] watchAllDir unable to walk dir `c:\\Users\\pacco\\Quizz\\dataconnect`: GetFileAttributesEx c:\\Users\\pacco\\Quizz\\dataconnect: The system cannot find the file specified.\n"}}
[debug] [2026-06-05T04:55:16.812Z] E0605 05:55:16.811722   25116 watch.go:40] Failed to load config from "c:\\Users\\pacco\\Quizz\\dataconnect": could not find dataconnect.yaml in `c:\Users\pacco\Quizz\dataconnect`
 {"metadata":{"emulator":{"name":"dataconnect"},"message":"E0605 05:55:16.811722   25116 watch.go:40] Failed to load config from \"c:\\\\Users\\\\pacco\\\\Quizz\\\\dataconnect\": could not find dataconnect.yaml in `c:\\Users\\pacco\\Quizz\\dataconnect`\n"}}
[debug] [2026-06-05T04:55:26.805Z] E0605 05:55:26.805354   25116 watch.go:40] Failed to load config from "c:\\Users\\pacco\\Quizz\\dataconnect": could not find dataconnect.yaml in `c:\Users\pacco\Quizz\dataconnect`
 {"metadata":{"emulator":{"name":"dataconnect"},"message":"E0605 05:55:26.805354   25116 watch.go:40] Failed to load config from \"c:\\\\Users\\\\pacco\\\\Quizz\\\\dataconnect\": could not find dataconnect.yaml in `c:\\Users\\pacco\\Quizz\\dataconnect`\n"}}
[debug] [2026-06-05T04:55:36.805Z] E0605 05:55:36.805217   25116 watch.go:40] Failed to load config from "c:\\Users\\pacco\\Quizz\\dataconnect": could not find dataconnect.yaml in `c:\Users\pacco\Quizz\dataconnect`
 {"metadata":{"emulator":{"name":"dataconnect"},"message":"E0605 05:55:36.805217   25116 watch.go:40] Failed to load config from \"c:\\\\Users\\\\pacco\\\\Quizz\\\\dataconnect\": could not find dataconnect.yaml in `c:\\Users\\pacco\\Quizz\\dataconnect`\n"}}
[debug] [2026-06-05T04:55:46.805Z] E0605 05:55:46.805215   25116 watch.go:40] Failed to load config from "c:\\Users\\pacco\\Quizz\\dataconnect": could not find dataconnect.yaml in `c:\Users\pacco\Quizz\dataconnect`
 {"metadata":{"emulator":{"name":"dataconnect"},"message":"E0605 05:55:46.805215   25116 watch.go:40] Failed to load config from \"c:\\\\Users\\\\pacco\\\\Quizz\\\\dataconnect\": could not find dataconnect.yaml in `c:\\Users\\pacco\\Quizz\\dataconnect`\n"}}
[debug] [2026-06-05T04:55:56.805Z] E0605 05:55:56.805281   25116 watch.go:40] Failed to load config from "c:\\Users\\pacco\\Quizz\\dataconnect": could not find dataconnect.yaml in `c:\Users\pacco\Quizz\dataconnect`
 {"metadata":{"emulator":{"name":"dataconnect"},"message":"E0605 05:55:56.805281   25116 watch.go:40] Failed to load config from \"c:\\\\Users\\\\pacco\\\\Quizz\\\\dataconnect\": could not find dataconnect.yaml in `c:\\Users\\pacco\\Quizz\\dataconnect`\n"}}
[debug] [2026-06-05T04:56:06.805Z] E0605 05:56:06.805138   25116 watch.go:40] Failed to load config from "c:\\Users\\pacco\\Quizz\\dataconnect": could not find dataconnect.yaml in `c:\Users\pacco\Quizz\dataconnect`
 {"metadata":{"emulator":{"name":"dataconnect"},"message":"E0605 05:56:06.805138   25116 watch.go:40] Failed to load config from \"c:\\\\Users\\\\pacco\\\\Quizz\\\\dataconnect\": could not find dataconnect.yaml in `c:\\Users\\pacco\\Quizz\\dataconnect`\n"}}
[debug] [2026-06-05T04:56:16.805Z] E0605 05:56:16.805467   25116 watch.go:116] watchAllDir unable to walk dir `c:\Users\pacco\Quizz\dataconnect`: GetFileAttributesEx c:\Users\pacco\Quizz\dataconnect: The system cannot find the file specified.
E0605 05:56:16.805467   25116 watch.go:40] Failed to load config from "c:\\Users\\pacco\\Quizz\\dataconnect": could not find dataconnect.yaml in `c:\Users\pacco\Quizz\dataconnect`
 {"metadata":{"emulator":{"name":"dataconnect"},"message":"E0605 05:56:16.805467   25116 watch.go:116] watchAllDir unable to walk dir `c:\\Users\\pacco\\Quizz\\dataconnect`: GetFileAttributesEx c:\\Users\\pacco\\Quizz\\dataconnect: The system cannot find the file specified.\nE0605 05:56:16.805467   25116 watch.go:40] Failed to load config from \"c:\\\\Users\\\\pacco\\\\Quizz\\\\dataconnect\": could not find dataconnect.yaml in `c:\\Users\\pacco\\Quizz\\dataconnect`\n"}}
[debug] [2026-06-05T04:56:26.805Z] E0605 05:56:26.805416   25116 watch.go:40] Failed to load config from "c:\\Users\\pacco\\Quizz\\dataconnect": could not find dataconnect.yaml in `c:\Users\pacco\Quizz\dataconnect`
 {"metadata":{"emulator":{"name":"dataconnect"},"message":"E0605 05:56:26.805416   25116 watch.go:40] Failed to load config from \"c:\\\\Users\\\\pacco\\\\Quizz\\\\dataconnect\": could not find dataconnect.yaml in `c:\\Users\\pacco\\Quizz\\dataconnect`\n"}}
[debug] [2026-06-05T04:56:36.805Z] E0605 05:56:36.805423   25116 watch.go:40] Failed to load config from "c:\\Users\\pacco\\Quizz\\dataconnect": could not find dataconnect.yaml in `c:\Users\pacco\Quizz\dataconnect`
 {"metadata":{"emulator":{"name":"dataconnect"},"message":"E0605 05:56:36.805423   25116 watch.go:40] Failed to load config from \"c:\\\\Users\\\\pacco\\\\Quizz\\\\dataconnect\": could not find dataconnect.yaml in `c:\\Users\\pacco\\Quizz\\dataconnect`\n"}}
[debug] [2026-06-05T04:56:46.806Z] E0605 05:56:46.806075   25116 watch.go:40] Failed to load config from "c:\\Users\\pacco\\Quizz\\dataconnect": could not find dataconnect.yaml in `c:\Users\pacco\Quizz\dataconnect`
 {"metadata":{"emulator":{"name":"dataconnect"},"message":"E0605 05:56:46.806075   25116 watch.go:40] Failed to load config from \"c:\\\\Users\\\\pacco\\\\Quizz\\\\dataconnect\": could not find dataconnect.yaml in `c:\\Users\\pacco\\Quizz\\dataconnect`\n"}}
[debug] [2026-06-05T04:56:56.805Z] E0605 05:56:56.805822   25116 watch.go:40] Failed to load config from "c:\\Users\\pacco\\Quizz\\dataconnect": could not find dataconnect.yaml in `c:\Users\pacco\Quizz\dataconnect`
 {"metadata":{"emulator":{"name":"dataconnect"},"message":"E0605 05:56:56.805822   25116 watch.go:40] Failed to load config from \"c:\\\\Users\\\\pacco\\\\Quizz\\\\dataconnect\": could not find dataconnect.yaml in `c:\\Users\\pacco\\Quizz\\dataconnect`\n"}}
[debug] [2026-06-05T04:57:06.805Z] E0605 05:57:06.805480   25116 watch.go:40] Failed to load config from "c:\\Users\\pacco\\Quizz\\dataconnect": could not find dataconnect.yaml in `c:\Users\pacco\Quizz\dataconnect`
 {"metadata":{"emulator":{"name":"dataconnect"},"message":"E0605 05:57:06.805480   25116 watch.go:40] Failed to load config from \"c:\\\\Users\\\\pacco\\\\Quizz\\\\dataconnect\": could not find dataconnect.yaml in `c:\\Users\\pacco\\Quizz\\dataconnect`\n"}}
[debug] [2026-06-05T04:57:16.805Z] E0605 05:57:16.805287   25116 watch.go:40] Failed to load config from "c:\\Users\\pacco\\Quizz\\dataconnect": could not find dataconnect.yaml in `c:\Users\pacco\Quizz\dataconnect`
 {"metadata":{"emulator":{"name":"dataconnect"},"message":"E0605 05:57:16.805287   25116 watch.go:40] Failed to load config from \"c:\\\\Users\\\\pacco\\\\Quizz\\\\dataconnect\": could not find dataconnect.yaml in `c:\\Users\\pacco\\Quizz\\dataconnect`\n"}}
[debug] [2026-06-05T04:57:16.806Z] E0605 05:57:16.805792   25116 watch.go:116] watchAllDir unable to walk dir `c:\Users\pacco\Quizz\dataconnect`: GetFileAttributesEx c:\Users\pacco\Quizz\dataconnect: The system cannot find the file specified.
 {"metadata":{"emulator":{"name":"dataconnect"},"message":"E0605 05:57:16.805792   25116 watch.go:116] watchAllDir unable to walk dir `c:\\Users\\pacco\\Quizz\\dataconnect`: GetFileAttributesEx c:\\Users\\pacco\\Quizz\\dataconnect: The system cannot find the file specified.\n"}}
[debug] [2026-06-05T04:57:26.805Z] E0605 05:57:26.805383   25116 watch.go:40] Failed to load config from "c:\\Users\\pacco\\Quizz\\dataconnect": could not find dataconnect.yaml in `c:\Users\pacco\Quizz\dataconnect`
 {"metadata":{"emulator":{"name":"dataconnect"},"message":"E0605 05:57:26.805383   25116 watch.go:40] Failed to load config from \"c:\\\\Users\\\\pacco\\\\Quizz\\\\dataconnect\": could not find dataconnect.yaml in `c:\\Users\\pacco\\Quizz\\dataconnect`\n"}}
[debug] [2026-06-05T04:57:36.805Z] E0605 05:57:36.805227   25116 watch.go:40] Failed to load config from "c:\\Users\\pacco\\Quizz\\dataconnect": could not find dataconnect.yaml in `c:\Users\pacco\Quizz\dataconnect`
 {"metadata":{"emulator":{"name":"dataconnect"},"message":"E0605 05:57:36.805227   25116 watch.go:40] Failed to load config from \"c:\\\\Users\\\\pacco\\\\Quizz\\\\dataconnect\": could not find dataconnect.yaml in `c:\\Users\\pacco\\Quizz\\dataconnect`\n"}}
[debug] [2026-06-05T04:57:46.805Z] E0605 05:57:46.805473   25116 watch.go:40] Failed to load config from "c:\\Users\\pacco\\Quizz\\dataconnect": could not find dataconnect.yaml in `c:\Users\pacco\Quizz\dataconnect`
 {"metadata":{"emulator":{"name":"dataconnect"},"message":"E0605 05:57:46.805473   25116 watch.go:40] Failed to load config from \"c:\\\\Users\\\\pacco\\\\Quizz\\\\dataconnect\": could not find dataconnect.yaml in `c:\\Users\\pacco\\Quizz\\dataconnect`\n"}}
[debug] [2026-06-05T04:57:56.805Z] E0605 05:57:56.805743   25116 watch.go:40] Failed to load config from "c:\\Users\\pacco\\Quizz\\dataconnect": could not find dataconnect.yaml in `c:\Users\pacco\Quizz\dataconnect`
 {"metadata":{"emulator":{"name":"dataconnect"},"message":"E0605 05:57:56.805743   25116 watch.go:40] Failed to load config from \"c:\\\\Users\\\\pacco\\\\Quizz\\\\dataconnect\": could not find dataconnect.yaml in `c:\\Users\\pacco\\Quizz\\dataconnect`\n"}}
[debug] [2026-06-05T04:58:06.805Z] E0605 05:58:06.805657   25116 watch.go:40] Failed to load config from "c:\\Users\\pacco\\Quizz\\dataconnect": could not find dataconnect.yaml in `c:\Users\pacco\Quizz\dataconnect`
 {"metadata":{"emulator":{"name":"dataconnect"},"message":"E0605 05:58:06.805657   25116 watch.go:40] Failed to load config from \"c:\\\\Users\\\\pacco\\\\Quizz\\\\dataconnect\": could not find dataconnect.yaml in `c:\\Users\\pacco\\Quizz\\dataconnect`\n"}}
[debug] [2026-06-05T04:58:16.805Z] E0605 05:58:16.805701   25116 watch.go:116] watchAllDir unable to walk dir `c:\Users\pacco\Quizz\dataconnect`: GetFileAttributesEx c:\Users\pacco\Quizz\dataconnect: The system cannot find the file specified.
 {"metadata":{"emulator":{"name":"dataconnect"},"message":"E0605 05:58:16.805701   25116 watch.go:116] watchAllDir unable to walk dir `c:\\Users\\pacco\\Quizz\\dataconnect`: GetFileAttributesEx c:\\Users\\pacco\\Quizz\\dataconnect: The system cannot find the file specified.\n"}}
[debug] [2026-06-05T04:58:16.806Z] E0605 05:58:16.805701   25116 watch.go:40] Failed to load config from "c:\\Users\\pacco\\Quizz\\dataconnect": could not find dataconnect.yaml in `c:\Users\pacco\Quizz\dataconnect`
 {"metadata":{"emulator":{"name":"dataconnect"},"message":"E0605 05:58:16.805701   25116 watch.go:40] Failed to load config from \"c:\\\\Users\\\\pacco\\\\Quizz\\\\dataconnect\": could not find dataconnect.yaml in `c:\\Users\\pacco\\Quizz\\dataconnect`\n"}}
[debug] [2026-06-05T04:58:26.805Z] E0605 05:58:26.805779   25116 watch.go:40] Failed to load config from "c:\\Users\\pacco\\Quizz\\dataconnect": could not find dataconnect.yaml in `c:\Users\pacco\Quizz\dataconnect`
 {"metadata":{"emulator":{"name":"dataconnect"},"message":"E0605 05:58:26.805779   25116 watch.go:40] Failed to load config from \"c:\\\\Users\\\\pacco\\\\Quizz\\\\dataconnect\": could not find dataconnect.yaml in `c:\\Users\\pacco\\Quizz\\dataconnect`\n"}}
[debug] [2026-06-05T04:58:36.806Z] E0605 05:58:36.806046   25116 watch.go:40] Failed to load config from "c:\\Users\\pacco\\Quizz\\dataconnect": could not find dataconnect.yaml in `c:\Users\pacco\Quizz\dataconnect`
 {"metadata":{"emulator":{"name":"dataconnect"},"message":"E0605 05:58:36.806046   25116 watch.go:40] Failed to load config from \"c:\\\\Users\\\\pacco\\\\Quizz\\\\dataconnect\": could not find dataconnect.yaml in `c:\\Users\\pacco\\Quizz\\dataconnect`\n"}}
[debug] [2026-06-05T04:58:46.805Z] E0605 05:58:46.805239   25116 watch.go:40] Failed to load config from "c:\\Users\\pacco\\Quizz\\dataconnect": could not find dataconnect.yaml in `c:\Users\pacco\Quizz\dataconnect`
 {"metadata":{"emulator":{"name":"dataconnect"},"message":"E0605 05:58:46.805239   25116 watch.go:40] Failed to load config from \"c:\\\\Users\\\\pacco\\\\Quizz\\\\dataconnect\": could not find dataconnect.yaml in `c:\\Users\\pacco\\Quizz\\dataconnect`\n"}}
[debug] [2026-06-05T04:58:56.805Z] E0605 05:58:56.805260   25116 watch.go:40] Failed to load config from "c:\\Users\\pacco\\Quizz\\dataconnect": could not find dataconnect.yaml in `c:\Users\pacco\Quizz\dataconnect`
 {"metadata":{"emulator":{"name":"dataconnect"},"message":"E0605 05:58:56.805260   25116 watch.go:40] Failed to load config from \"c:\\\\Users\\\\pacco\\\\Quizz\\\\dataconnect\": could not find dataconnect.yaml in `c:\\Users\\pacco\\Quizz\\dataconnect`\n"}}
[debug] [2026-06-05T04:59:06.806Z] E0605 05:59:06.805872   25116 watch.go:40] Failed to load config from "c:\\Users\\pacco\\Quizz\\dataconnect": could not find dataconnect.yaml in `c:\Users\pacco\Quizz\dataconnect`
 {"metadata":{"emulator":{"name":"dataconnect"},"message":"E0605 05:59:06.805872   25116 watch.go:40] Failed to load config from \"c:\\\\Users\\\\pacco\\\\Quizz\\\\dataconnect\": could not find dataconnect.yaml in `c:\\Users\\pacco\\Quizz\\dataconnect`\n"}}
[debug] [2026-06-05T04:59:16.805Z] E0605 05:59:16.805132   25116 watch.go:40] Failed to load config from "c:\\Users\\pacco\\Quizz\\dataconnect": could not find dataconnect.yaml in `c:\Users\pacco\Quizz\dataconnect`
 {"metadata":{"emulator":{"name":"dataconnect"},"message":"E0605 05:59:16.805132   25116 watch.go:40] Failed to load config from \"c:\\\\Users\\\\pacco\\\\Quizz\\\\dataconnect\": could not find dataconnect.yaml in `c:\\Users\\pacco\\Quizz\\dataconnect`\n"}}
[debug] [2026-06-05T04:59:16.806Z] E0605 05:59:16.805773   25116 watch.go:116] watchAllDir unable to walk dir `c:\Users\pacco\Quizz\dataconnect`: GetFileAttributesEx c:\Users\pacco\Quizz\dataconnect: The system cannot find the file specified.
 {"metadata":{"emulator":{"name":"dataconnect"},"message":"E0605 05:59:16.805773   25116 watch.go:116] watchAllDir unable to walk dir `c:\\Users\\pacco\\Quizz\\dataconnect`: GetFileAttributesEx c:\\Users\\pacco\\Quizz\\dataconnect: The system cannot find the file specified.\n"}}
[debug] [2026-06-05T04:59:26.805Z] E0605 05:59:26.805361   25116 watch.go:40] Failed to load config from "c:\\Users\\pacco\\Quizz\\dataconnect": could not find dataconnect.yaml in `c:\Users\pacco\Quizz\dataconnect`
 {"metadata":{"emulator":{"name":"dataconnect"},"message":"E0605 05:59:26.805361   25116 watch.go:40] Failed to load config from \"c:\\\\Users\\\\pacco\\\\Quizz\\\\dataconnect\": could not find dataconnect.yaml in `c:\\Users\\pacco\\Quizz\\dataconnect`\n"}}
[debug] [2026-06-05T04:59:36.806Z] E0605 05:59:36.805422   25116 watch.go:40] Failed to load config from "c:\\Users\\pacco\\Quizz\\dataconnect": could not find dataconnect.yaml in `c:\Users\pacco\Quizz\dataconnect`
 {"metadata":{"emulator":{"name":"dataconnect"},"message":"E0605 05:59:36.805422   25116 watch.go:40] Failed to load config from \"c:\\\\Users\\\\pacco\\\\Quizz\\\\dataconnect\": could not find dataconnect.yaml in `c:\\Users\\pacco\\Quizz\\dataconnect`\n"}}
[debug] [2026-06-05T04:59:46.805Z] E0605 05:59:46.805203   25116 watch.go:40] Failed to load config from "c:\\Users\\pacco\\Quizz\\dataconnect": could not find dataconnect.yaml in `c:\Users\pacco\Quizz\dataconnect`
 {"metadata":{"emulator":{"name":"dataconnect"},"message":"E0605 05:59:46.805203   25116 watch.go:40] Failed to load config from \"c:\\\\Users\\\\pacco\\\\Quizz\\\\dataconnect\": could not find dataconnect.yaml in `c:\\Users\\pacco\\Quizz\\dataconnect`\n"}}
[debug] [2026-06-05T04:59:56.805Z] E0605 05:59:56.805400   25116 watch.go:40] Failed to load config from "c:\\Users\\pacco\\Quizz\\dataconnect": could not find dataconnect.yaml in `c:\Users\pacco\Quizz\dataconnect`
 {"metadata":{"emulator":{"name":"dataconnect"},"message":"E0605 05:59:56.805400   25116 watch.go:40] Failed to load config from \"c:\\\\Users\\\\pacco\\\\Quizz\\\\dataconnect\": could not find dataconnect.yaml in `c:\\Users\\pacco\\Quizz\\dataconnect`\n"}}
[debug] [2026-06-05T05:00:06.810Z] E0605 06:00:06.810151   25116 watch.go:40] Failed to load config from "c:\\Users\\pacco\\Quizz\\dataconnect": could not find dataconnect.yaml in `c:\Users\pacco\Quizz\dataconnect`
 {"metadata":{"emulator":{"name":"dataconnect"},"message":"E0605 06:00:06.810151   25116 watch.go:40] Failed to load config from \"c:\\\\Users\\\\pacco\\\\Quizz\\\\dataconnect\": could not find dataconnect.yaml in `c:\\Users\\pacco\\Quizz\\dataconnect`\n"}}
[debug] [2026-06-05T05:00:16.805Z] E0605 06:00:16.804852   25116 watch.go:40] Failed to load config from "c:\\Users\\pacco\\Quizz\\dataconnect": could not find dataconnect.yaml in `c:\Users\pacco\Quizz\dataconnect`
E0605 06:00:16.805401   25116 watch.go:116] watchAllDir unable to walk dir `c:\Users\pacco\Quizz\dataconnect`: GetFileAttributesEx c:\Users\pacco\Quizz\dataconnect: The system cannot find the file specified.
 {"metadata":{"emulator":{"name":"dataconnect"},"message":"E0605 06:00:16.804852   25116 watch.go:40] Failed to load config from \"c:\\\\Users\\\\pacco\\\\Quizz\\\\dataconnect\": could not find dataconnect.yaml in `c:\\Users\\pacco\\Quizz\\dataconnect`\nE0605 06:00:16.805401   25116 watch.go:116] watchAllDir unable to walk dir `c:\\Users\\pacco\\Quizz\\dataconnect`: GetFileAttributesEx c:\\Users\\pacco\\Quizz\\dataconnect: The system cannot find the file specified.\n"}}
[debug] [2026-06-05T05:00:26.805Z] E0605 06:00:26.805470   25116 watch.go:40] Failed to load config from "c:\\Users\\pacco\\Quizz\\dataconnect": could not find dataconnect.yaml in `c:\Users\pacco\Quizz\dataconnect`
 {"metadata":{"emulator":{"name":"dataconnect"},"message":"E0605 06:00:26.805470   25116 watch.go:40] Failed to load config from \"c:\\\\Users\\\\pacco\\\\Quizz\\\\dataconnect\": could not find dataconnect.yaml in `c:\\Users\\pacco\\Quizz\\dataconnect`\n"}}
[debug] [2026-06-05T05:00:36.805Z] E0605 06:00:36.805420   25116 watch.go:40] Failed to load config from "c:\\Users\\pacco\\Quizz\\dataconnect": could not find dataconnect.yaml in `c:\Users\pacco\Quizz\dataconnect`
 {"metadata":{"emulator":{"name":"dataconnect"},"message":"E0605 06:00:36.805420   25116 watch.go:40] Failed to load config from \"c:\\\\Users\\\\pacco\\\\Quizz\\\\dataconnect\": could not find dataconnect.yaml in `c:\\Users\\pacco\\Quizz\\dataconnect`\n"}}
[debug] [2026-06-05T05:00:46.805Z] E0605 06:00:46.805396   25116 watch.go:40] Failed to load config from "c:\\Users\\pacco\\Quizz\\dataconnect": could not find dataconnect.yaml in `c:\Users\pacco\Quizz\dataconnect`
 {"metadata":{"emulator":{"name":"dataconnect"},"message":"E0605 06:00:46.805396   25116 watch.go:40] Failed to load config from \"c:\\\\Users\\\\pacco\\\\Quizz\\\\dataconnect\": could not find dataconnect.yaml in `c:\\Users\\pacco\\Quizz\\dataconnect`\n"}}
[debug] [2026-06-05T05:00:56.805Z] E0605 06:00:56.805281   25116 watch.go:40] Failed to load config from "c:\\Users\\pacco\\Quizz\\dataconnect": could not find dataconnect.yaml in `c:\Users\pacco\Quizz\dataconnect`
 {"metadata":{"emulator":{"name":"dataconnect"},"message":"E0605 06:00:56.805281   25116 watch.go:40] Failed to load config from \"c:\\\\Users\\\\pacco\\\\Quizz\\\\dataconnect\": could not find dataconnect.yaml in `c:\\Users\\pacco\\Quizz\\dataconnect`\n"}}
[debug] [2026-06-05T05:01:06.805Z] E0605 06:01:06.805511   25116 watch.go:40] Failed to load config from "c:\\Users\\pacco\\Quizz\\dataconnect": could not find dataconnect.yaml in `c:\Users\pacco\Quizz\dataconnect`
 {"metadata":{"emulator":{"name":"dataconnect"},"message":"E0605 06:01:06.805511   25116 watch.go:40] Failed to load config from \"c:\\\\Users\\\\pacco\\\\Quizz\\\\dataconnect\": could not find dataconnect.yaml in `c:\\Users\\pacco\\Quizz\\dataconnect`\n"}}
[debug] [2026-06-05T05:01:16.805Z] E0605 06:01:16.805674   25116 watch.go:40] Failed to load config from "c:\\Users\\pacco\\Quizz\\dataconnect": could not find dataconnect.yaml in `c:\Users\pacco\Quizz\dataconnect`
E0605 06:01:16.805674   25116 watch.go:116] watchAllDir unable to walk dir `c:\Users\pacco\Quizz\dataconnect`: GetFileAttributesEx c:\Users\pacco\Quizz\dataconnect: The system cannot find the file specified.
 {"metadata":{"emulator":{"name":"dataconnect"},"message":"E0605 06:01:16.805674   25116 watch.go:40] Failed to load config from \"c:\\\\Users\\\\pacco\\\\Quizz\\\\dataconnect\": could not find dataconnect.yaml in `c:\\Users\\pacco\\Quizz\\dataconnect`\nE0605 06:01:16.805674   25116 watch.go:116] watchAllDir unable to walk dir `c:\\Users\\pacco\\Quizz\\dataconnect`: GetFileAttributesEx c:\\Users\\pacco\\Quizz\\dataconnect: The system cannot find the file specified.\n"}}
[debug] [2026-06-05T05:01:26.805Z] E0605 06:01:26.805270   25116 watch.go:40] Failed to load config from "c:\\Users\\pacco\\Quizz\\dataconnect": could not find dataconnect.yaml in `c:\Users\pacco\Quizz\dataconnect`
 {"metadata":{"emulator":{"name":"dataconnect"},"message":"E0605 06:01:26.805270   25116 watch.go:40] Failed to load config from \"c:\\\\Users\\\\pacco\\\\Quizz\\\\dataconnect\": could not find dataconnect.yaml in `c:\\Users\\pacco\\Quizz\\dataconnect`\n"}}
[debug] [2026-06-05T05:01:36.805Z] E0605 06:01:36.805292   25116 watch.go:40] Failed to load config from "c:\\Users\\pacco\\Quizz\\dataconnect": could not find dataconnect.yaml in `c:\Users\pacco\Quizz\dataconnect`
 {"metadata":{"emulator":{"name":"dataconnect"},"message":"E0605 06:01:36.805292   25116 watch.go:40] Failed to load config from \"c:\\\\Users\\\\pacco\\\\Quizz\\\\dataconnect\": could not find dataconnect.yaml in `c:\\Users\\pacco\\Quizz\\dataconnect`\n"}}
[debug] [2026-06-05T05:01:46.805Z] E0605 06:01:46.805244   25116 watch.go:40] Failed to load config from "c:\\Users\\pacco\\Quizz\\dataconnect": could not find dataconnect.yaml in `c:\Users\pacco\Quizz\dataconnect`
 {"metadata":{"emulator":{"name":"dataconnect"},"message":"E0605 06:01:46.805244   25116 watch.go:40] Failed to load config from \"c:\\\\Users\\\\pacco\\\\Quizz\\\\dataconnect\": could not find dataconnect.yaml in `c:\\Users\\pacco\\Quizz\\dataconnect`\n"}}
[debug] [2026-06-05T05:01:56.805Z] E0605 06:01:56.805283   25116 watch.go:40] Failed to load config from "c:\\Users\\pacco\\Quizz\\dataconnect": could not find dataconnect.yaml in `c:\Users\pacco\Quizz\dataconnect`
 {"metadata":{"emulator":{"name":"dataconnect"},"message":"E0605 06:01:56.805283   25116 watch.go:40] Failed to load config from \"c:\\\\Users\\\\pacco\\\\Quizz\\\\dataconnect\": could not find dataconnect.yaml in `c:\\Users\\pacco\\Quizz\\dataconnect`\n"}}
[debug] [2026-06-05T05:02:06.805Z] E0605 06:02:06.805787   25116 watch.go:40] Failed to load config from "c:\\Users\\pacco\\Quizz\\dataconnect": could not find dataconnect.yaml in `c:\Users\pacco\Quizz\dataconnect`
 {"metadata":{"emulator":{"name":"dataconnect"},"message":"E0605 06:02:06.805787   25116 watch.go:40] Failed to load config from \"c:\\\\Users\\\\pacco\\\\Quizz\\\\dataconnect\": could not find dataconnect.yaml in `c:\\Users\\pacco\\Quizz\\dataconnect`\n"}}
[debug] [2026-06-05T05:02:16.807Z] E0605 06:02:16.806830   25116 watch.go:116] watchAllDir unable to walk dir `c:\Users\pacco\Quizz\dataconnect`: GetFileAttributesEx c:\Users\pacco\Quizz\dataconnect: The system cannot find the file specified.
 {"metadata":{"emulator":{"name":"dataconnect"},"message":"E0605 06:02:16.806830   25116 watch.go:116] watchAllDir unable to walk dir `c:\\Users\\pacco\\Quizz\\dataconnect`: GetFileAttributesEx c:\\Users\\pacco\\Quizz\\dataconnect: The system cannot find the file specified.\n"}}
[debug] [2026-06-05T05:02:16.808Z] E0605 06:02:16.806830   25116 watch.go:40] Failed to load config from "c:\\Users\\pacco\\Quizz\\dataconnect": could not find dataconnect.yaml in `c:\Users\pacco\Quizz\dataconnect`
 {"metadata":{"emulator":{"name":"dataconnect"},"message":"E0605 06:02:16.806830   25116 watch.go:40] Failed to load config from \"c:\\\\Users\\\\pacco\\\\Quizz\\\\dataconnect\": could not find dataconnect.yaml in `c:\\Users\\pacco\\Quizz\\dataconnect`\n"}}
[debug] [2026-06-05T05:02:26.805Z] E0605 06:02:26.805503   25116 watch.go:40] Failed to load config from "c:\\Users\\pacco\\Quizz\\dataconnect": could not find dataconnect.yaml in `c:\Users\pacco\Quizz\dataconnect`
 {"metadata":{"emulator":{"name":"dataconnect"},"message":"E0605 06:02:26.805503   25116 watch.go:40] Failed to load config from \"c:\\\\Users\\\\pacco\\\\Quizz\\\\dataconnect\": could not find dataconnect.yaml in `c:\\Users\\pacco\\Quizz\\dataconnect`\n"}}
[debug] [2026-06-05T05:02:36.805Z] E0605 06:02:36.805360   25116 watch.go:40] Failed to load config from "c:\\Users\\pacco\\Quizz\\dataconnect": could not find dataconnect.yaml in `c:\Users\pacco\Quizz\dataconnect`
 {"metadata":{"emulator":{"name":"dataconnect"},"message":"E0605 06:02:36.805360   25116 watch.go:40] Failed to load config from \"c:\\\\Users\\\\pacco\\\\Quizz\\\\dataconnect\": could not find dataconnect.yaml in `c:\\Users\\pacco\\Quizz\\dataconnect`\n"}}
[debug] [2026-06-05T05:02:46.806Z] E0605 06:02:46.806013   25116 watch.go:40] Failed to load config from "c:\\Users\\pacco\\Quizz\\dataconnect": could not find dataconnect.yaml in `c:\Users\pacco\Quizz\dataconnect`
 {"metadata":{"emulator":{"name":"dataconnect"},"message":"E0605 06:02:46.806013   25116 watch.go:40] Failed to load config from \"c:\\\\Users\\\\pacco\\\\Quizz\\\\dataconnect\": could not find dataconnect.yaml in `c:\\Users\\pacco\\Quizz\\dataconnect`\n"}}
[debug] [2026-06-05T05:02:56.807Z] E0605 06:02:56.806624   25116 watch.go:40] Failed to load config from "c:\\Users\\pacco\\Quizz\\dataconnect": could not find dataconnect.yaml in `c:\Users\pacco\Quizz\dataconnect`
 {"metadata":{"emulator":{"name":"dataconnect"},"message":"E0605 06:02:56.806624   25116 watch.go:40] Failed to load config from \"c:\\\\Users\\\\pacco\\\\Quizz\\\\dataconnect\": could not find dataconnect.yaml in `c:\\Users\\pacco\\Quizz\\dataconnect`\n"}}
[debug] [2026-06-05T05:03:06.805Z] E0605 06:03:06.805480   25116 watch.go:40] Failed to load config from "c:\\Users\\pacco\\Quizz\\dataconnect": could not find dataconnect.yaml in `c:\Users\pacco\Quizz\dataconnect`
 {"metadata":{"emulator":{"name":"dataconnect"},"message":"E0605 06:03:06.805480   25116 watch.go:40] Failed to load config from \"c:\\\\Users\\\\pacco\\\\Quizz\\\\dataconnect\": could not find dataconnect.yaml in `c:\\Users\\pacco\\Quizz\\dataconnect`\n"}}
[debug] [2026-06-05T05:03:16.806Z] E0605 06:03:16.805927   25116 watch.go:116] watchAllDir unable to walk dir `c:\Users\pacco\Quizz\dataconnect`: GetFileAttributesEx c:\Users\pacco\Quizz\dataconnect: The system cannot find the file specified.
 {"metadata":{"emulator":{"name":"dataconnect"},"message":"E0605 06:03:16.805927   25116 watch.go:116] watchAllDir unable to walk dir `c:\\Users\\pacco\\Quizz\\dataconnect`: GetFileAttributesEx c:\\Users\\pacco\\Quizz\\dataconnect: The system cannot find the file specified.\n"}}
[debug] [2026-06-05T05:03:16.809Z] E0605 06:03:16.809355   25116 watch.go:40] Failed to load config from "c:\\Users\\pacco\\Quizz\\dataconnect": could not find dataconnect.yaml in `c:\Users\pacco\Quizz\dataconnect`
 {"metadata":{"emulator":{"name":"dataconnect"},"message":"E0605 06:03:16.809355   25116 watch.go:40] Failed to load config from \"c:\\\\Users\\\\pacco\\\\Quizz\\\\dataconnect\": could not find dataconnect.yaml in `c:\\Users\\pacco\\Quizz\\dataconnect`\n"}}
[debug] [2026-06-05T05:03:26.806Z] E0605 06:03:26.806232   25116 watch.go:40] Failed to load config from "c:\\Users\\pacco\\Quizz\\dataconnect": could not find dataconnect.yaml in `c:\Users\pacco\Quizz\dataconnect`
 {"metadata":{"emulator":{"name":"dataconnect"},"message":"E0605 06:03:26.806232   25116 watch.go:40] Failed to load config from \"c:\\\\Users\\\\pacco\\\\Quizz\\\\dataconnect\": could not find dataconnect.yaml in `c:\\Users\\pacco\\Quizz\\dataconnect`\n"}}
[debug] [2026-06-05T05:03:36.805Z] E0605 06:03:36.805471   25116 watch.go:40] Failed to load config from "c:\\Users\\pacco\\Quizz\\dataconnect": could not find dataconnect.yaml in `c:\Users\pacco\Quizz\dataconnect`
 {"metadata":{"emulator":{"name":"dataconnect"},"message":"E0605 06:03:36.805471   25116 watch.go:40] Failed to load config from \"c:\\\\Users\\\\pacco\\\\Quizz\\\\dataconnect\": could not find dataconnect.yaml in `c:\\Users\\pacco\\Quizz\\dataconnect`\n"}}
[debug] [2026-06-05T05:03:46.805Z] E0605 06:03:46.805413   25116 watch.go:40] Failed to load config from "c:\\Users\\pacco\\Quizz\\dataconnect": could not find dataconnect.yaml in `c:\Users\pacco\Quizz\dataconnect`
 {"metadata":{"emulator":{"name":"dataconnect"},"message":"E0605 06:03:46.805413   25116 watch.go:40] Failed to load config from \"c:\\\\Users\\\\pacco\\\\Quizz\\\\dataconnect\": could not find dataconnect.yaml in `c:\\Users\\pacco\\Quizz\\dataconnect`\n"}}
[debug] [2026-06-05T05:03:56.805Z] E0605 06:03:56.805551   25116 watch.go:40] Failed to load config from "c:\\Users\\pacco\\Quizz\\dataconnect": could not find dataconnect.yaml in `c:\Users\pacco\Quizz\dataconnect`
 {"metadata":{"emulator":{"name":"dataconnect"},"message":"E0605 06:03:56.805551   25116 watch.go:40] Failed to load config from \"c:\\\\Users\\\\pacco\\\\Quizz\\\\dataconnect\": could not find dataconnect.yaml in `c:\\Users\\pacco\\Quizz\\dataconnect`\n"}}
[debug] [2026-06-05T05:04:06.806Z] E0605 06:04:06.806164   25116 watch.go:40] Failed to load config from "c:\\Users\\pacco\\Quizz\\dataconnect": could not find dataconnect.yaml in `c:\Users\pacco\Quizz\dataconnect`
 {"metadata":{"emulator":{"name":"dataconnect"},"message":"E0605 06:04:06.806164   25116 watch.go:40] Failed to load config from \"c:\\\\Users\\\\pacco\\\\Quizz\\\\dataconnect\": could not find dataconnect.yaml in `c:\\Users\\pacco\\Quizz\\dataconnect`\n"}}
[debug] [2026-06-05T05:04:16.806Z] E0605 06:04:16.805675   25116 watch.go:116] watchAllDir unable to walk dir `c:\Users\pacco\Quizz\dataconnect`: GetFileAttributesEx c:\Users\pacco\Quizz\dataconnect: The system cannot find the file specified.
 {"metadata":{"emulator":{"name":"dataconnect"},"message":"E0605 06:04:16.805675   25116 watch.go:116] watchAllDir unable to walk dir `c:\\Users\\pacco\\Quizz\\dataconnect`: GetFileAttributesEx c:\\Users\\pacco\\Quizz\\dataconnect: The system cannot find the file specified.\n"}}
[debug] [2026-06-05T05:04:16.806Z] E0605 06:04:16.806704   25116 watch.go:40] Failed to load config from "c:\\Users\\pacco\\Quizz\\dataconnect": could not find dataconnect.yaml in `c:\Users\pacco\Quizz\dataconnect`
 {"metadata":{"emulator":{"name":"dataconnect"},"message":"E0605 06:04:16.806704   25116 watch.go:40] Failed to load config from \"c:\\\\Users\\\\pacco\\\\Quizz\\\\dataconnect\": could not find dataconnect.yaml in `c:\\Users\\pacco\\Quizz\\dataconnect`\n"}}
[debug] [2026-06-05T05:04:26.805Z] E0605 06:04:26.805194   25116 watch.go:40] Failed to load config from "c:\\Users\\pacco\\Quizz\\dataconnect": could not find dataconnect.yaml in `c:\Users\pacco\Quizz\dataconnect`
 {"metadata":{"emulator":{"name":"dataconnect"},"message":"E0605 06:04:26.805194   25116 watch.go:40] Failed to load config from \"c:\\\\Users\\\\pacco\\\\Quizz\\\\dataconnect\": could not find dataconnect.yaml in `c:\\Users\\pacco\\Quizz\\dataconnect`\n"}}
[debug] [2026-06-05T05:04:36.805Z] E0605 06:04:36.805539   25116 watch.go:40] Failed to load config from "c:\\Users\\pacco\\Quizz\\dataconnect": could not find dataconnect.yaml in `c:\Users\pacco\Quizz\dataconnect`
 {"metadata":{"emulator":{"name":"dataconnect"},"message":"E0605 06:04:36.805539   25116 watch.go:40] Failed to load config from \"c:\\\\Users\\\\pacco\\\\Quizz\\\\dataconnect\": could not find dataconnect.yaml in `c:\\Users\\pacco\\Quizz\\dataconnect`\n"}}
[debug] [2026-06-05T05:04:46.830Z] E0605 06:04:46.829843   25116 watch.go:40] Failed to load config from "c:\\Users\\pacco\\Quizz\\dataconnect": could not find dataconnect.yaml in `c:\Users\pacco\Quizz\dataconnect`
 {"metadata":{"emulator":{"name":"dataconnect"},"message":"E0605 06:04:46.829843   25116 watch.go:40] Failed to load config from \"c:\\\\Users\\\\pacco\\\\Quizz\\\\dataconnect\": could not find dataconnect.yaml in `c:\\Users\\pacco\\Quizz\\dataconnect`\n"}}
[debug] [2026-06-05T05:04:56.805Z] E0605 06:04:56.805913   25116 watch.go:40] Failed to load config from "c:\\Users\\pacco\\Quizz\\dataconnect": could not find dataconnect.yaml in `c:\Users\pacco\Quizz\dataconnect`
 {"metadata":{"emulator":{"name":"dataconnect"},"message":"E0605 06:04:56.805913   25116 watch.go:40] Failed to load config from \"c:\\\\Users\\\\pacco\\\\Quizz\\\\dataconnect\": could not find dataconnect.yaml in `c:\\Users\\pacco\\Quizz\\dataconnect`\n"}}
[debug] [2026-06-05T05:05:06.805Z] E0605 06:05:06.805672   25116 watch.go:40] Failed to load config from "c:\\Users\\pacco\\Quizz\\dataconnect": could not find dataconnect.yaml in `c:\Users\pacco\Quizz\dataconnect`
 {"metadata":{"emulator":{"name":"dataconnect"},"message":"E0605 06:05:06.805672   25116 watch.go:40] Failed to load config from \"c:\\\\Users\\\\pacco\\\\Quizz\\\\dataconnect\": could not find dataconnect.yaml in `c:\\Users\\pacco\\Quizz\\dataconnect`\n"}}
[debug] [2026-06-05T05:05:16.805Z] E0605 06:05:16.805150   25116 watch.go:40] Failed to load config from "c:\\Users\\pacco\\Quizz\\dataconnect": could not find dataconnect.yaml in `c:\Users\pacco\Quizz\dataconnect`
 {"metadata":{"emulator":{"name":"dataconnect"},"message":"E0605 06:05:16.805150   25116 watch.go:40] Failed to load config from \"c:\\\\Users\\\\pacco\\\\Quizz\\\\dataconnect\": could not find dataconnect.yaml in `c:\\Users\\pacco\\Quizz\\dataconnect`\n"}}
[debug] [2026-06-05T05:05:16.805Z] E0605 06:05:16.805781   25116 watch.go:116] watchAllDir unable to walk dir `c:\Users\pacco\Quizz\dataconnect`: GetFileAttributesEx c:\Users\pacco\Quizz\dataconnect: The system cannot find the file specified.
 {"metadata":{"emulator":{"name":"dataconnect"},"message":"E0605 06:05:16.805781   25116 watch.go:116] watchAllDir unable to walk dir `c:\\Users\\pacco\\Quizz\\dataconnect`: GetFileAttributesEx c:\\Users\\pacco\\Quizz\\dataconnect: The system cannot find the file specified.\n"}}
[debug] [2026-06-05T05:05:26.805Z] E0605 06:05:26.805277   25116 watch.go:40] Failed to load config from "c:\\Users\\pacco\\Quizz\\dataconnect": could not find dataconnect.yaml in `c:\Users\pacco\Quizz\dataconnect`
 {"metadata":{"emulator":{"name":"dataconnect"},"message":"E0605 06:05:26.805277   25116 watch.go:40] Failed to load config from \"c:\\\\Users\\\\pacco\\\\Quizz\\\\dataconnect\": could not find dataconnect.yaml in `c:\\Users\\pacco\\Quizz\\dataconnect`\n"}}
[debug] [2026-06-05T05:05:36.805Z] E0605 06:05:36.805065   25116 watch.go:40] Failed to load config from "c:\\Users\\pacco\\Quizz\\dataconnect": could not find dataconnect.yaml in `c:\Users\pacco\Quizz\dataconnect`
 {"metadata":{"emulator":{"name":"dataconnect"},"message":"E0605 06:05:36.805065   25116 watch.go:40] Failed to load config from \"c:\\\\Users\\\\pacco\\\\Quizz\\\\dataconnect\": could not find dataconnect.yaml in `c:\\Users\\pacco\\Quizz\\dataconnect`\n"}}
[debug] [2026-06-05T05:05:46.806Z] E0605 06:05:46.805445   25116 watch.go:40] Failed to load config from "c:\\Users\\pacco\\Quizz\\dataconnect": could not find dataconnect.yaml in `c:\Users\pacco\Quizz\dataconnect`
 {"metadata":{"emulator":{"name":"dataconnect"},"message":"E0605 06:05:46.805445   25116 watch.go:40] Failed to load config from \"c:\\\\Users\\\\pacco\\\\Quizz\\\\dataconnect\": could not find dataconnect.yaml in `c:\\Users\\pacco\\Quizz\\dataconnect`\n"}}
[debug] [2026-06-05T05:05:56.806Z] E0605 06:05:56.805664   25116 watch.go:40] Failed to load config from "c:\\Users\\pacco\\Quizz\\dataconnect": could not find dataconnect.yaml in `c:\Users\pacco\Quizz\dataconnect`
 {"metadata":{"emulator":{"name":"dataconnect"},"message":"E0605 06:05:56.805664   25116 watch.go:40] Failed to load config from \"c:\\\\Users\\\\pacco\\\\Quizz\\\\dataconnect\": could not find dataconnect.yaml in `c:\\Users\\pacco\\Quizz\\dataconnect`\n"}}
[debug] [2026-06-05T05:06:06.805Z] E0605 06:06:06.804837   25116 watch.go:40] Failed to load config from "c:\\Users\\pacco\\Quizz\\dataconnect": could not find dataconnect.yaml in `c:\Users\pacco\Quizz\dataconnect`
 {"metadata":{"emulator":{"name":"dataconnect"},"message":"E0605 06:06:06.804837   25116 watch.go:40] Failed to load config from \"c:\\\\Users\\\\pacco\\\\Quizz\\\\dataconnect\": could not find dataconnect.yaml in `c:\\Users\\pacco\\Quizz\\dataconnect`\n"}}
[debug] [2026-06-05T05:06:16.805Z] E0605 06:06:16.805560   25116 watch.go:116] watchAllDir unable to walk dir `c:\Users\pacco\Quizz\dataconnect`: GetFileAttributesEx c:\Users\pacco\Quizz\dataconnect: The system cannot find the file specified.
 {"metadata":{"emulator":{"name":"dataconnect"},"message":"E0605 06:06:16.805560   25116 watch.go:116] watchAllDir unable to walk dir `c:\\Users\\pacco\\Quizz\\dataconnect`: GetFileAttributesEx c:\\Users\\pacco\\Quizz\\dataconnect: The system cannot find the file specified.\n"}}
[debug] [2026-06-05T05:06:16.806Z] E0605 06:06:16.805560   25116 watch.go:40] Failed to load config from "c:\\Users\\pacco\\Quizz\\dataconnect": could not find dataconnect.yaml in `c:\Users\pacco\Quizz\dataconnect`
 {"metadata":{"emulator":{"name":"dataconnect"},"message":"E0605 06:06:16.805560   25116 watch.go:40] Failed to load config from \"c:\\\\Users\\\\pacco\\\\Quizz\\\\dataconnect\": could not find dataconnect.yaml in `c:\\Users\\pacco\\Quizz\\dataconnect`\n"}}
[debug] [2026-06-05T05:06:26.806Z] E0605 06:06:26.805499   25116 watch.go:40] Failed to load config from "c:\\Users\\pacco\\Quizz\\dataconnect": could not find dataconnect.yaml in `c:\Users\pacco\Quizz\dataconnect`
 {"metadata":{"emulator":{"name":"dataconnect"},"message":"E0605 06:06:26.805499   25116 watch.go:40] Failed to load config from \"c:\\\\Users\\\\pacco\\\\Quizz\\\\dataconnect\": could not find dataconnect.yaml in `c:\\Users\\pacco\\Quizz\\dataconnect`\n"}}
[debug] [2026-06-05T05:06:36.805Z] E0605 06:06:36.805557   25116 watch.go:40] Failed to load config from "c:\\Users\\pacco\\Quizz\\dataconnect": could not find dataconnect.yaml in `c:\Users\pacco\Quizz\dataconnect`
 {"metadata":{"emulator":{"name":"dataconnect"},"message":"E0605 06:06:36.805557   25116 watch.go:40] Failed to load config from \"c:\\\\Users\\\\pacco\\\\Quizz\\\\dataconnect\": could not find dataconnect.yaml in `c:\\Users\\pacco\\Quizz\\dataconnect`\n"}}
[debug] [2026-06-05T05:06:46.805Z] E0605 06:06:46.805182   25116 watch.go:40] Failed to load config from "c:\\Users\\pacco\\Quizz\\dataconnect": could not find dataconnect.yaml in `c:\Users\pacco\Quizz\dataconnect`
 {"metadata":{"emulator":{"name":"dataconnect"},"message":"E0605 06:06:46.805182   25116 watch.go:40] Failed to load config from \"c:\\\\Users\\\\pacco\\\\Quizz\\\\dataconnect\": could not find dataconnect.yaml in `c:\\Users\\pacco\\Quizz\\dataconnect`\n"}}
[debug] [2026-06-05T05:06:56.807Z] E0605 06:06:56.806166   25116 watch.go:40] Failed to load config from "c:\\Users\\pacco\\Quizz\\dataconnect": could not find dataconnect.yaml in `c:\Users\pacco\Quizz\dataconnect`
 {"metadata":{"emulator":{"name":"dataconnect"},"message":"E0605 06:06:56.806166   25116 watch.go:40] Failed to load config from \"c:\\\\Users\\\\pacco\\\\Quizz\\\\dataconnect\": could not find dataconnect.yaml in `c:\\Users\\pacco\\Quizz\\dataconnect`\n"}}
[debug] [2026-06-05T05:07:06.805Z] E0605 06:07:06.805148   25116 watch.go:40] Failed to load config from "c:\\Users\\pacco\\Quizz\\dataconnect": could not find dataconnect.yaml in `c:\Users\pacco\Quizz\dataconnect`
 {"metadata":{"emulator":{"name":"dataconnect"},"message":"E0605 06:07:06.805148   25116 watch.go:40] Failed to load config from \"c:\\\\Users\\\\pacco\\\\Quizz\\\\dataconnect\": could not find dataconnect.yaml in `c:\\Users\\pacco\\Quizz\\dataconnect`\n"}}
[debug] [2026-06-05T05:07:16.805Z] E0605 06:07:16.805415   25116 watch.go:116] watchAllDir unable to walk dir `c:\Users\pacco\Quizz\dataconnect`: GetFileAttributesEx c:\Users\pacco\Quizz\dataconnect: The system cannot find the file specified.
E0605 06:07:16.805415   25116 watch.go:40] Failed to load config from "c:\\Users\\pacco\\Quizz\\dataconnect": could not find dataconnect.yaml in `c:\Users\pacco\Quizz\dataconnect`
 {"metadata":{"emulator":{"name":"dataconnect"},"message":"E0605 06:07:16.805415   25116 watch.go:116] watchAllDir unable to walk dir `c:\\Users\\pacco\\Quizz\\dataconnect`: GetFileAttributesEx c:\\Users\\pacco\\Quizz\\dataconnect: The system cannot find the file specified.\nE0605 06:07:16.805415   25116 watch.go:40] Failed to load config from \"c:\\\\Users\\\\pacco\\\\Quizz\\\\dataconnect\": could not find dataconnect.yaml in `c:\\Users\\pacco\\Quizz\\dataconnect`\n"}}
[debug] [2026-06-05T05:07:26.805Z] E0605 06:07:26.805442   25116 watch.go:40] Failed to load config from "c:\\Users\\pacco\\Quizz\\dataconnect": could not find dataconnect.yaml in `c:\Users\pacco\Quizz\dataconnect`
 {"metadata":{"emulator":{"name":"dataconnect"},"message":"E0605 06:07:26.805442   25116 watch.go:40] Failed to load config from \"c:\\\\Users\\\\pacco\\\\Quizz\\\\dataconnect\": could not find dataconnect.yaml in `c:\\Users\\pacco\\Quizz\\dataconnect`\n"}}
[debug] [2026-06-05T05:07:36.805Z] E0605 06:07:36.805644   25116 watch.go:40] Failed to load config from "c:\\Users\\pacco\\Quizz\\dataconnect": could not find dataconnect.yaml in `c:\Users\pacco\Quizz\dataconnect`
 {"metadata":{"emulator":{"name":"dataconnect"},"message":"E0605 06:07:36.805644   25116 watch.go:40] Failed to load config from \"c:\\\\Users\\\\pacco\\\\Quizz\\\\dataconnect\": could not find dataconnect.yaml in `c:\\Users\\pacco\\Quizz\\dataconnect`\n"}}
[debug] [2026-06-05T05:07:46.805Z] E0605 06:07:46.805444   25116 watch.go:40] Failed to load config from "c:\\Users\\pacco\\Quizz\\dataconnect": could not find dataconnect.yaml in `c:\Users\pacco\Quizz\dataconnect`
 {"metadata":{"emulator":{"name":"dataconnect"},"message":"E0605 06:07:46.805444   25116 watch.go:40] Failed to load config from \"c:\\\\Users\\\\pacco\\\\Quizz\\\\dataconnect\": could not find dataconnect.yaml in `c:\\Users\\pacco\\Quizz\\dataconnect`\n"}}
[debug] [2026-06-05T05:07:56.805Z] E0605 06:07:56.805233   25116 watch.go:40] Failed to load config from "c:\\Users\\pacco\\Quizz\\dataconnect": could not find dataconnect.yaml in `c:\Users\pacco\Quizz\dataconnect`
 {"metadata":{"emulator":{"name":"dataconnect"},"message":"E0605 06:07:56.805233   25116 watch.go:40] Failed to load config from \"c:\\\\Users\\\\pacco\\\\Quizz\\\\dataconnect\": could not find dataconnect.yaml in `c:\\Users\\pacco\\Quizz\\dataconnect`\n"}}
[debug] [2026-06-05T05:08:06.805Z] E0605 06:08:06.805792   25116 watch.go:40] Failed to load config from "c:\\Users\\pacco\\Quizz\\dataconnect": could not find dataconnect.yaml in `c:\Users\pacco\Quizz\dataconnect`
 {"metadata":{"emulator":{"name":"dataconnect"},"message":"E0605 06:08:06.805792   25116 watch.go:40] Failed to load config from \"c:\\\\Users\\\\pacco\\\\Quizz\\\\dataconnect\": could not find dataconnect.yaml in `c:\\Users\\pacco\\Quizz\\dataconnect`\n"}}
[debug] [2026-06-05T05:08:16.805Z] E0605 06:08:16.805620   25116 watch.go:116] watchAllDir unable to walk dir `c:\Users\pacco\Quizz\dataconnect`: GetFileAttributesEx c:\Users\pacco\Quizz\dataconnect: The system cannot find the file specified.
E0605 06:08:16.805620   25116 watch.go:40] Failed to load config from "c:\\Users\\pacco\\Quizz\\dataconnect": could not find dataconnect.yaml in `c:\Users\pacco\Quizz\dataconnect`
 {"metadata":{"emulator":{"name":"dataconnect"},"message":"E0605 06:08:16.805620   25116 watch.go:116] watchAllDir unable to walk dir `c:\\Users\\pacco\\Quizz\\dataconnect`: GetFileAttributesEx c:\\Users\\pacco\\Quizz\\dataconnect: The system cannot find the file specified.\nE0605 06:08:16.805620   25116 watch.go:40] Failed to load config from \"c:\\\\Users\\\\pacco\\\\Quizz\\\\dataconnect\": could not find dataconnect.yaml in `c:\\Users\\pacco\\Quizz\\dataconnect`\n"}}
[debug] [2026-06-05T05:08:26.805Z] E0605 06:08:26.805222   25116 watch.go:40] Failed to load config from "c:\\Users\\pacco\\Quizz\\dataconnect": could not find dataconnect.yaml in `c:\Users\pacco\Quizz\dataconnect`
 {"metadata":{"emulator":{"name":"dataconnect"},"message":"E0605 06:08:26.805222   25116 watch.go:40] Failed to load config from \"c:\\\\Users\\\\pacco\\\\Quizz\\\\dataconnect\": could not find dataconnect.yaml in `c:\\Users\\pacco\\Quizz\\dataconnect`\n"}}
[debug] [2026-06-05T05:08:36.805Z] E0605 06:08:36.805292   25116 watch.go:40] Failed to load config from "c:\\Users\\pacco\\Quizz\\dataconnect": could not find dataconnect.yaml in `c:\Users\pacco\Quizz\dataconnect`
 {"metadata":{"emulator":{"name":"dataconnect"},"message":"E0605 06:08:36.805292   25116 watch.go:40] Failed to load config from \"c:\\\\Users\\\\pacco\\\\Quizz\\\\dataconnect\": could not find dataconnect.yaml in `c:\\Users\\pacco\\Quizz\\dataconnect`\n"}}
[debug] [2026-06-05T05:08:46.806Z] E0605 06:08:46.805485   25116 watch.go:40] Failed to load config from "c:\\Users\\pacco\\Quizz\\dataconnect": could not find dataconnect.yaml in `c:\Users\pacco\Quizz\dataconnect`
 {"metadata":{"emulator":{"name":"dataconnect"},"message":"E0605 06:08:46.805485   25116 watch.go:40] Failed to load config from \"c:\\\\Users\\\\pacco\\\\Quizz\\\\dataconnect\": could not find dataconnect.yaml in `c:\\Users\\pacco\\Quizz\\dataconnect`\n"}}
[debug] [2026-06-05T05:08:56.805Z] E0605 06:08:56.805224   25116 watch.go:40] Failed to load config from "c:\\Users\\pacco\\Quizz\\dataconnect": could not find dataconnect.yaml in `c:\Users\pacco\Quizz\dataconnect`
 {"metadata":{"emulator":{"name":"dataconnect"},"message":"E0605 06:08:56.805224   25116 watch.go:40] Failed to load config from \"c:\\\\Users\\\\pacco\\\\Quizz\\\\dataconnect\": could not find dataconnect.yaml in `c:\\Users\\pacco\\Quizz\\dataconnect`\n"}}
[debug] [2026-06-05T05:09:06.805Z] E0605 06:09:06.805533   25116 watch.go:40] Failed to load config from "c:\\Users\\pacco\\Quizz\\dataconnect": could not find dataconnect.yaml in `c:\Users\pacco\Quizz\dataconnect`
 {"metadata":{"emulator":{"name":"dataconnect"},"message":"E0605 06:09:06.805533   25116 watch.go:40] Failed to load config from \"c:\\\\Users\\\\pacco\\\\Quizz\\\\dataconnect\": could not find dataconnect.yaml in `c:\\Users\\pacco\\Quizz\\dataconnect`\n"}}
[debug] [2026-06-05T05:09:16.805Z] E0605 06:09:16.805277   25116 watch.go:40] Failed to load config from "c:\\Users\\pacco\\Quizz\\dataconnect": could not find dataconnect.yaml in `c:\Users\pacco\Quizz\dataconnect`
 {"metadata":{"emulator":{"name":"dataconnect"},"message":"E0605 06:09:16.805277   25116 watch.go:40] Failed to load config from \"c:\\\\Users\\\\pacco\\\\Quizz\\\\dataconnect\": could not find dataconnect.yaml in `c:\\Users\\pacco\\Quizz\\dataconnect`\n"}}
[debug] [2026-06-05T05:09:16.806Z] E0605 06:09:16.805845   25116 watch.go:116] watchAllDir unable to walk dir `c:\Users\pacco\Quizz\dataconnect`: GetFileAttributesEx c:\Users\pacco\Quizz\dataconnect: The system cannot find the file specified.
 {"metadata":{"emulator":{"name":"dataconnect"},"message":"E0605 06:09:16.805845   25116 watch.go:116] watchAllDir unable to walk dir `c:\\Users\\pacco\\Quizz\\dataconnect`: GetFileAttributesEx c:\\Users\\pacco\\Quizz\\dataconnect: The system cannot find the file specified.\n"}}
[debug] [2026-06-05T05:09:26.805Z] E0605 06:09:26.805601   25116 watch.go:40] Failed to load config from "c:\\Users\\pacco\\Quizz\\dataconnect": could not find dataconnect.yaml in `c:\Users\pacco\Quizz\dataconnect`
 {"metadata":{"emulator":{"name":"dataconnect"},"message":"E0605 06:09:26.805601   25116 watch.go:40] Failed to load config from \"c:\\\\Users\\\\pacco\\\\Quizz\\\\dataconnect\": could not find dataconnect.yaml in `c:\\Users\\pacco\\Quizz\\dataconnect`\n"}}
[debug] [2026-06-05T05:09:36.805Z] E0605 06:09:36.805548   25116 watch.go:40] Failed to load config from "c:\\Users\\pacco\\Quizz\\dataconnect": could not find dataconnect.yaml in `c:\Users\pacco\Quizz\dataconnect`
 {"metadata":{"emulator":{"name":"dataconnect"},"message":"E0605 06:09:36.805548   25116 watch.go:40] Failed to load config from \"c:\\\\Users\\\\pacco\\\\Quizz\\\\dataconnect\": could not find dataconnect.yaml in `c:\\Users\\pacco\\Quizz\\dataconnect`\n"}}
[debug] [2026-06-05T05:09:46.805Z] E0605 06:09:46.805333   25116 watch.go:40] Failed to load config from "c:\\Users\\pacco\\Quizz\\dataconnect": could not find dataconnect.yaml in `c:\Users\pacco\Quizz\dataconnect`
 {"metadata":{"emulator":{"name":"dataconnect"},"message":"E0605 06:09:46.805333   25116 watch.go:40] Failed to load config from \"c:\\\\Users\\\\pacco\\\\Quizz\\\\dataconnect\": could not find dataconnect.yaml in `c:\\Users\\pacco\\Quizz\\dataconnect`\n"}}
[debug] [2026-06-05T05:09:56.806Z] E0605 06:09:56.805885   25116 watch.go:40] Failed to load config from "c:\\Users\\pacco\\Quizz\\dataconnect": could not find dataconnect.yaml in `c:\Users\pacco\Quizz\dataconnect`
 {"metadata":{"emulator":{"name":"dataconnect"},"message":"E0605 06:09:56.805885   25116 watch.go:40] Failed to load config from \"c:\\\\Users\\\\pacco\\\\Quizz\\\\dataconnect\": could not find dataconnect.yaml in `c:\\Users\\pacco\\Quizz\\dataconnect`\n"}}
[debug] [2026-06-05T05:10:06.805Z] E0605 06:10:06.805530   25116 watch.go:40] Failed to load config from "c:\\Users\\pacco\\Quizz\\dataconnect": could not find dataconnect.yaml in `c:\Users\pacco\Quizz\dataconnect`
 {"metadata":{"emulator":{"name":"dataconnect"},"message":"E0605 06:10:06.805530   25116 watch.go:40] Failed to load config from \"c:\\\\Users\\\\pacco\\\\Quizz\\\\dataconnect\": could not find dataconnect.yaml in `c:\\Users\\pacco\\Quizz\\dataconnect`\n"}}
[debug] [2026-06-05T05:10:16.805Z] E0605 06:10:16.805375   25116 watch.go:116] watchAllDir unable to walk dir `c:\Users\pacco\Quizz\dataconnect`: GetFileAttributesEx c:\Users\pacco\Quizz\dataconnect: The system cannot find the file specified.
E0605 06:10:16.805375   25116 watch.go:40] Failed to load config from "c:\\Users\\pacco\\Quizz\\dataconnect": could not find dataconnect.yaml in `c:\Users\pacco\Quizz\dataconnect`
 {"metadata":{"emulator":{"name":"dataconnect"},"message":"E0605 06:10:16.805375   25116 watch.go:116] watchAllDir unable to walk dir `c:\\Users\\pacco\\Quizz\\dataconnect`: GetFileAttributesEx c:\\Users\\pacco\\Quizz\\dataconnect: The system cannot find the file specified.\nE0605 06:10:16.805375   25116 watch.go:40] Failed to load config from \"c:\\\\Users\\\\pacco\\\\Quizz\\\\dataconnect\": could not find dataconnect.yaml in `c:\\Users\\pacco\\Quizz\\dataconnect`\n"}}
[debug] [2026-06-05T05:10:26.805Z] E0605 06:10:26.805480   25116 watch.go:40] Failed to load config from "c:\\Users\\pacco\\Quizz\\dataconnect": could not find dataconnect.yaml in `c:\Users\pacco\Quizz\dataconnect`
 {"metadata":{"emulator":{"name":"dataconnect"},"message":"E0605 06:10:26.805480   25116 watch.go:40] Failed to load config from \"c:\\\\Users\\\\pacco\\\\Quizz\\\\dataconnect\": could not find dataconnect.yaml in `c:\\Users\\pacco\\Quizz\\dataconnect`\n"}}
[debug] [2026-06-05T05:10:36.805Z] E0605 06:10:36.805313   25116 watch.go:40] Failed to load config from "c:\\Users\\pacco\\Quizz\\dataconnect": could not find dataconnect.yaml in `c:\Users\pacco\Quizz\dataconnect`
 {"metadata":{"emulator":{"name":"dataconnect"},"message":"E0605 06:10:36.805313   25116 watch.go:40] Failed to load config from \"c:\\\\Users\\\\pacco\\\\Quizz\\\\dataconnect\": could not find dataconnect.yaml in `c:\\Users\\pacco\\Quizz\\dataconnect`\n"}}
[debug] [2026-06-05T05:10:46.806Z] E0605 06:10:46.806023   25116 watch.go:40] Failed to load config from "c:\\Users\\pacco\\Quizz\\dataconnect": could not find dataconnect.yaml in `c:\Users\pacco\Quizz\dataconnect`
 {"metadata":{"emulator":{"name":"dataconnect"},"message":"E0605 06:10:46.806023   25116 watch.go:40] Failed to load config from \"c:\\\\Users\\\\pacco\\\\Quizz\\\\dataconnect\": could not find dataconnect.yaml in `c:\\Users\\pacco\\Quizz\\dataconnect`\n"}}
[debug] [2026-06-05T05:10:56.806Z] E0605 06:10:56.805889   25116 watch.go:40] Failed to load config from "c:\\Users\\pacco\\Quizz\\dataconnect": could not find dataconnect.yaml in `c:\Users\pacco\Quizz\dataconnect`
 {"metadata":{"emulator":{"name":"dataconnect"},"message":"E0605 06:10:56.805889   25116 watch.go:40] Failed to load config from \"c:\\\\Users\\\\pacco\\\\Quizz\\\\dataconnect\": could not find dataconnect.yaml in `c:\\Users\\pacco\\Quizz\\dataconnect`\n"}}
[debug] [2026-06-05T05:11:06.806Z] E0605 06:11:06.806072   25116 watch.go:40] Failed to load config from "c:\\Users\\pacco\\Quizz\\dataconnect": could not find dataconnect.yaml in `c:\Users\pacco\Quizz\dataconnect`
 {"metadata":{"emulator":{"name":"dataconnect"},"message":"E0605 06:11:06.806072   25116 watch.go:40] Failed to load config from \"c:\\\\Users\\\\pacco\\\\Quizz\\\\dataconnect\": could not find dataconnect.yaml in `c:\\Users\\pacco\\Quizz\\dataconnect`\n"}}
[debug] [2026-06-05T05:11:16.805Z] E0605 06:11:16.805215   25116 watch.go:40] Failed to load config from "c:\\Users\\pacco\\Quizz\\dataconnect": could not find dataconnect.yaml in `c:\Users\pacco\Quizz\dataconnect`
 {"metadata":{"emulator":{"name":"dataconnect"},"message":"E0605 06:11:16.805215   25116 watch.go:40] Failed to load config from \"c:\\\\Users\\\\pacco\\\\Quizz\\\\dataconnect\": could not find dataconnect.yaml in `c:\\Users\\pacco\\Quizz\\dataconnect`\n"}}
[debug] [2026-06-05T05:11:16.807Z] E0605 06:11:16.805719   25116 watch.go:116] watchAllDir unable to walk dir `c:\Users\pacco\Quizz\dataconnect`: GetFileAttributesEx c:\Users\pacco\Quizz\dataconnect: The system cannot find the file specified.
 {"metadata":{"emulator":{"name":"dataconnect"},"message":"E0605 06:11:16.805719   25116 watch.go:116] watchAllDir unable to walk dir `c:\\Users\\pacco\\Quizz\\dataconnect`: GetFileAttributesEx c:\\Users\\pacco\\Quizz\\dataconnect: The system cannot find the file specified.\n"}}
[debug] [2026-06-05T05:11:26.805Z] E0605 06:11:26.805597   25116 watch.go:40] Failed to load config from "c:\\Users\\pacco\\Quizz\\dataconnect": could not find dataconnect.yaml in `c:\Users\pacco\Quizz\dataconnect`
 {"metadata":{"emulator":{"name":"dataconnect"},"message":"E0605 06:11:26.805597   25116 watch.go:40] Failed to load config from \"c:\\\\Users\\\\pacco\\\\Quizz\\\\dataconnect\": could not find dataconnect.yaml in `c:\\Users\\pacco\\Quizz\\dataconnect`\n"}}
[debug] [2026-06-05T05:11:36.805Z] E0605 06:11:36.805506   25116 watch.go:40] Failed to load config from "c:\\Users\\pacco\\Quizz\\dataconnect": could not find dataconnect.yaml in `c:\Users\pacco\Quizz\dataconnect`
 {"metadata":{"emulator":{"name":"dataconnect"},"message":"E0605 06:11:36.805506   25116 watch.go:40] Failed to load config from \"c:\\\\Users\\\\pacco\\\\Quizz\\\\dataconnect\": could not find dataconnect.yaml in `c:\\Users\\pacco\\Quizz\\dataconnect`\n"}}
[debug] [2026-06-05T05:11:46.806Z] E0605 06:11:46.805846   25116 watch.go:40] Failed to load config from "c:\\Users\\pacco\\Quizz\\dataconnect": could not find dataconnect.yaml in `c:\Users\pacco\Quizz\dataconnect`
 {"metadata":{"emulator":{"name":"dataconnect"},"message":"E0605 06:11:46.805846   25116 watch.go:40] Failed to load config from \"c:\\\\Users\\\\pacco\\\\Quizz\\\\dataconnect\": could not find dataconnect.yaml in `c:\\Users\\pacco\\Quizz\\dataconnect`\n"}}
[debug] [2026-06-05T05:11:56.806Z] E0605 06:11:56.805677   25116 watch.go:40] Failed to load config from "c:\\Users\\pacco\\Quizz\\dataconnect": could not find dataconnect.yaml in `c:\Users\pacco\Quizz\dataconnect`
 {"metadata":{"emulator":{"name":"dataconnect"},"message":"E0605 06:11:56.805677   25116 watch.go:40] Failed to load config from \"c:\\\\Users\\\\pacco\\\\Quizz\\\\dataconnect\": could not find dataconnect.yaml in `c:\\Users\\pacco\\Quizz\\dataconnect`\n"}}
[debug] [2026-06-05T05:12:06.805Z] E0605 06:12:06.805736   25116 watch.go:40] Failed to load config from "c:\\Users\\pacco\\Quizz\\dataconnect": could not find dataconnect.yaml in `c:\Users\pacco\Quizz\dataconnect`
 {"metadata":{"emulator":{"name":"dataconnect"},"message":"E0605 06:12:06.805736   25116 watch.go:40] Failed to load config from \"c:\\\\Users\\\\pacco\\\\Quizz\\\\dataconnect\": could not find dataconnect.yaml in `c:\\Users\\pacco\\Quizz\\dataconnect`\n"}}
[debug] [2026-06-05T05:12:16.805Z] E0605 06:12:16.805407   25116 watch.go:40] Failed to load config from "c:\\Users\\pacco\\Quizz\\dataconnect": could not find dataconnect.yaml in `c:\Users\pacco\Quizz\dataconnect`
E0605 06:12:16.805407   25116 watch.go:116] watchAllDir unable to walk dir `c:\Users\pacco\Quizz\dataconnect`: GetFileAttributesEx c:\Users\pacco\Quizz\dataconnect: The system cannot find the file specified.
 {"metadata":{"emulator":{"name":"dataconnect"},"message":"E0605 06:12:16.805407   25116 watch.go:40] Failed to load config from \"c:\\\\Users\\\\pacco\\\\Quizz\\\\dataconnect\": could not find dataconnect.yaml in `c:\\Users\\pacco\\Quizz\\dataconnect`\nE0605 06:12:16.805407   25116 watch.go:116] watchAllDir unable to walk dir `c:\\Users\\pacco\\Quizz\\dataconnect`: GetFileAttributesEx c:\\Users\\pacco\\Quizz\\dataconnect: The system cannot find the file specified.\n"}}
[debug] [2026-06-05T05:12:26.805Z] E0605 06:12:26.805368   25116 watch.go:40] Failed to load config from "c:\\Users\\pacco\\Quizz\\dataconnect": could not find dataconnect.yaml in `c:\Users\pacco\Quizz\dataconnect`
 {"metadata":{"emulator":{"name":"dataconnect"},"message":"E0605 06:12:26.805368   25116 watch.go:40] Failed to load config from \"c:\\\\Users\\\\pacco\\\\Quizz\\\\dataconnect\": could not find dataconnect.yaml in `c:\\Users\\pacco\\Quizz\\dataconnect`\n"}}
[debug] [2026-06-05T05:12:36.806Z] E0605 06:12:36.806126   25116 watch.go:40] Failed to load config from "c:\\Users\\pacco\\Quizz\\dataconnect": could not find dataconnect.yaml in `c:\Users\pacco\Quizz\dataconnect`
 {"metadata":{"emulator":{"name":"dataconnect"},"message":"E0605 06:12:36.806126   25116 watch.go:40] Failed to load config from \"c:\\\\Users\\\\pacco\\\\Quizz\\\\dataconnect\": could not find dataconnect.yaml in `c:\\Users\\pacco\\Quizz\\dataconnect`\n"}}
[debug] [2026-06-05T05:12:46.806Z] E0605 06:12:46.805553   25116 watch.go:40] Failed to load config from "c:\\Users\\pacco\\Quizz\\dataconnect": could not find dataconnect.yaml in `c:\Users\pacco\Quizz\dataconnect`
 {"metadata":{"emulator":{"name":"dataconnect"},"message":"E0605 06:12:46.805553   25116 watch.go:40] Failed to load config from \"c:\\\\Users\\\\pacco\\\\Quizz\\\\dataconnect\": could not find dataconnect.yaml in `c:\\Users\\pacco\\Quizz\\dataconnect`\n"}}
[debug] [2026-06-05T05:12:56.806Z] E0605 06:12:56.805729   25116 watch.go:40] Failed to load config from "c:\\Users\\pacco\\Quizz\\dataconnect": could not find dataconnect.yaml in `c:\Users\pacco\Quizz\dataconnect`
 {"metadata":{"emulator":{"name":"dataconnect"},"message":"E0605 06:12:56.805729   25116 watch.go:40] Failed to load config from \"c:\\\\Users\\\\pacco\\\\Quizz\\\\dataconnect\": could not find dataconnect.yaml in `c:\\Users\\pacco\\Quizz\\dataconnect`\n"}}
[debug] [2026-06-05T05:13:06.805Z] E0605 06:13:06.805268   25116 watch.go:40] Failed to load config from "c:\\Users\\pacco\\Quizz\\dataconnect": could not find dataconnect.yaml in `c:\Users\pacco\Quizz\dataconnect`
 {"metadata":{"emulator":{"name":"dataconnect"},"message":"E0605 06:13:06.805268   25116 watch.go:40] Failed to load config from \"c:\\\\Users\\\\pacco\\\\Quizz\\\\dataconnect\": could not find dataconnect.yaml in `c:\\Users\\pacco\\Quizz\\dataconnect`\n"}}
[debug] [2026-06-05T05:13:16.805Z] E0605 06:13:16.805638   25116 watch.go:116] watchAllDir unable to walk dir `c:\Users\pacco\Quizz\dataconnect`: GetFileAttributesEx c:\Users\pacco\Quizz\dataconnect: The system cannot find the file specified.
E0605 06:13:16.805638   25116 watch.go:40] Failed to load config from "c:\\Users\\pacco\\Quizz\\dataconnect": could not find dataconnect.yaml in `c:\Users\pacco\Quizz\dataconnect`
 {"metadata":{"emulator":{"name":"dataconnect"},"message":"E0605 06:13:16.805638   25116 watch.go:116] watchAllDir unable to walk dir `c:\\Users\\pacco\\Quizz\\dataconnect`: GetFileAttributesEx c:\\Users\\pacco\\Quizz\\dataconnect: The system cannot find the file specified.\nE0605 06:13:16.805638   25116 watch.go:40] Failed to load config from \"c:\\\\Users\\\\pacco\\\\Quizz\\\\dataconnect\": could not find dataconnect.yaml in `c:\\Users\\pacco\\Quizz\\dataconnect`\n"}}
[debug] [2026-06-05T05:13:26.806Z] E0605 06:13:26.805649   25116 watch.go:40] Failed to load config from "c:\\Users\\pacco\\Quizz\\dataconnect": could not find dataconnect.yaml in `c:\Users\pacco\Quizz\dataconnect`
 {"metadata":{"emulator":{"name":"dataconnect"},"message":"E0605 06:13:26.805649   25116 watch.go:40] Failed to load config from \"c:\\\\Users\\\\pacco\\\\Quizz\\\\dataconnect\": could not find dataconnect.yaml in `c:\\Users\\pacco\\Quizz\\dataconnect`\n"}}
[debug] [2026-06-05T05:13:36.807Z] E0605 06:13:36.806762   25116 watch.go:40] Failed to load config from "c:\\Users\\pacco\\Quizz\\dataconnect": could not find dataconnect.yaml in `c:\Users\pacco\Quizz\dataconnect`
 {"metadata":{"emulator":{"name":"dataconnect"},"message":"E0605 06:13:36.806762   25116 watch.go:40] Failed to load config from \"c:\\\\Users\\\\pacco\\\\Quizz\\\\dataconnect\": could not find dataconnect.yaml in `c:\\Users\\pacco\\Quizz\\dataconnect`\n"}}
[debug] [2026-06-05T05:13:46.811Z] E0605 06:13:46.811299   25116 watch.go:40] Failed to load config from "c:\\Users\\pacco\\Quizz\\dataconnect": could not find dataconnect.yaml in `c:\Users\pacco\Quizz\dataconnect`
 {"metadata":{"emulator":{"name":"dataconnect"},"message":"E0605 06:13:46.811299   25116 watch.go:40] Failed to load config from \"c:\\\\Users\\\\pacco\\\\Quizz\\\\dataconnect\": could not find dataconnect.yaml in `c:\\Users\\pacco\\Quizz\\dataconnect`\n"}}
[debug] [2026-06-05T05:13:56.808Z] E0605 06:13:56.807754   25116 watch.go:40] Failed to load config from "c:\\Users\\pacco\\Quizz\\dataconnect": could not find dataconnect.yaml in `c:\Users\pacco\Quizz\dataconnect`
 {"metadata":{"emulator":{"name":"dataconnect"},"message":"E0605 06:13:56.807754   25116 watch.go:40] Failed to load config from \"c:\\\\Users\\\\pacco\\\\Quizz\\\\dataconnect\": could not find dataconnect.yaml in `c:\\Users\\pacco\\Quizz\\dataconnect`\n"}}
[debug] [2026-06-05T05:14:06.805Z] E0605 06:14:06.805539   25116 watch.go:40] Failed to load config from "c:\\Users\\pacco\\Quizz\\dataconnect": could not find dataconnect.yaml in `c:\Users\pacco\Quizz\dataconnect`
 {"metadata":{"emulator":{"name":"dataconnect"},"message":"E0605 06:14:06.805539   25116 watch.go:40] Failed to load config from \"c:\\\\Users\\\\pacco\\\\Quizz\\\\dataconnect\": could not find dataconnect.yaml in `c:\\Users\\pacco\\Quizz\\dataconnect`\n"}}
[debug] [2026-06-05T05:14:16.805Z] E0605 06:14:16.804978   25116 watch.go:40] Failed to load config from "c:\\Users\\pacco\\Quizz\\dataconnect": could not find dataconnect.yaml in `c:\Users\pacco\Quizz\dataconnect`
 {"metadata":{"emulator":{"name":"dataconnect"},"message":"E0605 06:14:16.804978   25116 watch.go:40] Failed to load config from \"c:\\\\Users\\\\pacco\\\\Quizz\\\\dataconnect\": could not find dataconnect.yaml in `c:\\Users\\pacco\\Quizz\\dataconnect`\n"}}
[debug] [2026-06-05T05:14:16.805Z] E0605 06:14:16.805511   25116 watch.go:116] watchAllDir unable to walk dir `c:\Users\pacco\Quizz\dataconnect`: GetFileAttributesEx c:\Users\pacco\Quizz\dataconnect: The system cannot find the file specified.
 {"metadata":{"emulator":{"name":"dataconnect"},"message":"E0605 06:14:16.805511   25116 watch.go:116] watchAllDir unable to walk dir `c:\\Users\\pacco\\Quizz\\dataconnect`: GetFileAttributesEx c:\\Users\\pacco\\Quizz\\dataconnect: The system cannot find the file specified.\n"}}
[debug] [2026-06-05T05:14:26.805Z] E0605 06:14:26.805313   25116 watch.go:40] Failed to load config from "c:\\Users\\pacco\\Quizz\\dataconnect": could not find dataconnect.yaml in `c:\Users\pacco\Quizz\dataconnect`
 {"metadata":{"emulator":{"name":"dataconnect"},"message":"E0605 06:14:26.805313   25116 watch.go:40] Failed to load config from \"c:\\\\Users\\\\pacco\\\\Quizz\\\\dataconnect\": could not find dataconnect.yaml in `c:\\Users\\pacco\\Quizz\\dataconnect`\n"}}
[debug] [2026-06-05T05:14:36.805Z] E0605 06:14:36.805405   25116 watch.go:40] Failed to load config from "c:\\Users\\pacco\\Quizz\\dataconnect": could not find dataconnect.yaml in `c:\Users\pacco\Quizz\dataconnect`
 {"metadata":{"emulator":{"name":"dataconnect"},"message":"E0605 06:14:36.805405   25116 watch.go:40] Failed to load config from \"c:\\\\Users\\\\pacco\\\\Quizz\\\\dataconnect\": could not find dataconnect.yaml in `c:\\Users\\pacco\\Quizz\\dataconnect`\n"}}
[debug] [2026-06-05T05:14:46.805Z] E0605 06:14:46.805122   25116 watch.go:40] Failed to load config from "c:\\Users\\pacco\\Quizz\\dataconnect": could not find dataconnect.yaml in `c:\Users\pacco\Quizz\dataconnect`
 {"metadata":{"emulator":{"name":"dataconnect"},"message":"E0605 06:14:46.805122   25116 watch.go:40] Failed to load config from \"c:\\\\Users\\\\pacco\\\\Quizz\\\\dataconnect\": could not find dataconnect.yaml in `c:\\Users\\pacco\\Quizz\\dataconnect`\n"}}
[debug] [2026-06-05T05:14:56.805Z] E0605 06:14:56.805316   25116 watch.go:40] Failed to load config from "c:\\Users\\pacco\\Quizz\\dataconnect": could not find dataconnect.yaml in `c:\Users\pacco\Quizz\dataconnect`
 {"metadata":{"emulator":{"name":"dataconnect"},"message":"E0605 06:14:56.805316   25116 watch.go:40] Failed to load config from \"c:\\\\Users\\\\pacco\\\\Quizz\\\\dataconnect\": could not find dataconnect.yaml in `c:\\Users\\pacco\\Quizz\\dataconnect`\n"}}
[debug] [2026-06-05T05:15:06.805Z] E0605 06:15:06.805038   25116 watch.go:40] Failed to load config from "c:\\Users\\pacco\\Quizz\\dataconnect": could not find dataconnect.yaml in `c:\Users\pacco\Quizz\dataconnect`
 {"metadata":{"emulator":{"name":"dataconnect"},"message":"E0605 06:15:06.805038   25116 watch.go:40] Failed to load config from \"c:\\\\Users\\\\pacco\\\\Quizz\\\\dataconnect\": could not find dataconnect.yaml in `c:\\Users\\pacco\\Quizz\\dataconnect`\n"}}
[debug] [2026-06-05T05:15:16.805Z] E0605 06:15:16.805383   25116 watch.go:116] watchAllDir unable to walk dir `c:\Users\pacco\Quizz\dataconnect`: GetFileAttributesEx c:\Users\pacco\Quizz\dataconnect: The system cannot find the file specified.
 {"metadata":{"emulator":{"name":"dataconnect"},"message":"E0605 06:15:16.805383   25116 watch.go:116] watchAllDir unable to walk dir `c:\\Users\\pacco\\Quizz\\dataconnect`: GetFileAttributesEx c:\\Users\\pacco\\Quizz\\dataconnect: The system cannot find the file specified.\n"}}
[debug] [2026-06-05T05:15:16.806Z] E0605 06:15:16.805383   25116 watch.go:40] Failed to load config from "c:\\Users\\pacco\\Quizz\\dataconnect": could not find dataconnect.yaml in `c:\Users\pacco\Quizz\dataconnect`
 {"metadata":{"emulator":{"name":"dataconnect"},"message":"E0605 06:15:16.805383   25116 watch.go:40] Failed to load config from \"c:\\\\Users\\\\pacco\\\\Quizz\\\\dataconnect\": could not find dataconnect.yaml in `c:\\Users\\pacco\\Quizz\\dataconnect`\n"}}
[debug] [2026-06-05T05:15:26.805Z] E0605 06:15:26.805329   25116 watch.go:40] Failed to load config from "c:\\Users\\pacco\\Quizz\\dataconnect": could not find dataconnect.yaml in `c:\Users\pacco\Quizz\dataconnect`
 {"metadata":{"emulator":{"name":"dataconnect"},"message":"E0605 06:15:26.805329   25116 watch.go:40] Failed to load config from \"c:\\\\Users\\\\pacco\\\\Quizz\\\\dataconnect\": could not find dataconnect.yaml in `c:\\Users\\pacco\\Quizz\\dataconnect`\n"}}
[debug] [2026-06-05T05:15:36.805Z] E0605 06:15:36.805110   25116 watch.go:40] Failed to load config from "c:\\Users\\pacco\\Quizz\\dataconnect": could not find dataconnect.yaml in `c:\Users\pacco\Quizz\dataconnect`
 {"metadata":{"emulator":{"name":"dataconnect"},"message":"E0605 06:15:36.805110   25116 watch.go:40] Failed to load config from \"c:\\\\Users\\\\pacco\\\\Quizz\\\\dataconnect\": could not find dataconnect.yaml in `c:\\Users\\pacco\\Quizz\\dataconnect`\n"}}
[debug] [2026-06-05T05:15:46.805Z] E0605 06:15:46.805465   25116 watch.go:40] Failed to load config from "c:\\Users\\pacco\\Quizz\\dataconnect": could not find dataconnect.yaml in `c:\Users\pacco\Quizz\dataconnect`
 {"metadata":{"emulator":{"name":"dataconnect"},"message":"E0605 06:15:46.805465   25116 watch.go:40] Failed to load config from \"c:\\\\Users\\\\pacco\\\\Quizz\\\\dataconnect\": could not find dataconnect.yaml in `c:\\Users\\pacco\\Quizz\\dataconnect`\n"}}
[debug] [2026-06-05T05:15:56.805Z] E0605 06:15:56.806048   25116 watch.go:40] Failed to load config from "c:\\Users\\pacco\\Quizz\\dataconnect": could not find dataconnect.yaml in `c:\Users\pacco\Quizz\dataconnect`
 {"metadata":{"emulator":{"name":"dataconnect"},"message":"E0605 06:15:56.806048   25116 watch.go:40] Failed to load config from \"c:\\\\Users\\\\pacco\\\\Quizz\\\\dataconnect\": could not find dataconnect.yaml in `c:\\Users\\pacco\\Quizz\\dataconnect`\n"}}
[debug] [2026-06-05T05:16:06.804Z] E0605 06:16:06.805421   25116 watch.go:40] Failed to load config from "c:\\Users\\pacco\\Quizz\\dataconnect": could not find dataconnect.yaml in `c:\Users\pacco\Quizz\dataconnect`
 {"metadata":{"emulator":{"name":"dataconnect"},"message":"E0605 06:16:06.805421   25116 watch.go:40] Failed to load config from \"c:\\\\Users\\\\pacco\\\\Quizz\\\\dataconnect\": could not find dataconnect.yaml in `c:\\Users\\pacco\\Quizz\\dataconnect`\n"}}
[debug] [2026-06-05T05:16:16.805Z] E0605 06:16:16.805120   25116 watch.go:40] Failed to load config from "c:\\Users\\pacco\\Quizz\\dataconnect": could not find dataconnect.yaml in `c:\Users\pacco\Quizz\dataconnect`
 {"metadata":{"emulator":{"name":"dataconnect"},"message":"E0605 06:16:16.805120   25116 watch.go:40] Failed to load config from \"c:\\\\Users\\\\pacco\\\\Quizz\\\\dataconnect\": could not find dataconnect.yaml in `c:\\Users\\pacco\\Quizz\\dataconnect`\n"}}
[debug] [2026-06-05T05:16:16.806Z] E0605 06:16:16.805817   25116 watch.go:116] watchAllDir unable to walk dir `c:\Users\pacco\Quizz\dataconnect`: GetFileAttributesEx c:\Users\pacco\Quizz\dataconnect: The system cannot find the file specified.
 {"metadata":{"emulator":{"name":"dataconnect"},"message":"E0605 06:16:16.805817   25116 watch.go:116] watchAllDir unable to walk dir `c:\\Users\\pacco\\Quizz\\dataconnect`: GetFileAttributesEx c:\\Users\\pacco\\Quizz\\dataconnect: The system cannot find the file specified.\n"}}
[debug] [2026-06-05T05:16:26.805Z] E0605 06:16:26.805493   25116 watch.go:40] Failed to load config from "c:\\Users\\pacco\\Quizz\\dataconnect": could not find dataconnect.yaml in `c:\Users\pacco\Quizz\dataconnect`
 {"metadata":{"emulator":{"name":"dataconnect"},"message":"E0605 06:16:26.805493   25116 watch.go:40] Failed to load config from \"c:\\\\Users\\\\pacco\\\\Quizz\\\\dataconnect\": could not find dataconnect.yaml in `c:\\Users\\pacco\\Quizz\\dataconnect`\n"}}
[debug] [2026-06-05T05:16:36.804Z] E0605 06:16:36.805106   25116 watch.go:40] Failed to load config from "c:\\Users\\pacco\\Quizz\\dataconnect": could not find dataconnect.yaml in `c:\Users\pacco\Quizz\dataconnect`
 {"metadata":{"emulator":{"name":"dataconnect"},"message":"E0605 06:16:36.805106   25116 watch.go:40] Failed to load config from \"c:\\\\Users\\\\pacco\\\\Quizz\\\\dataconnect\": could not find dataconnect.yaml in `c:\\Users\\pacco\\Quizz\\dataconnect`\n"}}
[debug] [2026-06-05T05:16:46.806Z] E0605 06:16:46.805477   25116 watch.go:40] Failed to load config from "c:\\Users\\pacco\\Quizz\\dataconnect": could not find dataconnect.yaml in `c:\Users\pacco\Quizz\dataconnect`
 {"metadata":{"emulator":{"name":"dataconnect"},"message":"E0605 06:16:46.805477   25116 watch.go:40] Failed to load config from \"c:\\\\Users\\\\pacco\\\\Quizz\\\\dataconnect\": could not find dataconnect.yaml in `c:\\Users\\pacco\\Quizz\\dataconnect`\n"}}
[debug] [2026-06-05T05:16:56.805Z] E0605 06:16:56.805339   25116 watch.go:40] Failed to load config from "c:\\Users\\pacco\\Quizz\\dataconnect": could not find dataconnect.yaml in `c:\Users\pacco\Quizz\dataconnect`
 {"metadata":{"emulator":{"name":"dataconnect"},"message":"E0605 06:16:56.805339   25116 watch.go:40] Failed to load config from \"c:\\\\Users\\\\pacco\\\\Quizz\\\\dataconnect\": could not find dataconnect.yaml in `c:\\Users\\pacco\\Quizz\\dataconnect`\n"}}
[debug] [2026-06-05T05:17:06.805Z] E0605 06:17:06.805405   25116 watch.go:40] Failed to load config from "c:\\Users\\pacco\\Quizz\\dataconnect": could not find dataconnect.yaml in `c:\Users\pacco\Quizz\dataconnect`
 {"metadata":{"emulator":{"name":"dataconnect"},"message":"E0605 06:17:06.805405   25116 watch.go:40] Failed to load config from \"c:\\\\Users\\\\pacco\\\\Quizz\\\\dataconnect\": could not find dataconnect.yaml in `c:\\Users\\pacco\\Quizz\\dataconnect`\n"}}
[debug] [2026-06-05T05:17:16.805Z] E0605 06:17:16.805357   25116 watch.go:116] watchAllDir unable to walk dir `c:\Users\pacco\Quizz\dataconnect`: GetFileAttributesEx c:\Users\pacco\Quizz\dataconnect: The system cannot find the file specified.
 {"metadata":{"emulator":{"name":"dataconnect"},"message":"E0605 06:17:16.805357   25116 watch.go:116] watchAllDir unable to walk dir `c:\\Users\\pacco\\Quizz\\dataconnect`: GetFileAttributesEx c:\\Users\\pacco\\Quizz\\dataconnect: The system cannot find the file specified.\n"}}
[debug] [2026-06-05T05:17:16.807Z] E0605 06:17:16.805865   25116 watch.go:40] Failed to load config from "c:\\Users\\pacco\\Quizz\\dataconnect": could not find dataconnect.yaml in `c:\Users\pacco\Quizz\dataconnect`
 {"metadata":{"emulator":{"name":"dataconnect"},"message":"E0605 06:17:16.805865   25116 watch.go:40] Failed to load config from \"c:\\\\Users\\\\pacco\\\\Quizz\\\\dataconnect\": could not find dataconnect.yaml in `c:\\Users\\pacco\\Quizz\\dataconnect`\n"}}
[debug] [2026-06-05T05:17:26.811Z] E0605 06:17:26.811323   25116 watch.go:40] Failed to load config from "c:\\Users\\pacco\\Quizz\\dataconnect": could not find dataconnect.yaml in `c:\Users\pacco\Quizz\dataconnect`
 {"metadata":{"emulator":{"name":"dataconnect"},"message":"E0605 06:17:26.811323   25116 watch.go:40] Failed to load config from \"c:\\\\Users\\\\pacco\\\\Quizz\\\\dataconnect\": could not find dataconnect.yaml in `c:\\Users\\pacco\\Quizz\\dataconnect`\n"}}
[debug] [2026-06-05T05:17:36.805Z] E0605 06:17:36.805384   25116 watch.go:40] Failed to load config from "c:\\Users\\pacco\\Quizz\\dataconnect": could not find dataconnect.yaml in `c:\Users\pacco\Quizz\dataconnect`
 {"metadata":{"emulator":{"name":"dataconnect"},"message":"E0605 06:17:36.805384   25116 watch.go:40] Failed to load config from \"c:\\\\Users\\\\pacco\\\\Quizz\\\\dataconnect\": could not find dataconnect.yaml in `c:\\Users\\pacco\\Quizz\\dataconnect`\n"}}
[debug] [2026-06-05T05:17:46.805Z] E0605 06:17:46.805498   25116 watch.go:40] Failed to load config from "c:\\Users\\pacco\\Quizz\\dataconnect": could not find dataconnect.yaml in `c:\Users\pacco\Quizz\dataconnect`
 {"metadata":{"emulator":{"name":"dataconnect"},"message":"E0605 06:17:46.805498   25116 watch.go:40] Failed to load config from \"c:\\\\Users\\\\pacco\\\\Quizz\\\\dataconnect\": could not find dataconnect.yaml in `c:\\Users\\pacco\\Quizz\\dataconnect`\n"}}
[debug] [2026-06-05T05:17:56.805Z] E0605 06:17:56.805165   25116 watch.go:40] Failed to load config from "c:\\Users\\pacco\\Quizz\\dataconnect": could not find dataconnect.yaml in `c:\Users\pacco\Quizz\dataconnect`
 {"metadata":{"emulator":{"name":"dataconnect"},"message":"E0605 06:17:56.805165   25116 watch.go:40] Failed to load config from \"c:\\\\Users\\\\pacco\\\\Quizz\\\\dataconnect\": could not find dataconnect.yaml in `c:\\Users\\pacco\\Quizz\\dataconnect`\n"}}
[debug] [2026-06-05T05:18:06.807Z] E0605 06:18:06.806313   25116 watch.go:40] Failed to load config from "c:\\Users\\pacco\\Quizz\\dataconnect": could not find dataconnect.yaml in `c:\Users\pacco\Quizz\dataconnect`
 {"metadata":{"emulator":{"name":"dataconnect"},"message":"E0605 06:18:06.806313   25116 watch.go:40] Failed to load config from \"c:\\\\Users\\\\pacco\\\\Quizz\\\\dataconnect\": could not find dataconnect.yaml in `c:\\Users\\pacco\\Quizz\\dataconnect`\n"}}
[debug] [2026-06-05T05:18:16.805Z] E0605 06:18:16.805345   25116 watch.go:40] Failed to load config from "c:\\Users\\pacco\\Quizz\\dataconnect": could not find dataconnect.yaml in `c:\Users\pacco\Quizz\dataconnect`
 {"metadata":{"emulator":{"name":"dataconnect"},"message":"E0605 06:18:16.805345   25116 watch.go:40] Failed to load config from \"c:\\\\Users\\\\pacco\\\\Quizz\\\\dataconnect\": could not find dataconnect.yaml in `c:\\Users\\pacco\\Quizz\\dataconnect`\n"}}
[debug] [2026-06-05T05:18:16.806Z] E0605 06:18:16.805851   25116 watch.go:116] watchAllDir unable to walk dir `c:\Users\pacco\Quizz\dataconnect`: GetFileAttributesEx c:\Users\pacco\Quizz\dataconnect: The system cannot find the file specified.
 {"metadata":{"emulator":{"name":"dataconnect"},"message":"E0605 06:18:16.805851   25116 watch.go:116] watchAllDir unable to walk dir `c:\\Users\\pacco\\Quizz\\dataconnect`: GetFileAttributesEx c:\\Users\\pacco\\Quizz\\dataconnect: The system cannot find the file specified.\n"}}
[debug] [2026-06-05T05:18:26.805Z] E0605 06:18:26.805185   25116 watch.go:40] Failed to load config from "c:\\Users\\pacco\\Quizz\\dataconnect": could not find dataconnect.yaml in `c:\Users\pacco\Quizz\dataconnect`
 {"metadata":{"emulator":{"name":"dataconnect"},"message":"E0605 06:18:26.805185   25116 watch.go:40] Failed to load config from \"c:\\\\Users\\\\pacco\\\\Quizz\\\\dataconnect\": could not find dataconnect.yaml in `c:\\Users\\pacco\\Quizz\\dataconnect`\n"}}
[debug] [2026-06-05T05:18:36.806Z] E0605 06:18:36.805791   25116 watch.go:40] Failed to load config from "c:\\Users\\pacco\\Quizz\\dataconnect": could not find dataconnect.yaml in `c:\Users\pacco\Quizz\dataconnect`
 {"metadata":{"emulator":{"name":"dataconnect"},"message":"E0605 06:18:36.805791   25116 watch.go:40] Failed to load config from \"c:\\\\Users\\\\pacco\\\\Quizz\\\\dataconnect\": could not find dataconnect.yaml in `c:\\Users\\pacco\\Quizz\\dataconnect`\n"}}
[debug] [2026-06-05T05:18:46.835Z] E0605 06:18:46.834758   25116 watch.go:40] Failed to load config from "c:\\Users\\pacco\\Quizz\\dataconnect": could not find dataconnect.yaml in `c:\Users\pacco\Quizz\dataconnect`
 {"metadata":{"emulator":{"name":"dataconnect"},"message":"E0605 06:18:46.834758   25116 watch.go:40] Failed to load config from \"c:\\\\Users\\\\pacco\\\\Quizz\\\\dataconnect\": could not find dataconnect.yaml in `c:\\Users\\pacco\\Quizz\\dataconnect`\n"}}
[debug] [2026-06-05T05:18:56.805Z] E0605 06:18:56.805207   25116 watch.go:40] Failed to load config from "c:\\Users\\pacco\\Quizz\\dataconnect": could not find dataconnect.yaml in `c:\Users\pacco\Quizz\dataconnect`
 {"metadata":{"emulator":{"name":"dataconnect"},"message":"E0605 06:18:56.805207   25116 watch.go:40] Failed to load config from \"c:\\\\Users\\\\pacco\\\\Quizz\\\\dataconnect\": could not find dataconnect.yaml in `c:\\Users\\pacco\\Quizz\\dataconnect`\n"}}
[debug] [2026-06-05T05:19:06.805Z] E0605 06:19:06.805166   25116 watch.go:40] Failed to load config from "c:\\Users\\pacco\\Quizz\\dataconnect": could not find dataconnect.yaml in `c:\Users\pacco\Quizz\dataconnect`
 {"metadata":{"emulator":{"name":"dataconnect"},"message":"E0605 06:19:06.805166   25116 watch.go:40] Failed to load config from \"c:\\\\Users\\\\pacco\\\\Quizz\\\\dataconnect\": could not find dataconnect.yaml in `c:\\Users\\pacco\\Quizz\\dataconnect`\n"}}
[debug] [2026-06-05T05:19:16.805Z] E0605 06:19:16.805359   25116 watch.go:40] Failed to load config from "c:\\Users\\pacco\\Quizz\\dataconnect": could not find dataconnect.yaml in `c:\Users\pacco\Quizz\dataconnect`
 {"metadata":{"emulator":{"name":"dataconnect"},"message":"E0605 06:19:16.805359   25116 watch.go:40] Failed to load config from \"c:\\\\Users\\\\pacco\\\\Quizz\\\\dataconnect\": could not find dataconnect.yaml in `c:\\Users\\pacco\\Quizz\\dataconnect`\n"}}
[debug] [2026-06-05T05:19:16.806Z] E0605 06:19:16.805359   25116 watch.go:116] watchAllDir unable to walk dir `c:\Users\pacco\Quizz\dataconnect`: GetFileAttributesEx c:\Users\pacco\Quizz\dataconnect: The system cannot find the file specified.
 {"metadata":{"emulator":{"name":"dataconnect"},"message":"E0605 06:19:16.805359   25116 watch.go:116] watchAllDir unable to walk dir `c:\\Users\\pacco\\Quizz\\dataconnect`: GetFileAttributesEx c:\\Users\\pacco\\Quizz\\dataconnect: The system cannot find the file specified.\n"}}
[debug] [2026-06-05T05:19:26.825Z] E0605 06:19:26.824794   25116 watch.go:40] Failed to load config from "c:\\Users\\pacco\\Quizz\\dataconnect": could not find dataconnect.yaml in `c:\Users\pacco\Quizz\dataconnect`
 {"metadata":{"emulator":{"name":"dataconnect"},"message":"E0605 06:19:26.824794   25116 watch.go:40] Failed to load config from \"c:\\\\Users\\\\pacco\\\\Quizz\\\\dataconnect\": could not find dataconnect.yaml in `c:\\Users\\pacco\\Quizz\\dataconnect`\n"}}
[debug] [2026-06-05T05:19:36.806Z] E0605 06:19:36.805644   25116 watch.go:40] Failed to load config from "c:\\Users\\pacco\\Quizz\\dataconnect": could not find dataconnect.yaml in `c:\Users\pacco\Quizz\dataconnect`
 {"metadata":{"emulator":{"name":"dataconnect"},"message":"E0605 06:19:36.805644   25116 watch.go:40] Failed to load config from \"c:\\\\Users\\\\pacco\\\\Quizz\\\\dataconnect\": could not find dataconnect.yaml in `c:\\Users\\pacco\\Quizz\\dataconnect`\n"}}
[debug] [2026-06-05T05:19:46.806Z] E0605 06:19:46.805245   25116 watch.go:40] Failed to load config from "c:\\Users\\pacco\\Quizz\\dataconnect": could not find dataconnect.yaml in `c:\Users\pacco\Quizz\dataconnect`
 {"metadata":{"emulator":{"name":"dataconnect"},"message":"E0605 06:19:46.805245   25116 watch.go:40] Failed to load config from \"c:\\\\Users\\\\pacco\\\\Quizz\\\\dataconnect\": could not find dataconnect.yaml in `c:\\Users\\pacco\\Quizz\\dataconnect`\n"}}
[debug] [2026-06-05T05:19:56.806Z] E0605 06:19:56.806133   25116 watch.go:40] Failed to load config from "c:\\Users\\pacco\\Quizz\\dataconnect": could not find dataconnect.yaml in `c:\Users\pacco\Quizz\dataconnect`
 {"metadata":{"emulator":{"name":"dataconnect"},"message":"E0605 06:19:56.806133   25116 watch.go:40] Failed to load config from \"c:\\\\Users\\\\pacco\\\\Quizz\\\\dataconnect\": could not find dataconnect.yaml in `c:\\Users\\pacco\\Quizz\\dataconnect`\n"}}
[debug] [2026-06-05T05:20:06.805Z] E0605 06:20:06.805480   25116 watch.go:40] Failed to load config from "c:\\Users\\pacco\\Quizz\\dataconnect": could not find dataconnect.yaml in `c:\Users\pacco\Quizz\dataconnect`
 {"metadata":{"emulator":{"name":"dataconnect"},"message":"E0605 06:20:06.805480   25116 watch.go:40] Failed to load config from \"c:\\\\Users\\\\pacco\\\\Quizz\\\\dataconnect\": could not find dataconnect.yaml in `c:\\Users\\pacco\\Quizz\\dataconnect`\n"}}
[debug] [2026-06-05T05:20:16.805Z] E0605 06:20:16.805612   25116 watch.go:116] watchAllDir unable to walk dir `c:\Users\pacco\Quizz\dataconnect`: GetFileAttributesEx c:\Users\pacco\Quizz\dataconnect: The system cannot find the file specified.
E0605 06:20:16.805612   25116 watch.go:40] Failed to load config from "c:\\Users\\pacco\\Quizz\\dataconnect": could not find dataconnect.yaml in `c:\Users\pacco\Quizz\dataconnect`
 {"metadata":{"emulator":{"name":"dataconnect"},"message":"E0605 06:20:16.805612   25116 watch.go:116] watchAllDir unable to walk dir `c:\\Users\\pacco\\Quizz\\dataconnect`: GetFileAttributesEx c:\\Users\\pacco\\Quizz\\dataconnect: The system cannot find the file specified.\nE0605 06:20:16.805612   25116 watch.go:40] Failed to load config from \"c:\\\\Users\\\\pacco\\\\Quizz\\\\dataconnect\": could not find dataconnect.yaml in `c:\\Users\\pacco\\Quizz\\dataconnect`\n"}}
[debug] [2026-06-05T05:20:26.805Z] E0605 06:20:26.804994   25116 watch.go:40] Failed to load config from "c:\\Users\\pacco\\Quizz\\dataconnect": could not find dataconnect.yaml in `c:\Users\pacco\Quizz\dataconnect`
 {"metadata":{"emulator":{"name":"dataconnect"},"message":"E0605 06:20:26.804994   25116 watch.go:40] Failed to load config from \"c:\\\\Users\\\\pacco\\\\Quizz\\\\dataconnect\": could not find dataconnect.yaml in `c:\\Users\\pacco\\Quizz\\dataconnect`\n"}}
[debug] [2026-06-05T05:20:36.805Z] E0605 06:20:36.804893   25116 watch.go:40] Failed to load config from "c:\\Users\\pacco\\Quizz\\dataconnect": could not find dataconnect.yaml in `c:\Users\pacco\Quizz\dataconnect`
 {"metadata":{"emulator":{"name":"dataconnect"},"message":"E0605 06:20:36.804893   25116 watch.go:40] Failed to load config from \"c:\\\\Users\\\\pacco\\\\Quizz\\\\dataconnect\": could not find dataconnect.yaml in `c:\\Users\\pacco\\Quizz\\dataconnect`\n"}}
[debug] [2026-06-05T05:20:46.805Z] E0605 06:20:46.805521   25116 watch.go:40] Failed to load config from "c:\\Users\\pacco\\Quizz\\dataconnect": could not find dataconnect.yaml in `c:\Users\pacco\Quizz\dataconnect`
 {"metadata":{"emulator":{"name":"dataconnect"},"message":"E0605 06:20:46.805521   25116 watch.go:40] Failed to load config from \"c:\\\\Users\\\\pacco\\\\Quizz\\\\dataconnect\": could not find dataconnect.yaml in `c:\\Users\\pacco\\Quizz\\dataconnect`\n"}}
[debug] [2026-06-05T05:20:56.805Z] E0605 06:20:56.805056   25116 watch.go:40] Failed to load config from "c:\\Users\\pacco\\Quizz\\dataconnect": could not find dataconnect.yaml in `c:\Users\pacco\Quizz\dataconnect`
 {"metadata":{"emulator":{"name":"dataconnect"},"message":"E0605 06:20:56.805056   25116 watch.go:40] Failed to load config from \"c:\\\\Users\\\\pacco\\\\Quizz\\\\dataconnect\": could not find dataconnect.yaml in `c:\\Users\\pacco\\Quizz\\dataconnect`\n"}}
[debug] [2026-06-05T05:21:06.805Z] E0605 06:21:06.805531   25116 watch.go:40] Failed to load config from "c:\\Users\\pacco\\Quizz\\dataconnect": could not find dataconnect.yaml in `c:\Users\pacco\Quizz\dataconnect`
 {"metadata":{"emulator":{"name":"dataconnect"},"message":"E0605 06:21:06.805531   25116 watch.go:40] Failed to load config from \"c:\\\\Users\\\\pacco\\\\Quizz\\\\dataconnect\": could not find dataconnect.yaml in `c:\\Users\\pacco\\Quizz\\dataconnect`\n"}}
[debug] [2026-06-05T05:21:16.805Z] E0605 06:21:16.805499   25116 watch.go:116] watchAllDir unable to walk dir `c:\Users\pacco\Quizz\dataconnect`: GetFileAttributesEx c:\Users\pacco\Quizz\dataconnect: The system cannot find the file specified.
E0605 06:21:16.805499   25116 watch.go:40] Failed to load config from "c:\\Users\\pacco\\Quizz\\dataconnect": could not find dataconnect.yaml in `c:\Users\pacco\Quizz\dataconnect`
 {"metadata":{"emulator":{"name":"dataconnect"},"message":"E0605 06:21:16.805499   25116 watch.go:116] watchAllDir unable to walk dir `c:\\Users\\pacco\\Quizz\\dataconnect`: GetFileAttributesEx c:\\Users\\pacco\\Quizz\\dataconnect: The system cannot find the file specified.\nE0605 06:21:16.805499   25116 watch.go:40] Failed to load config from \"c:\\\\Users\\\\pacco\\\\Quizz\\\\dataconnect\": could not find dataconnect.yaml in `c:\\Users\\pacco\\Quizz\\dataconnect`\n"}}
[debug] [2026-06-05T05:21:26.805Z] E0605 06:21:26.805473   25116 watch.go:40] Failed to load config from "c:\\Users\\pacco\\Quizz\\dataconnect": could not find dataconnect.yaml in `c:\Users\pacco\Quizz\dataconnect`
 {"metadata":{"emulator":{"name":"dataconnect"},"message":"E0605 06:21:26.805473   25116 watch.go:40] Failed to load config from \"c:\\\\Users\\\\pacco\\\\Quizz\\\\dataconnect\": could not find dataconnect.yaml in `c:\\Users\\pacco\\Quizz\\dataconnect`\n"}}
[debug] [2026-06-05T05:21:36.805Z] E0605 06:21:36.805220   25116 watch.go:40] Failed to load config from "c:\\Users\\pacco\\Quizz\\dataconnect": could not find dataconnect.yaml in `c:\Users\pacco\Quizz\dataconnect`
 {"metadata":{"emulator":{"name":"dataconnect"},"message":"E0605 06:21:36.805220   25116 watch.go:40] Failed to load config from \"c:\\\\Users\\\\pacco\\\\Quizz\\\\dataconnect\": could not find dataconnect.yaml in `c:\\Users\\pacco\\Quizz\\dataconnect`\n"}}
[debug] [2026-06-05T05:21:46.806Z] E0605 06:21:46.805703   25116 watch.go:40] Failed to load config from "c:\\Users\\pacco\\Quizz\\dataconnect": could not find dataconnect.yaml in `c:\Users\pacco\Quizz\dataconnect`
 {"metadata":{"emulator":{"name":"dataconnect"},"message":"E0605 06:21:46.805703   25116 watch.go:40] Failed to load config from \"c:\\\\Users\\\\pacco\\\\Quizz\\\\dataconnect\": could not find dataconnect.yaml in `c:\\Users\\pacco\\Quizz\\dataconnect`\n"}}
[debug] [2026-06-05T05:21:56.807Z] E0605 06:21:56.807175   25116 watch.go:40] Failed to load config from "c:\\Users\\pacco\\Quizz\\dataconnect": could not find dataconnect.yaml in `c:\Users\pacco\Quizz\dataconnect`
 {"metadata":{"emulator":{"name":"dataconnect"},"message":"E0605 06:21:56.807175   25116 watch.go:40] Failed to load config from \"c:\\\\Users\\\\pacco\\\\Quizz\\\\dataconnect\": could not find dataconnect.yaml in `c:\\Users\\pacco\\Quizz\\dataconnect`\n"}}
[debug] [2026-06-05T05:22:06.805Z] E0605 06:22:06.805351   25116 watch.go:40] Failed to load config from "c:\\Users\\pacco\\Quizz\\dataconnect": could not find dataconnect.yaml in `c:\Users\pacco\Quizz\dataconnect`
 {"metadata":{"emulator":{"name":"dataconnect"},"message":"E0605 06:22:06.805351   25116 watch.go:40] Failed to load config from \"c:\\\\Users\\\\pacco\\\\Quizz\\\\dataconnect\": could not find dataconnect.yaml in `c:\\Users\\pacco\\Quizz\\dataconnect`\n"}}
[debug] [2026-06-05T05:22:16.806Z] E0605 06:22:16.805776   25116 watch.go:116] watchAllDir unable to walk dir `c:\Users\pacco\Quizz\dataconnect`: GetFileAttributesEx c:\Users\pacco\Quizz\dataconnect: The system cannot find the file specified.
 {"metadata":{"emulator":{"name":"dataconnect"},"message":"E0605 06:22:16.805776   25116 watch.go:116] watchAllDir unable to walk dir `c:\\Users\\pacco\\Quizz\\dataconnect`: GetFileAttributesEx c:\\Users\\pacco\\Quizz\\dataconnect: The system cannot find the file specified.\n"}}
[debug] [2026-06-05T05:22:16.849Z] E0605 06:22:16.849421   25116 watch.go:40] Failed to load config from "c:\\Users\\pacco\\Quizz\\dataconnect": could not find dataconnect.yaml in `c:\Users\pacco\Quizz\dataconnect`
 {"metadata":{"emulator":{"name":"dataconnect"},"message":"E0605 06:22:16.849421   25116 watch.go:40] Failed to load config from \"c:\\\\Users\\\\pacco\\\\Quizz\\\\dataconnect\": could not find dataconnect.yaml in `c:\\Users\\pacco\\Quizz\\dataconnect`\n"}}
[debug] [2026-06-05T05:22:26.805Z] E0605 06:22:26.805022   25116 watch.go:40] Failed to load config from "c:\\Users\\pacco\\Quizz\\dataconnect": could not find dataconnect.yaml in `c:\Users\pacco\Quizz\dataconnect`
 {"metadata":{"emulator":{"name":"dataconnect"},"message":"E0605 06:22:26.805022   25116 watch.go:40] Failed to load config from \"c:\\\\Users\\\\pacco\\\\Quizz\\\\dataconnect\": could not find dataconnect.yaml in `c:\\Users\\pacco\\Quizz\\dataconnect`\n"}}
[debug] [2026-06-05T05:22:36.805Z] E0605 06:22:36.805804   25116 watch.go:40] Failed to load config from "c:\\Users\\pacco\\Quizz\\dataconnect": could not find dataconnect.yaml in `c:\Users\pacco\Quizz\dataconnect`
 {"metadata":{"emulator":{"name":"dataconnect"},"message":"E0605 06:22:36.805804   25116 watch.go:40] Failed to load config from \"c:\\\\Users\\\\pacco\\\\Quizz\\\\dataconnect\": could not find dataconnect.yaml in `c:\\Users\\pacco\\Quizz\\dataconnect`\n"}}
[debug] [2026-06-05T05:22:46.812Z] E0605 06:22:46.805200   25116 watch.go:40] Failed to load config from "c:\\Users\\pacco\\Quizz\\dataconnect": could not find dataconnect.yaml in `c:\Users\pacco\Quizz\dataconnect`
 {"metadata":{"emulator":{"name":"dataconnect"},"message":"E0605 06:22:46.805200   25116 watch.go:40] Failed to load config from \"c:\\\\Users\\\\pacco\\\\Quizz\\\\dataconnect\": could not find dataconnect.yaml in `c:\\Users\\pacco\\Quizz\\dataconnect`\n"}}
[debug] [2026-06-05T05:22:56.805Z] E0605 06:22:56.805266   25116 watch.go:40] Failed to load config from "c:\\Users\\pacco\\Quizz\\dataconnect": could not find dataconnect.yaml in `c:\Users\pacco\Quizz\dataconnect`
 {"metadata":{"emulator":{"name":"dataconnect"},"message":"E0605 06:22:56.805266   25116 watch.go:40] Failed to load config from \"c:\\\\Users\\\\pacco\\\\Quizz\\\\dataconnect\": could not find dataconnect.yaml in `c:\\Users\\pacco\\Quizz\\dataconnect`\n"}}
[debug] [2026-06-05T05:23:06.805Z] E0605 06:23:06.805538   25116 watch.go:40] Failed to load config from "c:\\Users\\pacco\\Quizz\\dataconnect": could not find dataconnect.yaml in `c:\Users\pacco\Quizz\dataconnect`
 {"metadata":{"emulator":{"name":"dataconnect"},"message":"E0605 06:23:06.805538   25116 watch.go:40] Failed to load config from \"c:\\\\Users\\\\pacco\\\\Quizz\\\\dataconnect\": could not find dataconnect.yaml in `c:\\Users\\pacco\\Quizz\\dataconnect`\n"}}
[debug] [2026-06-05T05:23:16.806Z] E0605 06:23:16.805689   25116 watch.go:116] watchAllDir unable to walk dir `c:\Users\pacco\Quizz\dataconnect`: GetFileAttributesEx c:\Users\pacco\Quizz\dataconnect: The system cannot find the file specified.
 {"metadata":{"emulator":{"name":"dataconnect"},"message":"E0605 06:23:16.805689   25116 watch.go:116] watchAllDir unable to walk dir `c:\\Users\\pacco\\Quizz\\dataconnect`: GetFileAttributesEx c:\\Users\\pacco\\Quizz\\dataconnect: The system cannot find the file specified.\n"}}
[debug] [2026-06-05T05:23:16.807Z] E0605 06:23:16.805689   25116 watch.go:40] Failed to load config from "c:\\Users\\pacco\\Quizz\\dataconnect": could not find dataconnect.yaml in `c:\Users\pacco\Quizz\dataconnect`
 {"metadata":{"emulator":{"name":"dataconnect"},"message":"E0605 06:23:16.805689   25116 watch.go:40] Failed to load config from \"c:\\\\Users\\\\pacco\\\\Quizz\\\\dataconnect\": could not find dataconnect.yaml in `c:\\Users\\pacco\\Quizz\\dataconnect`\n"}}
[debug] [2026-06-05T05:23:26.805Z] E0605 06:23:26.805343   25116 watch.go:40] Failed to load config from "c:\\Users\\pacco\\Quizz\\dataconnect": could not find dataconnect.yaml in `c:\Users\pacco\Quizz\dataconnect`
 {"metadata":{"emulator":{"name":"dataconnect"},"message":"E0605 06:23:26.805343   25116 watch.go:40] Failed to load config from \"c:\\\\Users\\\\pacco\\\\Quizz\\\\dataconnect\": could not find dataconnect.yaml in `c:\\Users\\pacco\\Quizz\\dataconnect`\n"}}
[debug] [2026-06-05T05:23:36.805Z] E0605 06:23:36.805210   25116 watch.go:40] Failed to load config from "c:\\Users\\pacco\\Quizz\\dataconnect": could not find dataconnect.yaml in `c:\Users\pacco\Quizz\dataconnect`
 {"metadata":{"emulator":{"name":"dataconnect"},"message":"E0605 06:23:36.805210   25116 watch.go:40] Failed to load config from \"c:\\\\Users\\\\pacco\\\\Quizz\\\\dataconnect\": could not find dataconnect.yaml in `c:\\Users\\pacco\\Quizz\\dataconnect`\n"}}
[debug] [2026-06-05T05:23:46.805Z] E0605 06:23:46.805208   25116 watch.go:40] Failed to load config from "c:\\Users\\pacco\\Quizz\\dataconnect": could not find dataconnect.yaml in `c:\Users\pacco\Quizz\dataconnect`
 {"metadata":{"emulator":{"name":"dataconnect"},"message":"E0605 06:23:46.805208   25116 watch.go:40] Failed to load config from \"c:\\\\Users\\\\pacco\\\\Quizz\\\\dataconnect\": could not find dataconnect.yaml in `c:\\Users\\pacco\\Quizz\\dataconnect`\n"}}
[debug] [2026-06-05T05:23:56.805Z] E0605 06:23:56.805310   25116 watch.go:40] Failed to load config from "c:\\Users\\pacco\\Quizz\\dataconnect": could not find dataconnect.yaml in `c:\Users\pacco\Quizz\dataconnect`
 {"metadata":{"emulator":{"name":"dataconnect"},"message":"E0605 06:23:56.805310   25116 watch.go:40] Failed to load config from \"c:\\\\Users\\\\pacco\\\\Quizz\\\\dataconnect\": could not find dataconnect.yaml in `c:\\Users\\pacco\\Quizz\\dataconnect`\n"}}
[debug] [2026-06-05T05:24:06.805Z] E0605 06:24:06.805542   25116 watch.go:40] Failed to load config from "c:\\Users\\pacco\\Quizz\\dataconnect": could not find dataconnect.yaml in `c:\Users\pacco\Quizz\dataconnect`
 {"metadata":{"emulator":{"name":"dataconnect"},"message":"E0605 06:24:06.805542   25116 watch.go:40] Failed to load config from \"c:\\\\Users\\\\pacco\\\\Quizz\\\\dataconnect\": could not find dataconnect.yaml in `c:\\Users\\pacco\\Quizz\\dataconnect`\n"}}
[debug] [2026-06-05T05:24:16.805Z] E0605 06:24:16.805088   25116 watch.go:40] Failed to load config from "c:\\Users\\pacco\\Quizz\\dataconnect": could not find dataconnect.yaml in `c:\Users\pacco\Quizz\dataconnect`
 {"metadata":{"emulator":{"name":"dataconnect"},"message":"E0605 06:24:16.805088   25116 watch.go:40] Failed to load config from \"c:\\\\Users\\\\pacco\\\\Quizz\\\\dataconnect\": could not find dataconnect.yaml in `c:\\Users\\pacco\\Quizz\\dataconnect`\n"}}
[debug] [2026-06-05T05:24:16.805Z] E0605 06:24:16.805605   25116 watch.go:116] watchAllDir unable to walk dir `c:\Users\pacco\Quizz\dataconnect`: GetFileAttributesEx c:\Users\pacco\Quizz\dataconnect: The system cannot find the file specified.
 {"metadata":{"emulator":{"name":"dataconnect"},"message":"E0605 06:24:16.805605   25116 watch.go:116] watchAllDir unable to walk dir `c:\\Users\\pacco\\Quizz\\dataconnect`: GetFileAttributesEx c:\\Users\\pacco\\Quizz\\dataconnect: The system cannot find the file specified.\n"}}
[debug] [2026-06-05T05:24:26.809Z] E0605 06:24:26.809221   25116 watch.go:40] Failed to load config from "c:\\Users\\pacco\\Quizz\\dataconnect": could not find dataconnect.yaml in `c:\Users\pacco\Quizz\dataconnect`
 {"metadata":{"emulator":{"name":"dataconnect"},"message":"E0605 06:24:26.809221   25116 watch.go:40] Failed to load config from \"c:\\\\Users\\\\pacco\\\\Quizz\\\\dataconnect\": could not find dataconnect.yaml in `c:\\Users\\pacco\\Quizz\\dataconnect`\n"}}
[debug] [2026-06-05T05:24:36.806Z] E0605 06:24:36.805806   25116 watch.go:40] Failed to load config from "c:\\Users\\pacco\\Quizz\\dataconnect": could not find dataconnect.yaml in `c:\Users\pacco\Quizz\dataconnect`
 {"metadata":{"emulator":{"name":"dataconnect"},"message":"E0605 06:24:36.805806   25116 watch.go:40] Failed to load config from \"c:\\\\Users\\\\pacco\\\\Quizz\\\\dataconnect\": could not find dataconnect.yaml in `c:\\Users\\pacco\\Quizz\\dataconnect`\n"}}
[debug] [2026-06-05T05:24:46.805Z] E0605 06:24:46.804883   25116 watch.go:40] Failed to load config from "c:\\Users\\pacco\\Quizz\\dataconnect": could not find dataconnect.yaml in `c:\Users\pacco\Quizz\dataconnect`
 {"metadata":{"emulator":{"name":"dataconnect"},"message":"E0605 06:24:46.804883   25116 watch.go:40] Failed to load config from \"c:\\\\Users\\\\pacco\\\\Quizz\\\\dataconnect\": could not find dataconnect.yaml in `c:\\Users\\pacco\\Quizz\\dataconnect`\n"}}
[debug] [2026-06-05T05:24:56.805Z] E0605 06:24:56.805434   25116 watch.go:40] Failed to load config from "c:\\Users\\pacco\\Quizz\\dataconnect": could not find dataconnect.yaml in `c:\Users\pacco\Quizz\dataconnect`
 {"metadata":{"emulator":{"name":"dataconnect"},"message":"E0605 06:24:56.805434   25116 watch.go:40] Failed to load config from \"c:\\\\Users\\\\pacco\\\\Quizz\\\\dataconnect\": could not find dataconnect.yaml in `c:\\Users\\pacco\\Quizz\\dataconnect`\n"}}
[debug] [2026-06-05T05:25:06.805Z] E0605 06:25:06.805239   25116 watch.go:40] Failed to load config from "c:\\Users\\pacco\\Quizz\\dataconnect": could not find dataconnect.yaml in `c:\Users\pacco\Quizz\dataconnect`
 {"metadata":{"emulator":{"name":"dataconnect"},"message":"E0605 06:25:06.805239   25116 watch.go:40] Failed to load config from \"c:\\\\Users\\\\pacco\\\\Quizz\\\\dataconnect\": could not find dataconnect.yaml in `c:\\Users\\pacco\\Quizz\\dataconnect`\n"}}
[debug] [2026-06-05T05:25:16.805Z] E0605 06:25:16.805327   25116 watch.go:40] Failed to load config from "c:\\Users\\pacco\\Quizz\\dataconnect": could not find dataconnect.yaml in `c:\Users\pacco\Quizz\dataconnect`
 {"metadata":{"emulator":{"name":"dataconnect"},"message":"E0605 06:25:16.805327   25116 watch.go:40] Failed to load config from \"c:\\\\Users\\\\pacco\\\\Quizz\\\\dataconnect\": could not find dataconnect.yaml in `c:\\Users\\pacco\\Quizz\\dataconnect`\n"}}
[debug] [2026-06-05T05:25:16.807Z] E0605 06:25:16.805883   25116 watch.go:116] watchAllDir unable to walk dir `c:\Users\pacco\Quizz\dataconnect`: GetFileAttributesEx c:\Users\pacco\Quizz\dataconnect: The system cannot find the file specified.
 {"metadata":{"emulator":{"name":"dataconnect"},"message":"E0605 06:25:16.805883   25116 watch.go:116] watchAllDir unable to walk dir `c:\\Users\\pacco\\Quizz\\dataconnect`: GetFileAttributesEx c:\\Users\\pacco\\Quizz\\dataconnect: The system cannot find the file specified.\n"}}
[debug] [2026-06-05T05:25:26.805Z] E0605 06:25:26.805520   25116 watch.go:40] Failed to load config from "c:\\Users\\pacco\\Quizz\\dataconnect": could not find dataconnect.yaml in `c:\Users\pacco\Quizz\dataconnect`
 {"metadata":{"emulator":{"name":"dataconnect"},"message":"E0605 06:25:26.805520   25116 watch.go:40] Failed to load config from \"c:\\\\Users\\\\pacco\\\\Quizz\\\\dataconnect\": could not find dataconnect.yaml in `c:\\Users\\pacco\\Quizz\\dataconnect`\n"}}
[debug] [2026-06-05T05:25:36.805Z] E0605 06:25:36.805180   25116 watch.go:40] Failed to load config from "c:\\Users\\pacco\\Quizz\\dataconnect": could not find dataconnect.yaml in `c:\Users\pacco\Quizz\dataconnect`
 {"metadata":{"emulator":{"name":"dataconnect"},"message":"E0605 06:25:36.805180   25116 watch.go:40] Failed to load config from \"c:\\\\Users\\\\pacco\\\\Quizz\\\\dataconnect\": could not find dataconnect.yaml in `c:\\Users\\pacco\\Quizz\\dataconnect`\n"}}
[debug] [2026-06-05T05:25:46.805Z] E0605 06:25:46.805197   25116 watch.go:40] Failed to load config from "c:\\Users\\pacco\\Quizz\\dataconnect": could not find dataconnect.yaml in `c:\Users\pacco\Quizz\dataconnect`
 {"metadata":{"emulator":{"name":"dataconnect"},"message":"E0605 06:25:46.805197   25116 watch.go:40] Failed to load config from \"c:\\\\Users\\\\pacco\\\\Quizz\\\\dataconnect\": could not find dataconnect.yaml in `c:\\Users\\pacco\\Quizz\\dataconnect`\n"}}
[debug] [2026-06-05T05:25:56.805Z] E0605 06:25:56.804916   25116 watch.go:40] Failed to load config from "c:\\Users\\pacco\\Quizz\\dataconnect": could not find dataconnect.yaml in `c:\Users\pacco\Quizz\dataconnect`
 {"metadata":{"emulator":{"name":"dataconnect"},"message":"E0605 06:25:56.804916   25116 watch.go:40] Failed to load config from \"c:\\\\Users\\\\pacco\\\\Quizz\\\\dataconnect\": could not find dataconnect.yaml in `c:\\Users\\pacco\\Quizz\\dataconnect`\n"}}
[debug] [2026-06-05T05:26:06.811Z] E0605 06:26:06.811131   25116 watch.go:40] Failed to load config from "c:\\Users\\pacco\\Quizz\\dataconnect": could not find dataconnect.yaml in `c:\Users\pacco\Quizz\dataconnect`
 {"metadata":{"emulator":{"name":"dataconnect"},"message":"E0605 06:26:06.811131   25116 watch.go:40] Failed to load config from \"c:\\\\Users\\\\pacco\\\\Quizz\\\\dataconnect\": could not find dataconnect.yaml in `c:\\Users\\pacco\\Quizz\\dataconnect`\n"}}
[debug] [2026-06-05T05:26:16.805Z] E0605 06:26:16.805001   25116 watch.go:40] Failed to load config from "c:\\Users\\pacco\\Quizz\\dataconnect": could not find dataconnect.yaml in `c:\Users\pacco\Quizz\dataconnect`
 {"metadata":{"emulator":{"name":"dataconnect"},"message":"E0605 06:26:16.805001   25116 watch.go:40] Failed to load config from \"c:\\\\Users\\\\pacco\\\\Quizz\\\\dataconnect\": could not find dataconnect.yaml in `c:\\Users\\pacco\\Quizz\\dataconnect`\n"}}
[debug] [2026-06-05T05:26:16.806Z] E0605 06:26:16.805557   25116 watch.go:116] watchAllDir unable to walk dir `c:\Users\pacco\Quizz\dataconnect`: GetFileAttributesEx c:\Users\pacco\Quizz\dataconnect: The system cannot find the file specified.
 {"metadata":{"emulator":{"name":"dataconnect"},"message":"E0605 06:26:16.805557   25116 watch.go:116] watchAllDir unable to walk dir `c:\\Users\\pacco\\Quizz\\dataconnect`: GetFileAttributesEx c:\\Users\\pacco\\Quizz\\dataconnect: The system cannot find the file specified.\n"}}
[debug] [2026-06-05T05:26:26.806Z] E0605 06:26:26.805914   25116 watch.go:40] Failed to load config from "c:\\Users\\pacco\\Quizz\\dataconnect": could not find dataconnect.yaml in `c:\Users\pacco\Quizz\dataconnect`
 {"metadata":{"emulator":{"name":"dataconnect"},"message":"E0605 06:26:26.805914   25116 watch.go:40] Failed to load config from \"c:\\\\Users\\\\pacco\\\\Quizz\\\\dataconnect\": could not find dataconnect.yaml in `c:\\Users\\pacco\\Quizz\\dataconnect`\n"}}
[debug] [2026-06-05T05:26:36.806Z] E0605 06:26:36.806081   25116 watch.go:40] Failed to load config from "c:\\Users\\pacco\\Quizz\\dataconnect": could not find dataconnect.yaml in `c:\Users\pacco\Quizz\dataconnect`
 {"metadata":{"emulator":{"name":"dataconnect"},"message":"E0605 06:26:36.806081   25116 watch.go:40] Failed to load config from \"c:\\\\Users\\\\pacco\\\\Quizz\\\\dataconnect\": could not find dataconnect.yaml in `c:\\Users\\pacco\\Quizz\\dataconnect`\n"}}
[debug] [2026-06-05T05:26:46.805Z] E0605 06:26:46.805052   25116 watch.go:40] Failed to load config from "c:\\Users\\pacco\\Quizz\\dataconnect": could not find dataconnect.yaml in `c:\Users\pacco\Quizz\dataconnect`
 {"metadata":{"emulator":{"name":"dataconnect"},"message":"E0605 06:26:46.805052   25116 watch.go:40] Failed to load config from \"c:\\\\Users\\\\pacco\\\\Quizz\\\\dataconnect\": could not find dataconnect.yaml in `c:\\Users\\pacco\\Quizz\\dataconnect`\n"}}
[debug] [2026-06-05T05:26:56.805Z] E0605 06:26:56.805444   25116 watch.go:40] Failed to load config from "c:\\Users\\pacco\\Quizz\\dataconnect": could not find dataconnect.yaml in `c:\Users\pacco\Quizz\dataconnect`
 {"metadata":{"emulator":{"name":"dataconnect"},"message":"E0605 06:26:56.805444   25116 watch.go:40] Failed to load config from \"c:\\\\Users\\\\pacco\\\\Quizz\\\\dataconnect\": could not find dataconnect.yaml in `c:\\Users\\pacco\\Quizz\\dataconnect`\n"}}
[debug] [2026-06-05T05:27:06.806Z] E0605 06:27:06.805715   25116 watch.go:40] Failed to load config from "c:\\Users\\pacco\\Quizz\\dataconnect": could not find dataconnect.yaml in `c:\Users\pacco\Quizz\dataconnect`
 {"metadata":{"emulator":{"name":"dataconnect"},"message":"E0605 06:27:06.805715   25116 watch.go:40] Failed to load config from \"c:\\\\Users\\\\pacco\\\\Quizz\\\\dataconnect\": could not find dataconnect.yaml in `c:\\Users\\pacco\\Quizz\\dataconnect`\n"}}
[debug] [2026-06-05T05:27:16.806Z] E0605 06:27:16.805601   25116 watch.go:116] watchAllDir unable to walk dir `c:\Users\pacco\Quizz\dataconnect`: GetFileAttributesEx c:\Users\pacco\Quizz\dataconnect: The system cannot find the file specified.
E0605 06:27:16.805759   25116 watch.go:40] Failed to load config from "c:\\Users\\pacco\\Quizz\\dataconnect": could not find dataconnect.yaml in `c:\Users\pacco\Quizz\dataconnect`
 {"metadata":{"emulator":{"name":"dataconnect"},"message":"E0605 06:27:16.805601   25116 watch.go:116] watchAllDir unable to walk dir `c:\\Users\\pacco\\Quizz\\dataconnect`: GetFileAttributesEx c:\\Users\\pacco\\Quizz\\dataconnect: The system cannot find the file specified.\nE0605 06:27:16.805759   25116 watch.go:40] Failed to load config from \"c:\\\\Users\\\\pacco\\\\Quizz\\\\dataconnect\": could not find dataconnect.yaml in `c:\\Users\\pacco\\Quizz\\dataconnect`\n"}}
[debug] [2026-06-05T05:27:26.805Z] E0605 06:27:26.805340   25116 watch.go:40] Failed to load config from "c:\\Users\\pacco\\Quizz\\dataconnect": could not find dataconnect.yaml in `c:\Users\pacco\Quizz\dataconnect`
 {"metadata":{"emulator":{"name":"dataconnect"},"message":"E0605 06:27:26.805340   25116 watch.go:40] Failed to load config from \"c:\\\\Users\\\\pacco\\\\Quizz\\\\dataconnect\": could not find dataconnect.yaml in `c:\\Users\\pacco\\Quizz\\dataconnect`\n"}}
[debug] [2026-06-05T05:27:36.805Z] E0605 06:27:36.805481   25116 watch.go:40] Failed to load config from "c:\\Users\\pacco\\Quizz\\dataconnect": could not find dataconnect.yaml in `c:\Users\pacco\Quizz\dataconnect`
 {"metadata":{"emulator":{"name":"dataconnect"},"message":"E0605 06:27:36.805481   25116 watch.go:40] Failed to load config from \"c:\\\\Users\\\\pacco\\\\Quizz\\\\dataconnect\": could not find dataconnect.yaml in `c:\\Users\\pacco\\Quizz\\dataconnect`\n"}}
[debug] [2026-06-05T05:27:46.805Z] E0605 06:27:46.805070   25116 watch.go:40] Failed to load config from "c:\\Users\\pacco\\Quizz\\dataconnect": could not find dataconnect.yaml in `c:\Users\pacco\Quizz\dataconnect`
 {"metadata":{"emulator":{"name":"dataconnect"},"message":"E0605 06:27:46.805070   25116 watch.go:40] Failed to load config from \"c:\\\\Users\\\\pacco\\\\Quizz\\\\dataconnect\": could not find dataconnect.yaml in `c:\\Users\\pacco\\Quizz\\dataconnect`\n"}}
[debug] [2026-06-05T05:27:56.805Z] E0605 06:27:56.805412   25116 watch.go:40] Failed to load config from "c:\\Users\\pacco\\Quizz\\dataconnect": could not find dataconnect.yaml in `c:\Users\pacco\Quizz\dataconnect`
 {"metadata":{"emulator":{"name":"dataconnect"},"message":"E0605 06:27:56.805412   25116 watch.go:40] Failed to load config from \"c:\\\\Users\\\\pacco\\\\Quizz\\\\dataconnect\": could not find dataconnect.yaml in `c:\\Users\\pacco\\Quizz\\dataconnect`\n"}}
[debug] [2026-06-05T05:28:06.805Z] E0605 06:28:06.805049   25116 watch.go:40] Failed to load config from "c:\\Users\\pacco\\Quizz\\dataconnect": could not find dataconnect.yaml in `c:\Users\pacco\Quizz\dataconnect`
 {"metadata":{"emulator":{"name":"dataconnect"},"message":"E0605 06:28:06.805049   25116 watch.go:40] Failed to load config from \"c:\\\\Users\\\\pacco\\\\Quizz\\\\dataconnect\": could not find dataconnect.yaml in `c:\\Users\\pacco\\Quizz\\dataconnect`\n"}}
[debug] [2026-06-05T05:28:16.806Z] E0605 06:28:16.805788   25116 watch.go:116] watchAllDir unable to walk dir `c:\Users\pacco\Quizz\dataconnect`: GetFileAttributesEx c:\Users\pacco\Quizz\dataconnect: The system cannot find the file specified.
E0605 06:28:16.805788   25116 watch.go:40] Failed to load config from "c:\\Users\\pacco\\Quizz\\dataconnect": could not find dataconnect.yaml in `c:\Users\pacco\Quizz\dataconnect`
 {"metadata":{"emulator":{"name":"dataconnect"},"message":"E0605 06:28:16.805788   25116 watch.go:116] watchAllDir unable to walk dir `c:\\Users\\pacco\\Quizz\\dataconnect`: GetFileAttributesEx c:\\Users\\pacco\\Quizz\\dataconnect: The system cannot find the file specified.\nE0605 06:28:16.805788   25116 watch.go:40] Failed to load config from \"c:\\\\Users\\\\pacco\\\\Quizz\\\\dataconnect\": could not find dataconnect.yaml in `c:\\Users\\pacco\\Quizz\\dataconnect`\n"}}
[debug] [2026-06-05T05:28:26.806Z] E0605 06:28:26.806100   25116 watch.go:40] Failed to load config from "c:\\Users\\pacco\\Quizz\\dataconnect": could not find dataconnect.yaml in `c:\Users\pacco\Quizz\dataconnect`
 {"metadata":{"emulator":{"name":"dataconnect"},"message":"E0605 06:28:26.806100   25116 watch.go:40] Failed to load config from \"c:\\\\Users\\\\pacco\\\\Quizz\\\\dataconnect\": could not find dataconnect.yaml in `c:\\Users\\pacco\\Quizz\\dataconnect`\n"}}
[debug] [2026-06-05T05:28:36.806Z] E0605 06:28:36.806004   25116 watch.go:40] Failed to load config from "c:\\Users\\pacco\\Quizz\\dataconnect": could not find dataconnect.yaml in `c:\Users\pacco\Quizz\dataconnect`
 {"metadata":{"emulator":{"name":"dataconnect"},"message":"E0605 06:28:36.806004   25116 watch.go:40] Failed to load config from \"c:\\\\Users\\\\pacco\\\\Quizz\\\\dataconnect\": could not find dataconnect.yaml in `c:\\Users\\pacco\\Quizz\\dataconnect`\n"}}
[debug] [2026-06-05T05:28:46.805Z] E0605 06:28:46.805463   25116 watch.go:40] Failed to load config from "c:\\Users\\pacco\\Quizz\\dataconnect": could not find dataconnect.yaml in `c:\Users\pacco\Quizz\dataconnect`
 {"metadata":{"emulator":{"name":"dataconnect"},"message":"E0605 06:28:46.805463   25116 watch.go:40] Failed to load config from \"c:\\\\Users\\\\pacco\\\\Quizz\\\\dataconnect\": could not find dataconnect.yaml in `c:\\Users\\pacco\\Quizz\\dataconnect`\n"}}
[debug] [2026-06-05T05:28:56.805Z] E0605 06:28:56.805211   25116 watch.go:40] Failed to load config from "c:\\Users\\pacco\\Quizz\\dataconnect": could not find dataconnect.yaml in `c:\Users\pacco\Quizz\dataconnect`
 {"metadata":{"emulator":{"name":"dataconnect"},"message":"E0605 06:28:56.805211   25116 watch.go:40] Failed to load config from \"c:\\\\Users\\\\pacco\\\\Quizz\\\\dataconnect\": could not find dataconnect.yaml in `c:\\Users\\pacco\\Quizz\\dataconnect`\n"}}
[debug] [2026-06-05T05:29:06.805Z] E0605 06:29:06.805141   25116 watch.go:40] Failed to load config from "c:\\Users\\pacco\\Quizz\\dataconnect": could not find dataconnect.yaml in `c:\Users\pacco\Quizz\dataconnect`
 {"metadata":{"emulator":{"name":"dataconnect"},"message":"E0605 06:29:06.805141   25116 watch.go:40] Failed to load config from \"c:\\\\Users\\\\pacco\\\\Quizz\\\\dataconnect\": could not find dataconnect.yaml in `c:\\Users\\pacco\\Quizz\\dataconnect`\n"}}
[debug] [2026-06-05T05:29:16.805Z] E0605 06:29:16.805094   25116 watch.go:40] Failed to load config from "c:\\Users\\pacco\\Quizz\\dataconnect": could not find dataconnect.yaml in `c:\Users\pacco\Quizz\dataconnect`
 {"metadata":{"emulator":{"name":"dataconnect"},"message":"E0605 06:29:16.805094   25116 watch.go:40] Failed to load config from \"c:\\\\Users\\\\pacco\\\\Quizz\\\\dataconnect\": could not find dataconnect.yaml in `c:\\Users\\pacco\\Quizz\\dataconnect`\n"}}
[debug] [2026-06-05T05:29:16.805Z] E0605 06:29:16.805745   25116 watch.go:116] watchAllDir unable to walk dir `c:\Users\pacco\Quizz\dataconnect`: GetFileAttributesEx c:\Users\pacco\Quizz\dataconnect: The system cannot find the file specified.
 {"metadata":{"emulator":{"name":"dataconnect"},"message":"E0605 06:29:16.805745   25116 watch.go:116] watchAllDir unable to walk dir `c:\\Users\\pacco\\Quizz\\dataconnect`: GetFileAttributesEx c:\\Users\\pacco\\Quizz\\dataconnect: The system cannot find the file specified.\n"}}
[debug] [2026-06-05T05:29:26.805Z] E0605 06:29:26.805342   25116 watch.go:40] Failed to load config from "c:\\Users\\pacco\\Quizz\\dataconnect": could not find dataconnect.yaml in `c:\Users\pacco\Quizz\dataconnect`
 {"metadata":{"emulator":{"name":"dataconnect"},"message":"E0605 06:29:26.805342   25116 watch.go:40] Failed to load config from \"c:\\\\Users\\\\pacco\\\\Quizz\\\\dataconnect\": could not find dataconnect.yaml in `c:\\Users\\pacco\\Quizz\\dataconnect`\n"}}
[debug] [2026-06-05T05:29:36.805Z] E0605 06:29:36.805528   25116 watch.go:40] Failed to load config from "c:\\Users\\pacco\\Quizz\\dataconnect": could not find dataconnect.yaml in `c:\Users\pacco\Quizz\dataconnect`
 {"metadata":{"emulator":{"name":"dataconnect"},"message":"E0605 06:29:36.805528   25116 watch.go:40] Failed to load config from \"c:\\\\Users\\\\pacco\\\\Quizz\\\\dataconnect\": could not find dataconnect.yaml in `c:\\Users\\pacco\\Quizz\\dataconnect`\n"}}
[debug] [2026-06-05T05:29:46.805Z] E0605 06:29:46.805350   25116 watch.go:40] Failed to load config from "c:\\Users\\pacco\\Quizz\\dataconnect": could not find dataconnect.yaml in `c:\Users\pacco\Quizz\dataconnect`
 {"metadata":{"emulator":{"name":"dataconnect"},"message":"E0605 06:29:46.805350   25116 watch.go:40] Failed to load config from \"c:\\\\Users\\\\pacco\\\\Quizz\\\\dataconnect\": could not find dataconnect.yaml in `c:\\Users\\pacco\\Quizz\\dataconnect`\n"}}
[debug] [2026-06-05T05:29:56.806Z] E0605 06:29:56.805521   25116 watch.go:40] Failed to load config from "c:\\Users\\pacco\\Quizz\\dataconnect": could not find dataconnect.yaml in `c:\Users\pacco\Quizz\dataconnect`
 {"metadata":{"emulator":{"name":"dataconnect"},"message":"E0605 06:29:56.805521   25116 watch.go:40] Failed to load config from \"c:\\\\Users\\\\pacco\\\\Quizz\\\\dataconnect\": could not find dataconnect.yaml in `c:\\Users\\pacco\\Quizz\\dataconnect`\n"}}
[debug] [2026-06-05T05:30:06.805Z] E0605 06:30:06.805510   25116 watch.go:40] Failed to load config from "c:\\Users\\pacco\\Quizz\\dataconnect": could not find dataconnect.yaml in `c:\Users\pacco\Quizz\dataconnect`
 {"metadata":{"emulator":{"name":"dataconnect"},"message":"E0605 06:30:06.805510   25116 watch.go:40] Failed to load config from \"c:\\\\Users\\\\pacco\\\\Quizz\\\\dataconnect\": could not find dataconnect.yaml in `c:\\Users\\pacco\\Quizz\\dataconnect`\n"}}
[debug] [2026-06-05T05:30:16.805Z] E0605 06:30:16.805537   25116 watch.go:40] Failed to load config from "c:\\Users\\pacco\\Quizz\\dataconnect": could not find dataconnect.yaml in `c:\Users\pacco\Quizz\dataconnect`
E0605 06:30:16.805537   25116 watch.go:116] watchAllDir unable to walk dir `c:\Users\pacco\Quizz\dataconnect`: GetFileAttributesEx c:\Users\pacco\Quizz\dataconnect: The system cannot find the file specified.
 {"metadata":{"emulator":{"name":"dataconnect"},"message":"E0605 06:30:16.805537   25116 watch.go:40] Failed to load config from \"c:\\\\Users\\\\pacco\\\\Quizz\\\\dataconnect\": could not find dataconnect.yaml in `c:\\Users\\pacco\\Quizz\\dataconnect`\nE0605 06:30:16.805537   25116 watch.go:116] watchAllDir unable to walk dir `c:\\Users\\pacco\\Quizz\\dataconnect`: GetFileAttributesEx c:\\Users\\pacco\\Quizz\\dataconnect: The system cannot find the file specified.\n"}}
[debug] [2026-06-05T05:30:26.805Z] E0605 06:30:26.805257   25116 watch.go:40] Failed to load config from "c:\\Users\\pacco\\Quizz\\dataconnect": could not find dataconnect.yaml in `c:\Users\pacco\Quizz\dataconnect`
 {"metadata":{"emulator":{"name":"dataconnect"},"message":"E0605 06:30:26.805257   25116 watch.go:40] Failed to load config from \"c:\\\\Users\\\\pacco\\\\Quizz\\\\dataconnect\": could not find dataconnect.yaml in `c:\\Users\\pacco\\Quizz\\dataconnect`\n"}}
[debug] [2026-06-05T05:30:36.805Z] E0605 06:30:36.804838   25116 watch.go:40] Failed to load config from "c:\\Users\\pacco\\Quizz\\dataconnect": could not find dataconnect.yaml in `c:\Users\pacco\Quizz\dataconnect`
 {"metadata":{"emulator":{"name":"dataconnect"},"message":"E0605 06:30:36.804838   25116 watch.go:40] Failed to load config from \"c:\\\\Users\\\\pacco\\\\Quizz\\\\dataconnect\": could not find dataconnect.yaml in `c:\\Users\\pacco\\Quizz\\dataconnect`\n"}}
[debug] [2026-06-05T05:30:46.809Z] E0605 06:30:46.809428   25116 watch.go:40] Failed to load config from "c:\\Users\\pacco\\Quizz\\dataconnect": could not find dataconnect.yaml in `c:\Users\pacco\Quizz\dataconnect`
 {"metadata":{"emulator":{"name":"dataconnect"},"message":"E0605 06:30:46.809428   25116 watch.go:40] Failed to load config from \"c:\\\\Users\\\\pacco\\\\Quizz\\\\dataconnect\": could not find dataconnect.yaml in `c:\\Users\\pacco\\Quizz\\dataconnect`\n"}}
[debug] [2026-06-05T05:30:56.805Z] E0605 06:30:56.805193   25116 watch.go:40] Failed to load config from "c:\\Users\\pacco\\Quizz\\dataconnect": could not find dataconnect.yaml in `c:\Users\pacco\Quizz\dataconnect`
 {"metadata":{"emulator":{"name":"dataconnect"},"message":"E0605 06:30:56.805193   25116 watch.go:40] Failed to load config from \"c:\\\\Users\\\\pacco\\\\Quizz\\\\dataconnect\": could not find dataconnect.yaml in `c:\\Users\\pacco\\Quizz\\dataconnect`\n"}}
[debug] [2026-06-05T05:31:06.805Z] E0605 06:31:06.805556   25116 watch.go:40] Failed to load config from "c:\\Users\\pacco\\Quizz\\dataconnect": could not find dataconnect.yaml in `c:\Users\pacco\Quizz\dataconnect`
 {"metadata":{"emulator":{"name":"dataconnect"},"message":"E0605 06:31:06.805556   25116 watch.go:40] Failed to load config from \"c:\\\\Users\\\\pacco\\\\Quizz\\\\dataconnect\": could not find dataconnect.yaml in `c:\\Users\\pacco\\Quizz\\dataconnect`\n"}}
[debug] [2026-06-05T05:31:16.805Z] E0605 06:31:16.805503   25116 watch.go:40] Failed to load config from "c:\\Users\\pacco\\Quizz\\dataconnect": could not find dataconnect.yaml in `c:\Users\pacco\Quizz\dataconnect`
E0605 06:31:16.805503   25116 watch.go:116] watchAllDir unable to walk dir `c:\Users\pacco\Quizz\dataconnect`: GetFileAttributesEx c:\Users\pacco\Quizz\dataconnect: The system cannot find the file specified.
 {"metadata":{"emulator":{"name":"dataconnect"},"message":"E0605 06:31:16.805503   25116 watch.go:40] Failed to load config from \"c:\\\\Users\\\\pacco\\\\Quizz\\\\dataconnect\": could not find dataconnect.yaml in `c:\\Users\\pacco\\Quizz\\dataconnect`\nE0605 06:31:16.805503   25116 watch.go:116] watchAllDir unable to walk dir `c:\\Users\\pacco\\Quizz\\dataconnect`: GetFileAttributesEx c:\\Users\\pacco\\Quizz\\dataconnect: The system cannot find the file specified.\n"}}
[debug] [2026-06-05T05:31:26.805Z] E0605 06:31:26.805381   25116 watch.go:40] Failed to load config from "c:\\Users\\pacco\\Quizz\\dataconnect": could not find dataconnect.yaml in `c:\Users\pacco\Quizz\dataconnect`
 {"metadata":{"emulator":{"name":"dataconnect"},"message":"E0605 06:31:26.805381   25116 watch.go:40] Failed to load config from \"c:\\\\Users\\\\pacco\\\\Quizz\\\\dataconnect\": could not find dataconnect.yaml in `c:\\Users\\pacco\\Quizz\\dataconnect`\n"}}
[debug] [2026-06-05T05:31:36.805Z] E0605 06:31:36.805414   25116 watch.go:40] Failed to load config from "c:\\Users\\pacco\\Quizz\\dataconnect": could not find dataconnect.yaml in `c:\Users\pacco\Quizz\dataconnect`
 {"metadata":{"emulator":{"name":"dataconnect"},"message":"E0605 06:31:36.805414   25116 watch.go:40] Failed to load config from \"c:\\\\Users\\\\pacco\\\\Quizz\\\\dataconnect\": could not find dataconnect.yaml in `c:\\Users\\pacco\\Quizz\\dataconnect`\n"}}
[debug] [2026-06-05T05:31:46.805Z] E0605 06:31:46.805791   25116 watch.go:40] Failed to load config from "c:\\Users\\pacco\\Quizz\\dataconnect": could not find dataconnect.yaml in `c:\Users\pacco\Quizz\dataconnect`
 {"metadata":{"emulator":{"name":"dataconnect"},"message":"E0605 06:31:46.805791   25116 watch.go:40] Failed to load config from \"c:\\\\Users\\\\pacco\\\\Quizz\\\\dataconnect\": could not find dataconnect.yaml in `c:\\Users\\pacco\\Quizz\\dataconnect`\n"}}
[debug] [2026-06-05T05:31:56.806Z] E0605 06:31:56.805664   25116 watch.go:40] Failed to load config from "c:\\Users\\pacco\\Quizz\\dataconnect": could not find dataconnect.yaml in `c:\Users\pacco\Quizz\dataconnect`
 {"metadata":{"emulator":{"name":"dataconnect"},"message":"E0605 06:31:56.805664   25116 watch.go:40] Failed to load config from \"c:\\\\Users\\\\pacco\\\\Quizz\\\\dataconnect\": could not find dataconnect.yaml in `c:\\Users\\pacco\\Quizz\\dataconnect`\n"}}
[debug] [2026-06-05T05:32:06.806Z] E0605 06:32:06.805760   25116 watch.go:40] Failed to load config from "c:\\Users\\pacco\\Quizz\\dataconnect": could not find dataconnect.yaml in `c:\Users\pacco\Quizz\dataconnect`
 {"metadata":{"emulator":{"name":"dataconnect"},"message":"E0605 06:32:06.805760   25116 watch.go:40] Failed to load config from \"c:\\\\Users\\\\pacco\\\\Quizz\\\\dataconnect\": could not find dataconnect.yaml in `c:\\Users\\pacco\\Quizz\\dataconnect`\n"}}
[debug] [2026-06-05T05:32:16.814Z] E0605 06:32:16.814632   25116 watch.go:116] watchAllDir unable to walk dir `c:\Users\pacco\Quizz\dataconnect`: GetFileAttributesEx c:\Users\pacco\Quizz\dataconnect: The system cannot find the file specified.
E0605 06:32:16.814632   25116 watch.go:40] Failed to load config from "c:\\Users\\pacco\\Quizz\\dataconnect": could not find dataconnect.yaml in `c:\Users\pacco\Quizz\dataconnect`
 {"metadata":{"emulator":{"name":"dataconnect"},"message":"E0605 06:32:16.814632   25116 watch.go:116] watchAllDir unable to walk dir `c:\\Users\\pacco\\Quizz\\dataconnect`: GetFileAttributesEx c:\\Users\\pacco\\Quizz\\dataconnect: The system cannot find the file specified.\nE0605 06:32:16.814632   25116 watch.go:40] Failed to load config from \"c:\\\\Users\\\\pacco\\\\Quizz\\\\dataconnect\": could not find dataconnect.yaml in `c:\\Users\\pacco\\Quizz\\dataconnect`\n"}}
[debug] [2026-06-05T05:32:26.805Z] E0605 06:32:26.805161   25116 watch.go:40] Failed to load config from "c:\\Users\\pacco\\Quizz\\dataconnect": could not find dataconnect.yaml in `c:\Users\pacco\Quizz\dataconnect`
 {"metadata":{"emulator":{"name":"dataconnect"},"message":"E0605 06:32:26.805161   25116 watch.go:40] Failed to load config from \"c:\\\\Users\\\\pacco\\\\Quizz\\\\dataconnect\": could not find dataconnect.yaml in `c:\\Users\\pacco\\Quizz\\dataconnect`\n"}}
[debug] [2026-06-05T05:32:36.805Z] E0605 06:32:36.805485   25116 watch.go:40] Failed to load config from "c:\\Users\\pacco\\Quizz\\dataconnect": could not find dataconnect.yaml in `c:\Users\pacco\Quizz\dataconnect`
 {"metadata":{"emulator":{"name":"dataconnect"},"message":"E0605 06:32:36.805485   25116 watch.go:40] Failed to load config from \"c:\\\\Users\\\\pacco\\\\Quizz\\\\dataconnect\": could not find dataconnect.yaml in `c:\\Users\\pacco\\Quizz\\dataconnect`\n"}}
[debug] [2026-06-05T05:32:46.806Z] E0605 06:32:46.805947   25116 watch.go:40] Failed to load config from "c:\\Users\\pacco\\Quizz\\dataconnect": could not find dataconnect.yaml in `c:\Users\pacco\Quizz\dataconnect`
 {"metadata":{"emulator":{"name":"dataconnect"},"message":"E0605 06:32:46.805947   25116 watch.go:40] Failed to load config from \"c:\\\\Users\\\\pacco\\\\Quizz\\\\dataconnect\": could not find dataconnect.yaml in `c:\\Users\\pacco\\Quizz\\dataconnect`\n"}}
[debug] [2026-06-05T05:32:56.805Z] E0605 06:32:56.805198   25116 watch.go:40] Failed to load config from "c:\\Users\\pacco\\Quizz\\dataconnect": could not find dataconnect.yaml in `c:\Users\pacco\Quizz\dataconnect`
 {"metadata":{"emulator":{"name":"dataconnect"},"message":"E0605 06:32:56.805198   25116 watch.go:40] Failed to load config from \"c:\\\\Users\\\\pacco\\\\Quizz\\\\dataconnect\": could not find dataconnect.yaml in `c:\\Users\\pacco\\Quizz\\dataconnect`\n"}}
[debug] [2026-06-05T05:33:06.805Z] E0605 06:33:06.805574   25116 watch.go:40] Failed to load config from "c:\\Users\\pacco\\Quizz\\dataconnect": could not find dataconnect.yaml in `c:\Users\pacco\Quizz\dataconnect`
 {"metadata":{"emulator":{"name":"dataconnect"},"message":"E0605 06:33:06.805574   25116 watch.go:40] Failed to load config from \"c:\\\\Users\\\\pacco\\\\Quizz\\\\dataconnect\": could not find dataconnect.yaml in `c:\\Users\\pacco\\Quizz\\dataconnect`\n"}}
[debug] [2026-06-05T05:33:16.805Z] E0605 06:33:16.805436   25116 watch.go:40] Failed to load config from "c:\\Users\\pacco\\Quizz\\dataconnect": could not find dataconnect.yaml in `c:\Users\pacco\Quizz\dataconnect`
E0605 06:33:16.805436   25116 watch.go:116] watchAllDir unable to walk dir `c:\Users\pacco\Quizz\dataconnect`: GetFileAttributesEx c:\Users\pacco\Quizz\dataconnect: The system cannot find the file specified.
 {"metadata":{"emulator":{"name":"dataconnect"},"message":"E0605 06:33:16.805436   25116 watch.go:40] Failed to load config from \"c:\\\\Users\\\\pacco\\\\Quizz\\\\dataconnect\": could not find dataconnect.yaml in `c:\\Users\\pacco\\Quizz\\dataconnect`\nE0605 06:33:16.805436   25116 watch.go:116] watchAllDir unable to walk dir `c:\\Users\\pacco\\Quizz\\dataconnect`: GetFileAttributesEx c:\\Users\\pacco\\Quizz\\dataconnect: The system cannot find the file specified.\n"}}
[debug] [2026-06-05T05:33:26.805Z] E0605 06:33:26.804947   25116 watch.go:40] Failed to load config from "c:\\Users\\pacco\\Quizz\\dataconnect": could not find dataconnect.yaml in `c:\Users\pacco\Quizz\dataconnect`
 {"metadata":{"emulator":{"name":"dataconnect"},"message":"E0605 06:33:26.804947   25116 watch.go:40] Failed to load config from \"c:\\\\Users\\\\pacco\\\\Quizz\\\\dataconnect\": could not find dataconnect.yaml in `c:\\Users\\pacco\\Quizz\\dataconnect`\n"}}
[debug] [2026-06-05T05:33:36.805Z] E0605 06:33:36.805485   25116 watch.go:40] Failed to load config from "c:\\Users\\pacco\\Quizz\\dataconnect": could not find dataconnect.yaml in `c:\Users\pacco\Quizz\dataconnect`
 {"metadata":{"emulator":{"name":"dataconnect"},"message":"E0605 06:33:36.805485   25116 watch.go:40] Failed to load config from \"c:\\\\Users\\\\pacco\\\\Quizz\\\\dataconnect\": could not find dataconnect.yaml in `c:\\Users\\pacco\\Quizz\\dataconnect`\n"}}
[debug] [2026-06-05T05:33:46.805Z] E0605 06:33:46.805739   25116 watch.go:40] Failed to load config from "c:\\Users\\pacco\\Quizz\\dataconnect": could not find dataconnect.yaml in `c:\Users\pacco\Quizz\dataconnect`
 {"metadata":{"emulator":{"name":"dataconnect"},"message":"E0605 06:33:46.805739   25116 watch.go:40] Failed to load config from \"c:\\\\Users\\\\pacco\\\\Quizz\\\\dataconnect\": could not find dataconnect.yaml in `c:\\Users\\pacco\\Quizz\\dataconnect`\n"}}
[debug] [2026-06-05T05:33:56.805Z] E0605 06:33:56.805372   25116 watch.go:40] Failed to load config from "c:\\Users\\pacco\\Quizz\\dataconnect": could not find dataconnect.yaml in `c:\Users\pacco\Quizz\dataconnect`
 {"metadata":{"emulator":{"name":"dataconnect"},"message":"E0605 06:33:56.805372   25116 watch.go:40] Failed to load config from \"c:\\\\Users\\\\pacco\\\\Quizz\\\\dataconnect\": could not find dataconnect.yaml in `c:\\Users\\pacco\\Quizz\\dataconnect`\n"}}
[debug] [2026-06-05T05:34:06.805Z] E0605 06:34:06.805625   25116 watch.go:40] Failed to load config from "c:\\Users\\pacco\\Quizz\\dataconnect": could not find dataconnect.yaml in `c:\Users\pacco\Quizz\dataconnect`
 {"metadata":{"emulator":{"name":"dataconnect"},"message":"E0605 06:34:06.805625   25116 watch.go:40] Failed to load config from \"c:\\\\Users\\\\pacco\\\\Quizz\\\\dataconnect\": could not find dataconnect.yaml in `c:\\Users\\pacco\\Quizz\\dataconnect`\n"}}
[debug] [2026-06-05T05:34:16.805Z] E0605 06:34:16.805074   25116 watch.go:40] Failed to load config from "c:\\Users\\pacco\\Quizz\\dataconnect": could not find dataconnect.yaml in `c:\Users\pacco\Quizz\dataconnect`
 {"metadata":{"emulator":{"name":"dataconnect"},"message":"E0605 06:34:16.805074   25116 watch.go:40] Failed to load config from \"c:\\\\Users\\\\pacco\\\\Quizz\\\\dataconnect\": could not find dataconnect.yaml in `c:\\Users\\pacco\\Quizz\\dataconnect`\n"}}
[debug] [2026-06-05T05:34:16.806Z] E0605 06:34:16.805702   25116 watch.go:116] watchAllDir unable to walk dir `c:\Users\pacco\Quizz\dataconnect`: GetFileAttributesEx c:\Users\pacco\Quizz\dataconnect: The system cannot find the file specified.
 {"metadata":{"emulator":{"name":"dataconnect"},"message":"E0605 06:34:16.805702   25116 watch.go:116] watchAllDir unable to walk dir `c:\\Users\\pacco\\Quizz\\dataconnect`: GetFileAttributesEx c:\\Users\\pacco\\Quizz\\dataconnect: The system cannot find the file specified.\n"}}
[debug] [2026-06-05T05:34:26.806Z] E0605 06:34:26.805893   25116 watch.go:40] Failed to load config from "c:\\Users\\pacco\\Quizz\\dataconnect": could not find dataconnect.yaml in `c:\Users\pacco\Quizz\dataconnect`
 {"metadata":{"emulator":{"name":"dataconnect"},"message":"E0605 06:34:26.805893   25116 watch.go:40] Failed to load config from \"c:\\\\Users\\\\pacco\\\\Quizz\\\\dataconnect\": could not find dataconnect.yaml in `c:\\Users\\pacco\\Quizz\\dataconnect`\n"}}
[debug] [2026-06-05T05:34:36.805Z] E0605 06:34:36.805071   25116 watch.go:40] Failed to load config from "c:\\Users\\pacco\\Quizz\\dataconnect": could not find dataconnect.yaml in `c:\Users\pacco\Quizz\dataconnect`
 {"metadata":{"emulator":{"name":"dataconnect"},"message":"E0605 06:34:36.805071   25116 watch.go:40] Failed to load config from \"c:\\\\Users\\\\pacco\\\\Quizz\\\\dataconnect\": could not find dataconnect.yaml in `c:\\Users\\pacco\\Quizz\\dataconnect`\n"}}
[debug] [2026-06-05T05:34:46.805Z] E0605 06:34:46.805529   25116 watch.go:40] Failed to load config from "c:\\Users\\pacco\\Quizz\\dataconnect": could not find dataconnect.yaml in `c:\Users\pacco\Quizz\dataconnect`
 {"metadata":{"emulator":{"name":"dataconnect"},"message":"E0605 06:34:46.805529   25116 watch.go:40] Failed to load config from \"c:\\\\Users\\\\pacco\\\\Quizz\\\\dataconnect\": could not find dataconnect.yaml in `c:\\Users\\pacco\\Quizz\\dataconnect`\n"}}
[debug] [2026-06-05T05:34:56.805Z] E0605 06:34:56.805496   25116 watch.go:40] Failed to load config from "c:\\Users\\pacco\\Quizz\\dataconnect": could not find dataconnect.yaml in `c:\Users\pacco\Quizz\dataconnect`
 {"metadata":{"emulator":{"name":"dataconnect"},"message":"E0605 06:34:56.805496   25116 watch.go:40] Failed to load config from \"c:\\\\Users\\\\pacco\\\\Quizz\\\\dataconnect\": could not find dataconnect.yaml in `c:\\Users\\pacco\\Quizz\\dataconnect`\n"}}
[debug] [2026-06-05T05:35:06.806Z] E0605 06:35:06.806252   25116 watch.go:40] Failed to load config from "c:\\Users\\pacco\\Quizz\\dataconnect": could not find dataconnect.yaml in `c:\Users\pacco\Quizz\dataconnect`
 {"metadata":{"emulator":{"name":"dataconnect"},"message":"E0605 06:35:06.806252   25116 watch.go:40] Failed to load config from \"c:\\\\Users\\\\pacco\\\\Quizz\\\\dataconnect\": could not find dataconnect.yaml in `c:\\Users\\pacco\\Quizz\\dataconnect`\n"}}
[debug] [2026-06-05T05:35:16.805Z] E0605 06:35:16.805155   25116 watch.go:40] Failed to load config from "c:\\Users\\pacco\\Quizz\\dataconnect": could not find dataconnect.yaml in `c:\Users\pacco\Quizz\dataconnect`
 {"metadata":{"emulator":{"name":"dataconnect"},"message":"E0605 06:35:16.805155   25116 watch.go:40] Failed to load config from \"c:\\\\Users\\\\pacco\\\\Quizz\\\\dataconnect\": could not find dataconnect.yaml in `c:\\Users\\pacco\\Quizz\\dataconnect`\n"}}
[debug] [2026-06-05T05:35:16.806Z] E0605 06:35:16.805987   25116 watch.go:116] watchAllDir unable to walk dir `c:\Users\pacco\Quizz\dataconnect`: GetFileAttributesEx c:\Users\pacco\Quizz\dataconnect: The system cannot find the file specified.
 {"metadata":{"emulator":{"name":"dataconnect"},"message":"E0605 06:35:16.805987   25116 watch.go:116] watchAllDir unable to walk dir `c:\\Users\\pacco\\Quizz\\dataconnect`: GetFileAttributesEx c:\\Users\\pacco\\Quizz\\dataconnect: The system cannot find the file specified.\n"}}
[debug] [2026-06-05T05:35:26.806Z] E0605 06:35:26.806016   25116 watch.go:40] Failed to load config from "c:\\Users\\pacco\\Quizz\\dataconnect": could not find dataconnect.yaml in `c:\Users\pacco\Quizz\dataconnect`
 {"metadata":{"emulator":{"name":"dataconnect"},"message":"E0605 06:35:26.806016   25116 watch.go:40] Failed to load config from \"c:\\\\Users\\\\pacco\\\\Quizz\\\\dataconnect\": could not find dataconnect.yaml in `c:\\Users\\pacco\\Quizz\\dataconnect`\n"}}
[debug] [2026-06-05T05:35:36.805Z] E0605 06:35:36.805719   25116 watch.go:40] Failed to load config from "c:\\Users\\pacco\\Quizz\\dataconnect": could not find dataconnect.yaml in `c:\Users\pacco\Quizz\dataconnect`
 {"metadata":{"emulator":{"name":"dataconnect"},"message":"E0605 06:35:36.805719   25116 watch.go:40] Failed to load config from \"c:\\\\Users\\\\pacco\\\\Quizz\\\\dataconnect\": could not find dataconnect.yaml in `c:\\Users\\pacco\\Quizz\\dataconnect`\n"}}
[debug] [2026-06-05T05:35:46.806Z] E0605 06:35:46.805719   25116 watch.go:40] Failed to load config from "c:\\Users\\pacco\\Quizz\\dataconnect": could not find dataconnect.yaml in `c:\Users\pacco\Quizz\dataconnect`
 {"metadata":{"emulator":{"name":"dataconnect"},"message":"E0605 06:35:46.805719   25116 watch.go:40] Failed to load config from \"c:\\\\Users\\\\pacco\\\\Quizz\\\\dataconnect\": could not find dataconnect.yaml in `c:\\Users\\pacco\\Quizz\\dataconnect`\n"}}
[debug] [2026-06-05T05:35:56.805Z] E0605 06:35:56.805373   25116 watch.go:40] Failed to load config from "c:\\Users\\pacco\\Quizz\\dataconnect": could not find dataconnect.yaml in `c:\Users\pacco\Quizz\dataconnect`
 {"metadata":{"emulator":{"name":"dataconnect"},"message":"E0605 06:35:56.805373   25116 watch.go:40] Failed to load config from \"c:\\\\Users\\\\pacco\\\\Quizz\\\\dataconnect\": could not find dataconnect.yaml in `c:\\Users\\pacco\\Quizz\\dataconnect`\n"}}
[debug] [2026-06-05T05:36:06.805Z] E0605 06:36:06.805345   25116 watch.go:40] Failed to load config from "c:\\Users\\pacco\\Quizz\\dataconnect": could not find dataconnect.yaml in `c:\Users\pacco\Quizz\dataconnect`
 {"metadata":{"emulator":{"name":"dataconnect"},"message":"E0605 06:36:06.805345   25116 watch.go:40] Failed to load config from \"c:\\\\Users\\\\pacco\\\\Quizz\\\\dataconnect\": could not find dataconnect.yaml in `c:\\Users\\pacco\\Quizz\\dataconnect`\n"}}
[debug] [2026-06-05T05:36:16.805Z] E0605 06:36:16.804826   25116 watch.go:40] Failed to load config from "c:\\Users\\pacco\\Quizz\\dataconnect": could not find dataconnect.yaml in `c:\Users\pacco\Quizz\dataconnect`
 {"metadata":{"emulator":{"name":"dataconnect"},"message":"E0605 06:36:16.804826   25116 watch.go:40] Failed to load config from \"c:\\\\Users\\\\pacco\\\\Quizz\\\\dataconnect\": could not find dataconnect.yaml in `c:\\Users\\pacco\\Quizz\\dataconnect`\n"}}
[debug] [2026-06-05T05:36:16.806Z] E0605 06:36:16.805972   25116 watch.go:116] watchAllDir unable to walk dir `c:\Users\pacco\Quizz\dataconnect`: GetFileAttributesEx c:\Users\pacco\Quizz\dataconnect: The system cannot find the file specified.
 {"metadata":{"emulator":{"name":"dataconnect"},"message":"E0605 06:36:16.805972   25116 watch.go:116] watchAllDir unable to walk dir `c:\\Users\\pacco\\Quizz\\dataconnect`: GetFileAttributesEx c:\\Users\\pacco\\Quizz\\dataconnect: The system cannot find the file specified.\n"}}
[debug] [2026-06-05T05:36:26.806Z] E0605 06:36:26.806239   25116 watch.go:40] Failed to load config from "c:\\Users\\pacco\\Quizz\\dataconnect": could not find dataconnect.yaml in `c:\Users\pacco\Quizz\dataconnect`
 {"metadata":{"emulator":{"name":"dataconnect"},"message":"E0605 06:36:26.806239   25116 watch.go:40] Failed to load config from \"c:\\\\Users\\\\pacco\\\\Quizz\\\\dataconnect\": could not find dataconnect.yaml in `c:\\Users\\pacco\\Quizz\\dataconnect`\n"}}
[debug] [2026-06-05T05:36:36.806Z] E0605 06:36:36.805481   25116 watch.go:40] Failed to load config from "c:\\Users\\pacco\\Quizz\\dataconnect": could not find dataconnect.yaml in `c:\Users\pacco\Quizz\dataconnect`
 {"metadata":{"emulator":{"name":"dataconnect"},"message":"E0605 06:36:36.805481   25116 watch.go:40] Failed to load config from \"c:\\\\Users\\\\pacco\\\\Quizz\\\\dataconnect\": could not find dataconnect.yaml in `c:\\Users\\pacco\\Quizz\\dataconnect`\n"}}
[debug] [2026-06-05T05:36:46.805Z] E0605 06:36:46.805060   25116 watch.go:40] Failed to load config from "c:\\Users\\pacco\\Quizz\\dataconnect": could not find dataconnect.yaml in `c:\Users\pacco\Quizz\dataconnect`
 {"metadata":{"emulator":{"name":"dataconnect"},"message":"E0605 06:36:46.805060   25116 watch.go:40] Failed to load config from \"c:\\\\Users\\\\pacco\\\\Quizz\\\\dataconnect\": could not find dataconnect.yaml in `c:\\Users\\pacco\\Quizz\\dataconnect`\n"}}
[debug] [2026-06-05T05:36:56.806Z] E0605 06:36:56.806038   25116 watch.go:40] Failed to load config from "c:\\Users\\pacco\\Quizz\\dataconnect": could not find dataconnect.yaml in `c:\Users\pacco\Quizz\dataconnect`
 {"metadata":{"emulator":{"name":"dataconnect"},"message":"E0605 06:36:56.806038   25116 watch.go:40] Failed to load config from \"c:\\\\Users\\\\pacco\\\\Quizz\\\\dataconnect\": could not find dataconnect.yaml in `c:\\Users\\pacco\\Quizz\\dataconnect`\n"}}
[debug] [2026-06-05T05:37:06.805Z] E0605 06:37:06.805030   25116 watch.go:40] Failed to load config from "c:\\Users\\pacco\\Quizz\\dataconnect": could not find dataconnect.yaml in `c:\Users\pacco\Quizz\dataconnect`
 {"metadata":{"emulator":{"name":"dataconnect"},"message":"E0605 06:37:06.805030   25116 watch.go:40] Failed to load config from \"c:\\\\Users\\\\pacco\\\\Quizz\\\\dataconnect\": could not find dataconnect.yaml in `c:\\Users\\pacco\\Quizz\\dataconnect`\n"}}
[debug] [2026-06-05T05:37:16.805Z] E0605 06:37:16.805803   25116 watch.go:116] watchAllDir unable to walk dir `c:\Users\pacco\Quizz\dataconnect`: GetFileAttributesEx c:\Users\pacco\Quizz\dataconnect: The system cannot find the file specified.
E0605 06:37:16.805803   25116 watch.go:40] Failed to load config from "c:\\Users\\pacco\\Quizz\\dataconnect": could not find dataconnect.yaml in `c:\Users\pacco\Quizz\dataconnect`
 {"metadata":{"emulator":{"name":"dataconnect"},"message":"E0605 06:37:16.805803   25116 watch.go:116] watchAllDir unable to walk dir `c:\\Users\\pacco\\Quizz\\dataconnect`: GetFileAttributesEx c:\\Users\\pacco\\Quizz\\dataconnect: The system cannot find the file specified.\nE0605 06:37:16.805803   25116 watch.go:40] Failed to load config from \"c:\\\\Users\\\\pacco\\\\Quizz\\\\dataconnect\": could not find dataconnect.yaml in `c:\\Users\\pacco\\Quizz\\dataconnect`\n"}}
[debug] [2026-06-05T05:37:26.806Z] E0605 06:37:26.805752   25116 watch.go:40] Failed to load config from "c:\\Users\\pacco\\Quizz\\dataconnect": could not find dataconnect.yaml in `c:\Users\pacco\Quizz\dataconnect`
 {"metadata":{"emulator":{"name":"dataconnect"},"message":"E0605 06:37:26.805752   25116 watch.go:40] Failed to load config from \"c:\\\\Users\\\\pacco\\\\Quizz\\\\dataconnect\": could not find dataconnect.yaml in `c:\\Users\\pacco\\Quizz\\dataconnect`\n"}}
[debug] [2026-06-05T05:37:36.805Z] E0605 06:37:36.805358   25116 watch.go:40] Failed to load config from "c:\\Users\\pacco\\Quizz\\dataconnect": could not find dataconnect.yaml in `c:\Users\pacco\Quizz\dataconnect`
 {"metadata":{"emulator":{"name":"dataconnect"},"message":"E0605 06:37:36.805358   25116 watch.go:40] Failed to load config from \"c:\\\\Users\\\\pacco\\\\Quizz\\\\dataconnect\": could not find dataconnect.yaml in `c:\\Users\\pacco\\Quizz\\dataconnect`\n"}}
[debug] [2026-06-05T05:37:46.805Z] E0605 06:37:46.805215   25116 watch.go:40] Failed to load config from "c:\\Users\\pacco\\Quizz\\dataconnect": could not find dataconnect.yaml in `c:\Users\pacco\Quizz\dataconnect`
 {"metadata":{"emulator":{"name":"dataconnect"},"message":"E0605 06:37:46.805215   25116 watch.go:40] Failed to load config from \"c:\\\\Users\\\\pacco\\\\Quizz\\\\dataconnect\": could not find dataconnect.yaml in `c:\\Users\\pacco\\Quizz\\dataconnect`\n"}}
[debug] [2026-06-05T05:37:56.805Z] E0605 06:37:56.805215   25116 watch.go:40] Failed to load config from "c:\\Users\\pacco\\Quizz\\dataconnect": could not find dataconnect.yaml in `c:\Users\pacco\Quizz\dataconnect`
 {"metadata":{"emulator":{"name":"dataconnect"},"message":"E0605 06:37:56.805215   25116 watch.go:40] Failed to load config from \"c:\\\\Users\\\\pacco\\\\Quizz\\\\dataconnect\": could not find dataconnect.yaml in `c:\\Users\\pacco\\Quizz\\dataconnect`\n"}}
[debug] [2026-06-05T05:38:06.806Z] E0605 06:38:06.805957   25116 watch.go:40] Failed to load config from "c:\\Users\\pacco\\Quizz\\dataconnect": could not find dataconnect.yaml in `c:\Users\pacco\Quizz\dataconnect`
 {"metadata":{"emulator":{"name":"dataconnect"},"message":"E0605 06:38:06.805957   25116 watch.go:40] Failed to load config from \"c:\\\\Users\\\\pacco\\\\Quizz\\\\dataconnect\": could not find dataconnect.yaml in `c:\\Users\\pacco\\Quizz\\dataconnect`\n"}}
[debug] [2026-06-05T05:38:16.805Z] E0605 06:38:16.805436   25116 watch.go:40] Failed to load config from "c:\\Users\\pacco\\Quizz\\dataconnect": could not find dataconnect.yaml in `c:\Users\pacco\Quizz\dataconnect`
E0605 06:38:16.805436   25116 watch.go:116] watchAllDir unable to walk dir `c:\Users\pacco\Quizz\dataconnect`: GetFileAttributesEx c:\Users\pacco\Quizz\dataconnect: The system cannot find the file specified.
 {"metadata":{"emulator":{"name":"dataconnect"},"message":"E0605 06:38:16.805436   25116 watch.go:40] Failed to load config from \"c:\\\\Users\\\\pacco\\\\Quizz\\\\dataconnect\": could not find dataconnect.yaml in `c:\\Users\\pacco\\Quizz\\dataconnect`\nE0605 06:38:16.805436   25116 watch.go:116] watchAllDir unable to walk dir `c:\\Users\\pacco\\Quizz\\dataconnect`: GetFileAttributesEx c:\\Users\\pacco\\Quizz\\dataconnect: The system cannot find the file specified.\n"}}
[debug] [2026-06-05T05:38:26.805Z] E0605 06:38:26.805612   25116 watch.go:40] Failed to load config from "c:\\Users\\pacco\\Quizz\\dataconnect": could not find dataconnect.yaml in `c:\Users\pacco\Quizz\dataconnect`
 {"metadata":{"emulator":{"name":"dataconnect"},"message":"E0605 06:38:26.805612   25116 watch.go:40] Failed to load config from \"c:\\\\Users\\\\pacco\\\\Quizz\\\\dataconnect\": could not find dataconnect.yaml in `c:\\Users\\pacco\\Quizz\\dataconnect`\n"}}
[debug] [2026-06-05T05:38:36.805Z] E0605 06:38:36.805369   25116 watch.go:40] Failed to load config from "c:\\Users\\pacco\\Quizz\\dataconnect": could not find dataconnect.yaml in `c:\Users\pacco\Quizz\dataconnect`
 {"metadata":{"emulator":{"name":"dataconnect"},"message":"E0605 06:38:36.805369   25116 watch.go:40] Failed to load config from \"c:\\\\Users\\\\pacco\\\\Quizz\\\\dataconnect\": could not find dataconnect.yaml in `c:\\Users\\pacco\\Quizz\\dataconnect`\n"}}
[debug] [2026-06-05T05:38:46.805Z] E0605 06:38:46.805032   25116 watch.go:40] Failed to load config from "c:\\Users\\pacco\\Quizz\\dataconnect": could not find dataconnect.yaml in `c:\Users\pacco\Quizz\dataconnect`
 {"metadata":{"emulator":{"name":"dataconnect"},"message":"E0605 06:38:46.805032   25116 watch.go:40] Failed to load config from \"c:\\\\Users\\\\pacco\\\\Quizz\\\\dataconnect\": could not find dataconnect.yaml in `c:\\Users\\pacco\\Quizz\\dataconnect`\n"}}
[debug] [2026-06-05T05:38:56.806Z] E0605 06:38:56.806169   25116 watch.go:40] Failed to load config from "c:\\Users\\pacco\\Quizz\\dataconnect": could not find dataconnect.yaml in `c:\Users\pacco\Quizz\dataconnect`
 {"metadata":{"emulator":{"name":"dataconnect"},"message":"E0605 06:38:56.806169   25116 watch.go:40] Failed to load config from \"c:\\\\Users\\\\pacco\\\\Quizz\\\\dataconnect\": could not find dataconnect.yaml in `c:\\Users\\pacco\\Quizz\\dataconnect`\n"}}
[debug] [2026-06-05T05:39:06.806Z] E0605 06:39:06.805451   25116 watch.go:40] Failed to load config from "c:\\Users\\pacco\\Quizz\\dataconnect": could not find dataconnect.yaml in `c:\Users\pacco\Quizz\dataconnect`
 {"metadata":{"emulator":{"name":"dataconnect"},"message":"E0605 06:39:06.805451   25116 watch.go:40] Failed to load config from \"c:\\\\Users\\\\pacco\\\\Quizz\\\\dataconnect\": could not find dataconnect.yaml in `c:\\Users\\pacco\\Quizz\\dataconnect`\n"}}
[debug] [2026-06-05T05:39:16.806Z] E0605 06:39:16.806169   25116 watch.go:40] Failed to load config from "c:\\Users\\pacco\\Quizz\\dataconnect": could not find dataconnect.yaml in `c:\Users\pacco\Quizz\dataconnect`
E0605 06:39:16.806683   25116 watch.go:116] watchAllDir unable to walk dir `c:\Users\pacco\Quizz\dataconnect`: GetFileAttributesEx c:\Users\pacco\Quizz\dataconnect: The system cannot find the file specified.
 {"metadata":{"emulator":{"name":"dataconnect"},"message":"E0605 06:39:16.806169   25116 watch.go:40] Failed to load config from \"c:\\\\Users\\\\pacco\\\\Quizz\\\\dataconnect\": could not find dataconnect.yaml in `c:\\Users\\pacco\\Quizz\\dataconnect`\nE0605 06:39:16.806683   25116 watch.go:116] watchAllDir unable to walk dir `c:\\Users\\pacco\\Quizz\\dataconnect`: GetFileAttributesEx c:\\Users\\pacco\\Quizz\\dataconnect: The system cannot find the file specified.\n"}}
[debug] [2026-06-05T05:39:26.805Z] E0605 06:39:26.805205   25116 watch.go:40] Failed to load config from "c:\\Users\\pacco\\Quizz\\dataconnect": could not find dataconnect.yaml in `c:\Users\pacco\Quizz\dataconnect`
 {"metadata":{"emulator":{"name":"dataconnect"},"message":"E0605 06:39:26.805205   25116 watch.go:40] Failed to load config from \"c:\\\\Users\\\\pacco\\\\Quizz\\\\dataconnect\": could not find dataconnect.yaml in `c:\\Users\\pacco\\Quizz\\dataconnect`\n"}}
[debug] [2026-06-05T05:39:36.805Z] E0605 06:39:36.805173   25116 watch.go:40] Failed to load config from "c:\\Users\\pacco\\Quizz\\dataconnect": could not find dataconnect.yaml in `c:\Users\pacco\Quizz\dataconnect`
 {"metadata":{"emulator":{"name":"dataconnect"},"message":"E0605 06:39:36.805173   25116 watch.go:40] Failed to load config from \"c:\\\\Users\\\\pacco\\\\Quizz\\\\dataconnect\": could not find dataconnect.yaml in `c:\\Users\\pacco\\Quizz\\dataconnect`\n"}}
[debug] [2026-06-05T05:39:46.805Z] E0605 06:39:46.805454   25116 watch.go:40] Failed to load config from "c:\\Users\\pacco\\Quizz\\dataconnect": could not find dataconnect.yaml in `c:\Users\pacco\Quizz\dataconnect`
 {"metadata":{"emulator":{"name":"dataconnect"},"message":"E0605 06:39:46.805454   25116 watch.go:40] Failed to load config from \"c:\\\\Users\\\\pacco\\\\Quizz\\\\dataconnect\": could not find dataconnect.yaml in `c:\\Users\\pacco\\Quizz\\dataconnect`\n"}}
[debug] [2026-06-05T05:39:56.805Z] E0605 06:39:56.805367   25116 watch.go:40] Failed to load config from "c:\\Users\\pacco\\Quizz\\dataconnect": could not find dataconnect.yaml in `c:\Users\pacco\Quizz\dataconnect`
 {"metadata":{"emulator":{"name":"dataconnect"},"message":"E0605 06:39:56.805367   25116 watch.go:40] Failed to load config from \"c:\\\\Users\\\\pacco\\\\Quizz\\\\dataconnect\": could not find dataconnect.yaml in `c:\\Users\\pacco\\Quizz\\dataconnect`\n"}}
[debug] [2026-06-05T05:40:06.806Z] E0605 06:40:06.806221   25116 watch.go:40] Failed to load config from "c:\\Users\\pacco\\Quizz\\dataconnect": could not find dataconnect.yaml in `c:\Users\pacco\Quizz\dataconnect`
 {"metadata":{"emulator":{"name":"dataconnect"},"message":"E0605 06:40:06.806221   25116 watch.go:40] Failed to load config from \"c:\\\\Users\\\\pacco\\\\Quizz\\\\dataconnect\": could not find dataconnect.yaml in `c:\\Users\\pacco\\Quizz\\dataconnect`\n"}}
[debug] [2026-06-05T05:40:16.805Z] E0605 06:40:16.805058   25116 watch.go:40] Failed to load config from "c:\\Users\\pacco\\Quizz\\dataconnect": could not find dataconnect.yaml in `c:\Users\pacco\Quizz\dataconnect`
 {"metadata":{"emulator":{"name":"dataconnect"},"message":"E0605 06:40:16.805058   25116 watch.go:40] Failed to load config from \"c:\\\\Users\\\\pacco\\\\Quizz\\\\dataconnect\": could not find dataconnect.yaml in `c:\\Users\\pacco\\Quizz\\dataconnect`\n"}}
[debug] [2026-06-05T05:40:16.806Z] E0605 06:40:16.805752   25116 watch.go:116] watchAllDir unable to walk dir `c:\Users\pacco\Quizz\dataconnect`: GetFileAttributesEx c:\Users\pacco\Quizz\dataconnect: The system cannot find the file specified.
 {"metadata":{"emulator":{"name":"dataconnect"},"message":"E0605 06:40:16.805752   25116 watch.go:116] watchAllDir unable to walk dir `c:\\Users\\pacco\\Quizz\\dataconnect`: GetFileAttributesEx c:\\Users\\pacco\\Quizz\\dataconnect: The system cannot find the file specified.\n"}}
[debug] [2026-06-05T05:40:26.805Z] E0605 06:40:26.805767   25116 watch.go:40] Failed to load config from "c:\\Users\\pacco\\Quizz\\dataconnect": could not find dataconnect.yaml in `c:\Users\pacco\Quizz\dataconnect`
 {"metadata":{"emulator":{"name":"dataconnect"},"message":"E0605 06:40:26.805767   25116 watch.go:40] Failed to load config from \"c:\\\\Users\\\\pacco\\\\Quizz\\\\dataconnect\": could not find dataconnect.yaml in `c:\\Users\\pacco\\Quizz\\dataconnect`\n"}}
[debug] [2026-06-05T05:40:36.805Z] E0605 06:40:36.805742   25116 watch.go:40] Failed to load config from "c:\\Users\\pacco\\Quizz\\dataconnect": could not find dataconnect.yaml in `c:\Users\pacco\Quizz\dataconnect`
 {"metadata":{"emulator":{"name":"dataconnect"},"message":"E0605 06:40:36.805742   25116 watch.go:40] Failed to load config from \"c:\\\\Users\\\\pacco\\\\Quizz\\\\dataconnect\": could not find dataconnect.yaml in `c:\\Users\\pacco\\Quizz\\dataconnect`\n"}}
[debug] [2026-06-05T05:40:46.805Z] E0605 06:40:46.805252   25116 watch.go:40] Failed to load config from "c:\\Users\\pacco\\Quizz\\dataconnect": could not find dataconnect.yaml in `c:\Users\pacco\Quizz\dataconnect`
 {"metadata":{"emulator":{"name":"dataconnect"},"message":"E0605 06:40:46.805252   25116 watch.go:40] Failed to load config from \"c:\\\\Users\\\\pacco\\\\Quizz\\\\dataconnect\": could not find dataconnect.yaml in `c:\\Users\\pacco\\Quizz\\dataconnect`\n"}}
[debug] [2026-06-05T05:40:56.805Z] E0605 06:40:56.805302   25116 watch.go:40] Failed to load config from "c:\\Users\\pacco\\Quizz\\dataconnect": could not find dataconnect.yaml in `c:\Users\pacco\Quizz\dataconnect`
 {"metadata":{"emulator":{"name":"dataconnect"},"message":"E0605 06:40:56.805302   25116 watch.go:40] Failed to load config from \"c:\\\\Users\\\\pacco\\\\Quizz\\\\dataconnect\": could not find dataconnect.yaml in `c:\\Users\\pacco\\Quizz\\dataconnect`\n"}}
[debug] [2026-06-05T05:41:06.805Z] E0605 06:41:06.805198   25116 watch.go:40] Failed to load config from "c:\\Users\\pacco\\Quizz\\dataconnect": could not find dataconnect.yaml in `c:\Users\pacco\Quizz\dataconnect`
 {"metadata":{"emulator":{"name":"dataconnect"},"message":"E0605 06:41:06.805198   25116 watch.go:40] Failed to load config from \"c:\\\\Users\\\\pacco\\\\Quizz\\\\dataconnect\": could not find dataconnect.yaml in `c:\\Users\\pacco\\Quizz\\dataconnect`\n"}}
[debug] [2026-06-05T05:41:16.805Z] E0605 06:41:16.805335   25116 watch.go:40] Failed to load config from "c:\\Users\\pacco\\Quizz\\dataconnect": could not find dataconnect.yaml in `c:\Users\pacco\Quizz\dataconnect`
 {"metadata":{"emulator":{"name":"dataconnect"},"message":"E0605 06:41:16.805335   25116 watch.go:40] Failed to load config from \"c:\\\\Users\\\\pacco\\\\Quizz\\\\dataconnect\": could not find dataconnect.yaml in `c:\\Users\\pacco\\Quizz\\dataconnect`\n"}}
[debug] [2026-06-05T05:41:16.806Z] E0605 06:41:16.805967   25116 watch.go:116] watchAllDir unable to walk dir `c:\Users\pacco\Quizz\dataconnect`: GetFileAttributesEx c:\Users\pacco\Quizz\dataconnect: The system cannot find the file specified.
 {"metadata":{"emulator":{"name":"dataconnect"},"message":"E0605 06:41:16.805967   25116 watch.go:116] watchAllDir unable to walk dir `c:\\Users\\pacco\\Quizz\\dataconnect`: GetFileAttributesEx c:\\Users\\pacco\\Quizz\\dataconnect: The system cannot find the file specified.\n"}}
[debug] [2026-06-05T05:41:26.806Z] E0605 06:41:26.806103   25116 watch.go:40] Failed to load config from "c:\\Users\\pacco\\Quizz\\dataconnect": could not find dataconnect.yaml in `c:\Users\pacco\Quizz\dataconnect`
 {"metadata":{"emulator":{"name":"dataconnect"},"message":"E0605 06:41:26.806103   25116 watch.go:40] Failed to load config from \"c:\\\\Users\\\\pacco\\\\Quizz\\\\dataconnect\": could not find dataconnect.yaml in `c:\\Users\\pacco\\Quizz\\dataconnect`\n"}}
[debug] [2026-06-05T05:41:36.805Z] E0605 06:41:36.805868   25116 watch.go:40] Failed to load config from "c:\\Users\\pacco\\Quizz\\dataconnect": could not find dataconnect.yaml in `c:\Users\pacco\Quizz\dataconnect`
 {"metadata":{"emulator":{"name":"dataconnect"},"message":"E0605 06:41:36.805868   25116 watch.go:40] Failed to load config from \"c:\\\\Users\\\\pacco\\\\Quizz\\\\dataconnect\": could not find dataconnect.yaml in `c:\\Users\\pacco\\Quizz\\dataconnect`\n"}}
[debug] [2026-06-05T05:41:46.805Z] E0605 06:41:46.805309   25116 watch.go:40] Failed to load config from "c:\\Users\\pacco\\Quizz\\dataconnect": could not find dataconnect.yaml in `c:\Users\pacco\Quizz\dataconnect`
 {"metadata":{"emulator":{"name":"dataconnect"},"message":"E0605 06:41:46.805309   25116 watch.go:40] Failed to load config from \"c:\\\\Users\\\\pacco\\\\Quizz\\\\dataconnect\": could not find dataconnect.yaml in `c:\\Users\\pacco\\Quizz\\dataconnect`\n"}}
[debug] [2026-06-05T05:41:56.806Z] E0605 06:41:56.805951   25116 watch.go:40] Failed to load config from "c:\\Users\\pacco\\Quizz\\dataconnect": could not find dataconnect.yaml in `c:\Users\pacco\Quizz\dataconnect`
 {"metadata":{"emulator":{"name":"dataconnect"},"message":"E0605 06:41:56.805951   25116 watch.go:40] Failed to load config from \"c:\\\\Users\\\\pacco\\\\Quizz\\\\dataconnect\": could not find dataconnect.yaml in `c:\\Users\\pacco\\Quizz\\dataconnect`\n"}}
[debug] [2026-06-05T05:42:06.805Z] E0605 06:42:06.805426   25116 watch.go:40] Failed to load config from "c:\\Users\\pacco\\Quizz\\dataconnect": could not find dataconnect.yaml in `c:\Users\pacco\Quizz\dataconnect`
 {"metadata":{"emulator":{"name":"dataconnect"},"message":"E0605 06:42:06.805426   25116 watch.go:40] Failed to load config from \"c:\\\\Users\\\\pacco\\\\Quizz\\\\dataconnect\": could not find dataconnect.yaml in `c:\\Users\\pacco\\Quizz\\dataconnect`\n"}}
[debug] [2026-06-05T05:42:16.805Z] E0605 06:42:16.805302   25116 watch.go:40] Failed to load config from "c:\\Users\\pacco\\Quizz\\dataconnect": could not find dataconnect.yaml in `c:\Users\pacco\Quizz\dataconnect`
 {"metadata":{"emulator":{"name":"dataconnect"},"message":"E0605 06:42:16.805302   25116 watch.go:40] Failed to load config from \"c:\\\\Users\\\\pacco\\\\Quizz\\\\dataconnect\": could not find dataconnect.yaml in `c:\\Users\\pacco\\Quizz\\dataconnect`\n"}}
[debug] [2026-06-05T05:42:16.806Z] E0605 06:42:16.805895   25116 watch.go:116] watchAllDir unable to walk dir `c:\Users\pacco\Quizz\dataconnect`: GetFileAttributesEx c:\Users\pacco\Quizz\dataconnect: The system cannot find the file specified.
 {"metadata":{"emulator":{"name":"dataconnect"},"message":"E0605 06:42:16.805895   25116 watch.go:116] watchAllDir unable to walk dir `c:\\Users\\pacco\\Quizz\\dataconnect`: GetFileAttributesEx c:\\Users\\pacco\\Quizz\\dataconnect: The system cannot find the file specified.\n"}}
[debug] [2026-06-05T05:42:26.805Z] E0605 06:42:26.805268   25116 watch.go:40] Failed to load config from "c:\\Users\\pacco\\Quizz\\dataconnect": could not find dataconnect.yaml in `c:\Users\pacco\Quizz\dataconnect`
 {"metadata":{"emulator":{"name":"dataconnect"},"message":"E0605 06:42:26.805268   25116 watch.go:40] Failed to load config from \"c:\\\\Users\\\\pacco\\\\Quizz\\\\dataconnect\": could not find dataconnect.yaml in `c:\\Users\\pacco\\Quizz\\dataconnect`\n"}}
[debug] [2026-06-05T05:42:36.805Z] E0605 06:42:36.805422   25116 watch.go:40] Failed to load config from "c:\\Users\\pacco\\Quizz\\dataconnect": could not find dataconnect.yaml in `c:\Users\pacco\Quizz\dataconnect`
 {"metadata":{"emulator":{"name":"dataconnect"},"message":"E0605 06:42:36.805422   25116 watch.go:40] Failed to load config from \"c:\\\\Users\\\\pacco\\\\Quizz\\\\dataconnect\": could not find dataconnect.yaml in `c:\\Users\\pacco\\Quizz\\dataconnect`\n"}}
[debug] [2026-06-05T05:42:46.805Z] E0605 06:42:46.805425   25116 watch.go:40] Failed to load config from "c:\\Users\\pacco\\Quizz\\dataconnect": could not find dataconnect.yaml in `c:\Users\pacco\Quizz\dataconnect`
 {"metadata":{"emulator":{"name":"dataconnect"},"message":"E0605 06:42:46.805425   25116 watch.go:40] Failed to load config from \"c:\\\\Users\\\\pacco\\\\Quizz\\\\dataconnect\": could not find dataconnect.yaml in `c:\\Users\\pacco\\Quizz\\dataconnect`\n"}}
[debug] [2026-06-05T05:42:56.805Z] E0605 06:42:56.805105   25116 watch.go:40] Failed to load config from "c:\\Users\\pacco\\Quizz\\dataconnect": could not find dataconnect.yaml in `c:\Users\pacco\Quizz\dataconnect`
 {"metadata":{"emulator":{"name":"dataconnect"},"message":"E0605 06:42:56.805105   25116 watch.go:40] Failed to load config from \"c:\\\\Users\\\\pacco\\\\Quizz\\\\dataconnect\": could not find dataconnect.yaml in `c:\\Users\\pacco\\Quizz\\dataconnect`\n"}}
[debug] [2026-06-05T05:43:06.805Z] E0605 06:43:06.805447   25116 watch.go:40] Failed to load config from "c:\\Users\\pacco\\Quizz\\dataconnect": could not find dataconnect.yaml in `c:\Users\pacco\Quizz\dataconnect`
 {"metadata":{"emulator":{"name":"dataconnect"},"message":"E0605 06:43:06.805447   25116 watch.go:40] Failed to load config from \"c:\\\\Users\\\\pacco\\\\Quizz\\\\dataconnect\": could not find dataconnect.yaml in `c:\\Users\\pacco\\Quizz\\dataconnect`\n"}}
[debug] [2026-06-05T05:43:16.805Z] E0605 06:43:16.805003   25116 watch.go:40] Failed to load config from "c:\\Users\\pacco\\Quizz\\dataconnect": could not find dataconnect.yaml in `c:\Users\pacco\Quizz\dataconnect`
 {"metadata":{"emulator":{"name":"dataconnect"},"message":"E0605 06:43:16.805003   25116 watch.go:40] Failed to load config from \"c:\\\\Users\\\\pacco\\\\Quizz\\\\dataconnect\": could not find dataconnect.yaml in `c:\\Users\\pacco\\Quizz\\dataconnect`\n"}}
[debug] [2026-06-05T05:43:16.805Z] E0605 06:43:16.805575   25116 watch.go:116] watchAllDir unable to walk dir `c:\Users\pacco\Quizz\dataconnect`: GetFileAttributesEx c:\Users\pacco\Quizz\dataconnect: The system cannot find the file specified.
 {"metadata":{"emulator":{"name":"dataconnect"},"message":"E0605 06:43:16.805575   25116 watch.go:116] watchAllDir unable to walk dir `c:\\Users\\pacco\\Quizz\\dataconnect`: GetFileAttributesEx c:\\Users\\pacco\\Quizz\\dataconnect: The system cannot find the file specified.\n"}}
[debug] [2026-06-05T05:43:26.805Z] E0605 06:43:26.805525   25116 watch.go:40] Failed to load config from "c:\\Users\\pacco\\Quizz\\dataconnect": could not find dataconnect.yaml in `c:\Users\pacco\Quizz\dataconnect`
 {"metadata":{"emulator":{"name":"dataconnect"},"message":"E0605 06:43:26.805525   25116 watch.go:40] Failed to load config from \"c:\\\\Users\\\\pacco\\\\Quizz\\\\dataconnect\": could not find dataconnect.yaml in `c:\\Users\\pacco\\Quizz\\dataconnect`\n"}}
[debug] [2026-06-05T05:43:36.806Z] E0605 06:43:36.805958   25116 watch.go:40] Failed to load config from "c:\\Users\\pacco\\Quizz\\dataconnect": could not find dataconnect.yaml in `c:\Users\pacco\Quizz\dataconnect`
 {"metadata":{"emulator":{"name":"dataconnect"},"message":"E0605 06:43:36.805958   25116 watch.go:40] Failed to load config from \"c:\\\\Users\\\\pacco\\\\Quizz\\\\dataconnect\": could not find dataconnect.yaml in `c:\\Users\\pacco\\Quizz\\dataconnect`\n"}}
[debug] [2026-06-05T05:43:46.805Z] E0605 06:43:46.805412   25116 watch.go:40] Failed to load config from "c:\\Users\\pacco\\Quizz\\dataconnect": could not find dataconnect.yaml in `c:\Users\pacco\Quizz\dataconnect`
 {"metadata":{"emulator":{"name":"dataconnect"},"message":"E0605 06:43:46.805412   25116 watch.go:40] Failed to load config from \"c:\\\\Users\\\\pacco\\\\Quizz\\\\dataconnect\": could not find dataconnect.yaml in `c:\\Users\\pacco\\Quizz\\dataconnect`\n"}}
[debug] [2026-06-05T05:43:56.805Z] E0605 06:43:56.805516   25116 watch.go:40] Failed to load config from "c:\\Users\\pacco\\Quizz\\dataconnect": could not find dataconnect.yaml in `c:\Users\pacco\Quizz\dataconnect`
 {"metadata":{"emulator":{"name":"dataconnect"},"message":"E0605 06:43:56.805516   25116 watch.go:40] Failed to load config from \"c:\\\\Users\\\\pacco\\\\Quizz\\\\dataconnect\": could not find dataconnect.yaml in `c:\\Users\\pacco\\Quizz\\dataconnect`\n"}}
[debug] [2026-06-05T05:44:06.806Z] E0605 06:44:06.805640   25116 watch.go:40] Failed to load config from "c:\\Users\\pacco\\Quizz\\dataconnect": could not find dataconnect.yaml in `c:\Users\pacco\Quizz\dataconnect`
 {"metadata":{"emulator":{"name":"dataconnect"},"message":"E0605 06:44:06.805640   25116 watch.go:40] Failed to load config from \"c:\\\\Users\\\\pacco\\\\Quizz\\\\dataconnect\": could not find dataconnect.yaml in `c:\\Users\\pacco\\Quizz\\dataconnect`\n"}}
[debug] [2026-06-05T05:44:16.805Z] E0605 06:44:16.805349   25116 watch.go:40] Failed to load config from "c:\\Users\\pacco\\Quizz\\dataconnect": could not find dataconnect.yaml in `c:\Users\pacco\Quizz\dataconnect`
E0605 06:44:16.805349   25116 watch.go:116] watchAllDir unable to walk dir `c:\Users\pacco\Quizz\dataconnect`: GetFileAttributesEx c:\Users\pacco\Quizz\dataconnect: The system cannot find the file specified.
 {"metadata":{"emulator":{"name":"dataconnect"},"message":"E0605 06:44:16.805349   25116 watch.go:40] Failed to load config from \"c:\\\\Users\\\\pacco\\\\Quizz\\\\dataconnect\": could not find dataconnect.yaml in `c:\\Users\\pacco\\Quizz\\dataconnect`\nE0605 06:44:16.805349   25116 watch.go:116] watchAllDir unable to walk dir `c:\\Users\\pacco\\Quizz\\dataconnect`: GetFileAttributesEx c:\\Users\\pacco\\Quizz\\dataconnect: The system cannot find the file specified.\n"}}
[debug] [2026-06-05T05:44:26.805Z] E0605 06:44:26.805777   25116 watch.go:40] Failed to load config from "c:\\Users\\pacco\\Quizz\\dataconnect": could not find dataconnect.yaml in `c:\Users\pacco\Quizz\dataconnect`
 {"metadata":{"emulator":{"name":"dataconnect"},"message":"E0605 06:44:26.805777   25116 watch.go:40] Failed to load config from \"c:\\\\Users\\\\pacco\\\\Quizz\\\\dataconnect\": could not find dataconnect.yaml in `c:\\Users\\pacco\\Quizz\\dataconnect`\n"}}
[debug] [2026-06-05T05:44:36.805Z] E0605 06:44:36.805158   25116 watch.go:40] Failed to load config from "c:\\Users\\pacco\\Quizz\\dataconnect": could not find dataconnect.yaml in `c:\Users\pacco\Quizz\dataconnect`
 {"metadata":{"emulator":{"name":"dataconnect"},"message":"E0605 06:44:36.805158   25116 watch.go:40] Failed to load config from \"c:\\\\Users\\\\pacco\\\\Quizz\\\\dataconnect\": could not find dataconnect.yaml in `c:\\Users\\pacco\\Quizz\\dataconnect`\n"}}
[debug] [2026-06-05T05:44:46.805Z] E0605 06:44:46.805364   25116 watch.go:40] Failed to load config from "c:\\Users\\pacco\\Quizz\\dataconnect": could not find dataconnect.yaml in `c:\Users\pacco\Quizz\dataconnect`
 {"metadata":{"emulator":{"name":"dataconnect"},"message":"E0605 06:44:46.805364   25116 watch.go:40] Failed to load config from \"c:\\\\Users\\\\pacco\\\\Quizz\\\\dataconnect\": could not find dataconnect.yaml in `c:\\Users\\pacco\\Quizz\\dataconnect`\n"}}
[debug] [2026-06-05T05:44:56.805Z] E0605 06:44:56.805220   25116 watch.go:40] Failed to load config from "c:\\Users\\pacco\\Quizz\\dataconnect": could not find dataconnect.yaml in `c:\Users\pacco\Quizz\dataconnect`
 {"metadata":{"emulator":{"name":"dataconnect"},"message":"E0605 06:44:56.805220   25116 watch.go:40] Failed to load config from \"c:\\\\Users\\\\pacco\\\\Quizz\\\\dataconnect\": could not find dataconnect.yaml in `c:\\Users\\pacco\\Quizz\\dataconnect`\n"}}
[debug] [2026-06-05T05:45:06.806Z] E0605 06:45:06.805821   25116 watch.go:40] Failed to load config from "c:\\Users\\pacco\\Quizz\\dataconnect": could not find dataconnect.yaml in `c:\Users\pacco\Quizz\dataconnect`
 {"metadata":{"emulator":{"name":"dataconnect"},"message":"E0605 06:45:06.805821   25116 watch.go:40] Failed to load config from \"c:\\\\Users\\\\pacco\\\\Quizz\\\\dataconnect\": could not find dataconnect.yaml in `c:\\Users\\pacco\\Quizz\\dataconnect`\n"}}
[debug] [2026-06-05T05:45:16.806Z] E0605 06:45:16.805637   25116 watch.go:116] watchAllDir unable to walk dir `c:\Users\pacco\Quizz\dataconnect`: GetFileAttributesEx c:\Users\pacco\Quizz\dataconnect: The system cannot find the file specified.
E0605 06:45:16.806211   25116 watch.go:40] Failed to load config from "c:\\Users\\pacco\\Quizz\\dataconnect": could not find dataconnect.yaml in `c:\Users\pacco\Quizz\dataconnect`
 {"metadata":{"emulator":{"name":"dataconnect"},"message":"E0605 06:45:16.805637   25116 watch.go:116] watchAllDir unable to walk dir `c:\\Users\\pacco\\Quizz\\dataconnect`: GetFileAttributesEx c:\\Users\\pacco\\Quizz\\dataconnect: The system cannot find the file specified.\nE0605 06:45:16.806211   25116 watch.go:40] Failed to load config from \"c:\\\\Users\\\\pacco\\\\Quizz\\\\dataconnect\": could not find dataconnect.yaml in `c:\\Users\\pacco\\Quizz\\dataconnect`\n"}}
[debug] [2026-06-05T05:45:26.805Z] E0605 06:45:26.805260   25116 watch.go:40] Failed to load config from "c:\\Users\\pacco\\Quizz\\dataconnect": could not find dataconnect.yaml in `c:\Users\pacco\Quizz\dataconnect`
 {"metadata":{"emulator":{"name":"dataconnect"},"message":"E0605 06:45:26.805260   25116 watch.go:40] Failed to load config from \"c:\\\\Users\\\\pacco\\\\Quizz\\\\dataconnect\": could not find dataconnect.yaml in `c:\\Users\\pacco\\Quizz\\dataconnect`\n"}}
[debug] [2026-06-05T05:45:36.805Z] E0605 06:45:36.805474   25116 watch.go:40] Failed to load config from "c:\\Users\\pacco\\Quizz\\dataconnect": could not find dataconnect.yaml in `c:\Users\pacco\Quizz\dataconnect`
 {"metadata":{"emulator":{"name":"dataconnect"},"message":"E0605 06:45:36.805474   25116 watch.go:40] Failed to load config from \"c:\\\\Users\\\\pacco\\\\Quizz\\\\dataconnect\": could not find dataconnect.yaml in `c:\\Users\\pacco\\Quizz\\dataconnect`\n"}}
[debug] [2026-06-05T05:45:46.806Z] E0605 06:45:46.805503   25116 watch.go:40] Failed to load config from "c:\\Users\\pacco\\Quizz\\dataconnect": could not find dataconnect.yaml in `c:\Users\pacco\Quizz\dataconnect`
 {"metadata":{"emulator":{"name":"dataconnect"},"message":"E0605 06:45:46.805503   25116 watch.go:40] Failed to load config from \"c:\\\\Users\\\\pacco\\\\Quizz\\\\dataconnect\": could not find dataconnect.yaml in `c:\\Users\\pacco\\Quizz\\dataconnect`\n"}}
[debug] [2026-06-05T05:45:56.805Z] E0605 06:45:56.805437   25116 watch.go:40] Failed to load config from "c:\\Users\\pacco\\Quizz\\dataconnect": could not find dataconnect.yaml in `c:\Users\pacco\Quizz\dataconnect`
 {"metadata":{"emulator":{"name":"dataconnect"},"message":"E0605 06:45:56.805437   25116 watch.go:40] Failed to load config from \"c:\\\\Users\\\\pacco\\\\Quizz\\\\dataconnect\": could not find dataconnect.yaml in `c:\\Users\\pacco\\Quizz\\dataconnect`\n"}}
[debug] [2026-06-05T05:46:06.806Z] E0605 06:46:06.806035   25116 watch.go:40] Failed to load config from "c:\\Users\\pacco\\Quizz\\dataconnect": could not find dataconnect.yaml in `c:\Users\pacco\Quizz\dataconnect`
 {"metadata":{"emulator":{"name":"dataconnect"},"message":"E0605 06:46:06.806035   25116 watch.go:40] Failed to load config from \"c:\\\\Users\\\\pacco\\\\Quizz\\\\dataconnect\": could not find dataconnect.yaml in `c:\\Users\\pacco\\Quizz\\dataconnect`\n"}}
[debug] [2026-06-05T05:46:16.806Z] E0605 06:46:16.805698   25116 watch.go:40] Failed to load config from "c:\\Users\\pacco\\Quizz\\dataconnect": could not find dataconnect.yaml in `c:\Users\pacco\Quizz\dataconnect`
E0605 06:46:16.805698   25116 watch.go:116] watchAllDir unable to walk dir `c:\Users\pacco\Quizz\dataconnect`: GetFileAttributesEx c:\Users\pacco\Quizz\dataconnect: The system cannot find the file specified.
 {"metadata":{"emulator":{"name":"dataconnect"},"message":"E0605 06:46:16.805698   25116 watch.go:40] Failed to load config from \"c:\\\\Users\\\\pacco\\\\Quizz\\\\dataconnect\": could not find dataconnect.yaml in `c:\\Users\\pacco\\Quizz\\dataconnect`\nE0605 06:46:16.805698   25116 watch.go:116] watchAllDir unable to walk dir `c:\\Users\\pacco\\Quizz\\dataconnect`: GetFileAttributesEx c:\\Users\\pacco\\Quizz\\dataconnect: The system cannot find the file specified.\n"}}
[debug] [2026-06-05T05:46:26.805Z] E0605 06:46:26.805662   25116 watch.go:40] Failed to load config from "c:\\Users\\pacco\\Quizz\\dataconnect": could not find dataconnect.yaml in `c:\Users\pacco\Quizz\dataconnect`
 {"metadata":{"emulator":{"name":"dataconnect"},"message":"E0605 06:46:26.805662   25116 watch.go:40] Failed to load config from \"c:\\\\Users\\\\pacco\\\\Quizz\\\\dataconnect\": could not find dataconnect.yaml in `c:\\Users\\pacco\\Quizz\\dataconnect`\n"}}
[debug] [2026-06-05T05:46:36.805Z] E0605 06:46:36.805343   25116 watch.go:40] Failed to load config from "c:\\Users\\pacco\\Quizz\\dataconnect": could not find dataconnect.yaml in `c:\Users\pacco\Quizz\dataconnect`
 {"metadata":{"emulator":{"name":"dataconnect"},"message":"E0605 06:46:36.805343   25116 watch.go:40] Failed to load config from \"c:\\\\Users\\\\pacco\\\\Quizz\\\\dataconnect\": could not find dataconnect.yaml in `c:\\Users\\pacco\\Quizz\\dataconnect`\n"}}
[debug] [2026-06-05T05:46:46.805Z] E0605 06:46:46.805471   25116 watch.go:40] Failed to load config from "c:\\Users\\pacco\\Quizz\\dataconnect": could not find dataconnect.yaml in `c:\Users\pacco\Quizz\dataconnect`
 {"metadata":{"emulator":{"name":"dataconnect"},"message":"E0605 06:46:46.805471   25116 watch.go:40] Failed to load config from \"c:\\\\Users\\\\pacco\\\\Quizz\\\\dataconnect\": could not find dataconnect.yaml in `c:\\Users\\pacco\\Quizz\\dataconnect`\n"}}
[debug] [2026-06-05T05:46:56.805Z] E0605 06:46:56.805397   25116 watch.go:40] Failed to load config from "c:\\Users\\pacco\\Quizz\\dataconnect": could not find dataconnect.yaml in `c:\Users\pacco\Quizz\dataconnect`
 {"metadata":{"emulator":{"name":"dataconnect"},"message":"E0605 06:46:56.805397   25116 watch.go:40] Failed to load config from \"c:\\\\Users\\\\pacco\\\\Quizz\\\\dataconnect\": could not find dataconnect.yaml in `c:\\Users\\pacco\\Quizz\\dataconnect`\n"}}
[debug] [2026-06-05T05:47:06.805Z] E0605 06:47:06.805200   25116 watch.go:40] Failed to load config from "c:\\Users\\pacco\\Quizz\\dataconnect": could not find dataconnect.yaml in `c:\Users\pacco\Quizz\dataconnect`
 {"metadata":{"emulator":{"name":"dataconnect"},"message":"E0605 06:47:06.805200   25116 watch.go:40] Failed to load config from \"c:\\\\Users\\\\pacco\\\\Quizz\\\\dataconnect\": could not find dataconnect.yaml in `c:\\Users\\pacco\\Quizz\\dataconnect`\n"}}
[debug] [2026-06-05T05:47:16.805Z] E0605 06:47:16.805614   25116 watch.go:116] watchAllDir unable to walk dir `c:\Users\pacco\Quizz\dataconnect`: GetFileAttributesEx c:\Users\pacco\Quizz\dataconnect: The system cannot find the file specified.
E0605 06:47:16.805614   25116 watch.go:40] Failed to load config from "c:\\Users\\pacco\\Quizz\\dataconnect": could not find dataconnect.yaml in `c:\Users\pacco\Quizz\dataconnect`
 {"metadata":{"emulator":{"name":"dataconnect"},"message":"E0605 06:47:16.805614   25116 watch.go:116] watchAllDir unable to walk dir `c:\\Users\\pacco\\Quizz\\dataconnect`: GetFileAttributesEx c:\\Users\\pacco\\Quizz\\dataconnect: The system cannot find the file specified.\nE0605 06:47:16.805614   25116 watch.go:40] Failed to load config from \"c:\\\\Users\\\\pacco\\\\Quizz\\\\dataconnect\": could not find dataconnect.yaml in `c:\\Users\\pacco\\Quizz\\dataconnect`\n"}}
[debug] [2026-06-05T05:47:26.806Z] E0605 06:47:26.806454   25116 watch.go:40] Failed to load config from "c:\\Users\\pacco\\Quizz\\dataconnect": could not find dataconnect.yaml in `c:\Users\pacco\Quizz\dataconnect`
 {"metadata":{"emulator":{"name":"dataconnect"},"message":"E0605 06:47:26.806454   25116 watch.go:40] Failed to load config from \"c:\\\\Users\\\\pacco\\\\Quizz\\\\dataconnect\": could not find dataconnect.yaml in `c:\\Users\\pacco\\Quizz\\dataconnect`\n"}}
[debug] [2026-06-05T05:47:36.806Z] E0605 06:47:36.805574   25116 watch.go:40] Failed to load config from "c:\\Users\\pacco\\Quizz\\dataconnect": could not find dataconnect.yaml in `c:\Users\pacco\Quizz\dataconnect`
 {"metadata":{"emulator":{"name":"dataconnect"},"message":"E0605 06:47:36.805574   25116 watch.go:40] Failed to load config from \"c:\\\\Users\\\\pacco\\\\Quizz\\\\dataconnect\": could not find dataconnect.yaml in `c:\\Users\\pacco\\Quizz\\dataconnect`\n"}}
[debug] [2026-06-05T05:47:46.806Z] E0605 06:47:46.806533   25116 watch.go:40] Failed to load config from "c:\\Users\\pacco\\Quizz\\dataconnect": could not find dataconnect.yaml in `c:\Users\pacco\Quizz\dataconnect`
 {"metadata":{"emulator":{"name":"dataconnect"},"message":"E0605 06:47:46.806533   25116 watch.go:40] Failed to load config from \"c:\\\\Users\\\\pacco\\\\Quizz\\\\dataconnect\": could not find dataconnect.yaml in `c:\\Users\\pacco\\Quizz\\dataconnect`\n"}}
[debug] [2026-06-05T05:47:56.805Z] E0605 06:47:56.805644   25116 watch.go:40] Failed to load config from "c:\\Users\\pacco\\Quizz\\dataconnect": could not find dataconnect.yaml in `c:\Users\pacco\Quizz\dataconnect`
 {"metadata":{"emulator":{"name":"dataconnect"},"message":"E0605 06:47:56.805644   25116 watch.go:40] Failed to load config from \"c:\\\\Users\\\\pacco\\\\Quizz\\\\dataconnect\": could not find dataconnect.yaml in `c:\\Users\\pacco\\Quizz\\dataconnect`\n"}}
[debug] [2026-06-05T05:48:06.805Z] E0605 06:48:06.805425   25116 watch.go:40] Failed to load config from "c:\\Users\\pacco\\Quizz\\dataconnect": could not find dataconnect.yaml in `c:\Users\pacco\Quizz\dataconnect`
 {"metadata":{"emulator":{"name":"dataconnect"},"message":"E0605 06:48:06.805425   25116 watch.go:40] Failed to load config from \"c:\\\\Users\\\\pacco\\\\Quizz\\\\dataconnect\": could not find dataconnect.yaml in `c:\\Users\\pacco\\Quizz\\dataconnect`\n"}}
[debug] [2026-06-05T05:48:16.805Z] E0605 06:48:16.805314   25116 watch.go:40] Failed to load config from "c:\\Users\\pacco\\Quizz\\dataconnect": could not find dataconnect.yaml in `c:\Users\pacco\Quizz\dataconnect`
E0605 06:48:16.805914   25116 watch.go:116] watchAllDir unable to walk dir `c:\Users\pacco\Quizz\dataconnect`: GetFileAttributesEx c:\Users\pacco\Quizz\dataconnect: The system cannot find the file specified.
 {"metadata":{"emulator":{"name":"dataconnect"},"message":"E0605 06:48:16.805314   25116 watch.go:40] Failed to load config from \"c:\\\\Users\\\\pacco\\\\Quizz\\\\dataconnect\": could not find dataconnect.yaml in `c:\\Users\\pacco\\Quizz\\dataconnect`\nE0605 06:48:16.805914   25116 watch.go:116] watchAllDir unable to walk dir `c:\\Users\\pacco\\Quizz\\dataconnect`: GetFileAttributesEx c:\\Users\\pacco\\Quizz\\dataconnect: The system cannot find the file specified.\n"}}
[debug] [2026-06-05T05:48:26.805Z] E0605 06:48:26.805343   25116 watch.go:40] Failed to load config from "c:\\Users\\pacco\\Quizz\\dataconnect": could not find dataconnect.yaml in `c:\Users\pacco\Quizz\dataconnect`
 {"metadata":{"emulator":{"name":"dataconnect"},"message":"E0605 06:48:26.805343   25116 watch.go:40] Failed to load config from \"c:\\\\Users\\\\pacco\\\\Quizz\\\\dataconnect\": could not find dataconnect.yaml in `c:\\Users\\pacco\\Quizz\\dataconnect`\n"}}
[debug] [2026-06-05T05:48:36.805Z] E0605 06:48:36.805473   25116 watch.go:40] Failed to load config from "c:\\Users\\pacco\\Quizz\\dataconnect": could not find dataconnect.yaml in `c:\Users\pacco\Quizz\dataconnect`
 {"metadata":{"emulator":{"name":"dataconnect"},"message":"E0605 06:48:36.805473   25116 watch.go:40] Failed to load config from \"c:\\\\Users\\\\pacco\\\\Quizz\\\\dataconnect\": could not find dataconnect.yaml in `c:\\Users\\pacco\\Quizz\\dataconnect`\n"}}
[debug] [2026-06-05T05:48:46.805Z] E0605 06:48:46.805718   25116 watch.go:40] Failed to load config from "c:\\Users\\pacco\\Quizz\\dataconnect": could not find dataconnect.yaml in `c:\Users\pacco\Quizz\dataconnect`
 {"metadata":{"emulator":{"name":"dataconnect"},"message":"E0605 06:48:46.805718   25116 watch.go:40] Failed to load config from \"c:\\\\Users\\\\pacco\\\\Quizz\\\\dataconnect\": could not find dataconnect.yaml in `c:\\Users\\pacco\\Quizz\\dataconnect`\n"}}
[debug] [2026-06-05T05:48:56.806Z] E0605 06:48:56.805283   25116 watch.go:40] Failed to load config from "c:\\Users\\pacco\\Quizz\\dataconnect": could not find dataconnect.yaml in `c:\Users\pacco\Quizz\dataconnect`
 {"metadata":{"emulator":{"name":"dataconnect"},"message":"E0605 06:48:56.805283   25116 watch.go:40] Failed to load config from \"c:\\\\Users\\\\pacco\\\\Quizz\\\\dataconnect\": could not find dataconnect.yaml in `c:\\Users\\pacco\\Quizz\\dataconnect`\n"}}
[debug] [2026-06-05T05:49:06.805Z] E0605 06:49:06.805379   25116 watch.go:40] Failed to load config from "c:\\Users\\pacco\\Quizz\\dataconnect": could not find dataconnect.yaml in `c:\Users\pacco\Quizz\dataconnect`
 {"metadata":{"emulator":{"name":"dataconnect"},"message":"E0605 06:49:06.805379   25116 watch.go:40] Failed to load config from \"c:\\\\Users\\\\pacco\\\\Quizz\\\\dataconnect\": could not find dataconnect.yaml in `c:\\Users\\pacco\\Quizz\\dataconnect`\n"}}
[debug] [2026-06-05T05:49:16.805Z] E0605 06:49:16.805378   25116 watch.go:40] Failed to load config from "c:\\Users\\pacco\\Quizz\\dataconnect": could not find dataconnect.yaml in `c:\Users\pacco\Quizz\dataconnect`
E0605 06:49:16.805378   25116 watch.go:116] watchAllDir unable to walk dir `c:\Users\pacco\Quizz\dataconnect`: GetFileAttributesEx c:\Users\pacco\Quizz\dataconnect: The system cannot find the file specified.
 {"metadata":{"emulator":{"name":"dataconnect"},"message":"E0605 06:49:16.805378   25116 watch.go:40] Failed to load config from \"c:\\\\Users\\\\pacco\\\\Quizz\\\\dataconnect\": could not find dataconnect.yaml in `c:\\Users\\pacco\\Quizz\\dataconnect`\nE0605 06:49:16.805378   25116 watch.go:116] watchAllDir unable to walk dir `c:\\Users\\pacco\\Quizz\\dataconnect`: GetFileAttributesEx c:\\Users\\pacco\\Quizz\\dataconnect: The system cannot find the file specified.\n"}}
[debug] [2026-06-05T05:49:26.805Z] E0605 06:49:26.805509   25116 watch.go:40] Failed to load config from "c:\\Users\\pacco\\Quizz\\dataconnect": could not find dataconnect.yaml in `c:\Users\pacco\Quizz\dataconnect`
 {"metadata":{"emulator":{"name":"dataconnect"},"message":"E0605 06:49:26.805509   25116 watch.go:40] Failed to load config from \"c:\\\\Users\\\\pacco\\\\Quizz\\\\dataconnect\": could not find dataconnect.yaml in `c:\\Users\\pacco\\Quizz\\dataconnect`\n"}}
[debug] [2026-06-05T05:49:36.806Z] E0605 06:49:36.805943   25116 watch.go:40] Failed to load config from "c:\\Users\\pacco\\Quizz\\dataconnect": could not find dataconnect.yaml in `c:\Users\pacco\Quizz\dataconnect`
 {"metadata":{"emulator":{"name":"dataconnect"},"message":"E0605 06:49:36.805943   25116 watch.go:40] Failed to load config from \"c:\\\\Users\\\\pacco\\\\Quizz\\\\dataconnect\": could not find dataconnect.yaml in `c:\\Users\\pacco\\Quizz\\dataconnect`\n"}}
[debug] [2026-06-05T05:49:46.805Z] E0605 06:49:46.805196   25116 watch.go:40] Failed to load config from "c:\\Users\\pacco\\Quizz\\dataconnect": could not find dataconnect.yaml in `c:\Users\pacco\Quizz\dataconnect`
 {"metadata":{"emulator":{"name":"dataconnect"},"message":"E0605 06:49:46.805196   25116 watch.go:40] Failed to load config from \"c:\\\\Users\\\\pacco\\\\Quizz\\\\dataconnect\": could not find dataconnect.yaml in `c:\\Users\\pacco\\Quizz\\dataconnect`\n"}}
[debug] [2026-06-05T05:49:56.806Z] E0605 06:49:56.806079   25116 watch.go:40] Failed to load config from "c:\\Users\\pacco\\Quizz\\dataconnect": could not find dataconnect.yaml in `c:\Users\pacco\Quizz\dataconnect`
 {"metadata":{"emulator":{"name":"dataconnect"},"message":"E0605 06:49:56.806079   25116 watch.go:40] Failed to load config from \"c:\\\\Users\\\\pacco\\\\Quizz\\\\dataconnect\": could not find dataconnect.yaml in `c:\\Users\\pacco\\Quizz\\dataconnect`\n"}}
[debug] [2026-06-05T05:50:06.805Z] E0605 06:50:06.805330   25116 watch.go:40] Failed to load config from "c:\\Users\\pacco\\Quizz\\dataconnect": could not find dataconnect.yaml in `c:\Users\pacco\Quizz\dataconnect`
 {"metadata":{"emulator":{"name":"dataconnect"},"message":"E0605 06:50:06.805330   25116 watch.go:40] Failed to load config from \"c:\\\\Users\\\\pacco\\\\Quizz\\\\dataconnect\": could not find dataconnect.yaml in `c:\\Users\\pacco\\Quizz\\dataconnect`\n"}}
[debug] [2026-06-05T05:50:16.805Z] E0605 06:50:16.805696   25116 watch.go:116] watchAllDir unable to walk dir `c:\Users\pacco\Quizz\dataconnect`: GetFileAttributesEx c:\Users\pacco\Quizz\dataconnect: The system cannot find the file specified.
E0605 06:50:16.805696   25116 watch.go:40] Failed to load config from "c:\\Users\\pacco\\Quizz\\dataconnect": could not find dataconnect.yaml in `c:\Users\pacco\Quizz\dataconnect`
 {"metadata":{"emulator":{"name":"dataconnect"},"message":"E0605 06:50:16.805696   25116 watch.go:116] watchAllDir unable to walk dir `c:\\Users\\pacco\\Quizz\\dataconnect`: GetFileAttributesEx c:\\Users\\pacco\\Quizz\\dataconnect: The system cannot find the file specified.\nE0605 06:50:16.805696   25116 watch.go:40] Failed to load config from \"c:\\\\Users\\\\pacco\\\\Quizz\\\\dataconnect\": could not find dataconnect.yaml in `c:\\Users\\pacco\\Quizz\\dataconnect`\n"}}
[debug] [2026-06-05T05:50:26.805Z] E0605 06:50:26.805657   25116 watch.go:40] Failed to load config from "c:\\Users\\pacco\\Quizz\\dataconnect": could not find dataconnect.yaml in `c:\Users\pacco\Quizz\dataconnect`
 {"metadata":{"emulator":{"name":"dataconnect"},"message":"E0605 06:50:26.805657   25116 watch.go:40] Failed to load config from \"c:\\\\Users\\\\pacco\\\\Quizz\\\\dataconnect\": could not find dataconnect.yaml in `c:\\Users\\pacco\\Quizz\\dataconnect`\n"}}
[debug] [2026-06-05T05:50:36.806Z] E0605 06:50:36.805811   25116 watch.go:40] Failed to load config from "c:\\Users\\pacco\\Quizz\\dataconnect": could not find dataconnect.yaml in `c:\Users\pacco\Quizz\dataconnect`
 {"metadata":{"emulator":{"name":"dataconnect"},"message":"E0605 06:50:36.805811   25116 watch.go:40] Failed to load config from \"c:\\\\Users\\\\pacco\\\\Quizz\\\\dataconnect\": could not find dataconnect.yaml in `c:\\Users\\pacco\\Quizz\\dataconnect`\n"}}
[debug] [2026-06-05T05:50:46.805Z] E0605 06:50:46.805233   25116 watch.go:40] Failed to load config from "c:\\Users\\pacco\\Quizz\\dataconnect": could not find dataconnect.yaml in `c:\Users\pacco\Quizz\dataconnect`
 {"metadata":{"emulator":{"name":"dataconnect"},"message":"E0605 06:50:46.805233   25116 watch.go:40] Failed to load config from \"c:\\\\Users\\\\pacco\\\\Quizz\\\\dataconnect\": could not find dataconnect.yaml in `c:\\Users\\pacco\\Quizz\\dataconnect`\n"}}
[debug] [2026-06-05T05:50:56.805Z] E0605 06:50:56.805430   25116 watch.go:40] Failed to load config from "c:\\Users\\pacco\\Quizz\\dataconnect": could not find dataconnect.yaml in `c:\Users\pacco\Quizz\dataconnect`
 {"metadata":{"emulator":{"name":"dataconnect"},"message":"E0605 06:50:56.805430   25116 watch.go:40] Failed to load config from \"c:\\\\Users\\\\pacco\\\\Quizz\\\\dataconnect\": could not find dataconnect.yaml in `c:\\Users\\pacco\\Quizz\\dataconnect`\n"}}
[debug] [2026-06-05T05:51:06.805Z] E0605 06:51:06.805737   25116 watch.go:40] Failed to load config from "c:\\Users\\pacco\\Quizz\\dataconnect": could not find dataconnect.yaml in `c:\Users\pacco\Quizz\dataconnect`
 {"metadata":{"emulator":{"name":"dataconnect"},"message":"E0605 06:51:06.805737   25116 watch.go:40] Failed to load config from \"c:\\\\Users\\\\pacco\\\\Quizz\\\\dataconnect\": could not find dataconnect.yaml in `c:\\Users\\pacco\\Quizz\\dataconnect`\n"}}
[debug] [2026-06-05T05:51:16.805Z] E0605 06:51:16.805334   25116 watch.go:40] Failed to load config from "c:\\Users\\pacco\\Quizz\\dataconnect": could not find dataconnect.yaml in `c:\Users\pacco\Quizz\dataconnect`
 {"metadata":{"emulator":{"name":"dataconnect"},"message":"E0605 06:51:16.805334   25116 watch.go:40] Failed to load config from \"c:\\\\Users\\\\pacco\\\\Quizz\\\\dataconnect\": could not find dataconnect.yaml in `c:\\Users\\pacco\\Quizz\\dataconnect`\n"}}
[debug] [2026-06-05T05:51:16.805Z] E0605 06:51:16.805951   25116 watch.go:116] watchAllDir unable to walk dir `c:\Users\pacco\Quizz\dataconnect`: GetFileAttributesEx c:\Users\pacco\Quizz\dataconnect: The system cannot find the file specified.
 {"metadata":{"emulator":{"name":"dataconnect"},"message":"E0605 06:51:16.805951   25116 watch.go:116] watchAllDir unable to walk dir `c:\\Users\\pacco\\Quizz\\dataconnect`: GetFileAttributesEx c:\\Users\\pacco\\Quizz\\dataconnect: The system cannot find the file specified.\n"}}
[debug] [2026-06-05T05:51:26.806Z] E0605 06:51:26.805978   25116 watch.go:40] Failed to load config from "c:\\Users\\pacco\\Quizz\\dataconnect": could not find dataconnect.yaml in `c:\Users\pacco\Quizz\dataconnect`
 {"metadata":{"emulator":{"name":"dataconnect"},"message":"E0605 06:51:26.805978   25116 watch.go:40] Failed to load config from \"c:\\\\Users\\\\pacco\\\\Quizz\\\\dataconnect\": could not find dataconnect.yaml in `c:\\Users\\pacco\\Quizz\\dataconnect`\n"}}
[debug] [2026-06-05T05:51:36.805Z] E0605 06:51:36.805415   25116 watch.go:40] Failed to load config from "c:\\Users\\pacco\\Quizz\\dataconnect": could not find dataconnect.yaml in `c:\Users\pacco\Quizz\dataconnect`
 {"metadata":{"emulator":{"name":"dataconnect"},"message":"E0605 06:51:36.805415   25116 watch.go:40] Failed to load config from \"c:\\\\Users\\\\pacco\\\\Quizz\\\\dataconnect\": could not find dataconnect.yaml in `c:\\Users\\pacco\\Quizz\\dataconnect`\n"}}
[debug] [2026-06-05T05:51:46.805Z] E0605 06:51:46.805323   25116 watch.go:40] Failed to load config from "c:\\Users\\pacco\\Quizz\\dataconnect": could not find dataconnect.yaml in `c:\Users\pacco\Quizz\dataconnect`
 {"metadata":{"emulator":{"name":"dataconnect"},"message":"E0605 06:51:46.805323   25116 watch.go:40] Failed to load config from \"c:\\\\Users\\\\pacco\\\\Quizz\\\\dataconnect\": could not find dataconnect.yaml in `c:\\Users\\pacco\\Quizz\\dataconnect`\n"}}
[debug] [2026-06-05T05:51:56.805Z] E0605 06:51:56.805514   25116 watch.go:40] Failed to load config from "c:\\Users\\pacco\\Quizz\\dataconnect": could not find dataconnect.yaml in `c:\Users\pacco\Quizz\dataconnect`
 {"metadata":{"emulator":{"name":"dataconnect"},"message":"E0605 06:51:56.805514   25116 watch.go:40] Failed to load config from \"c:\\\\Users\\\\pacco\\\\Quizz\\\\dataconnect\": could not find dataconnect.yaml in `c:\\Users\\pacco\\Quizz\\dataconnect`\n"}}
[debug] [2026-06-05T05:52:06.805Z] E0605 06:52:06.805298   25116 watch.go:40] Failed to load config from "c:\\Users\\pacco\\Quizz\\dataconnect": could not find dataconnect.yaml in `c:\Users\pacco\Quizz\dataconnect`
 {"metadata":{"emulator":{"name":"dataconnect"},"message":"E0605 06:52:06.805298   25116 watch.go:40] Failed to load config from \"c:\\\\Users\\\\pacco\\\\Quizz\\\\dataconnect\": could not find dataconnect.yaml in `c:\\Users\\pacco\\Quizz\\dataconnect`\n"}}
[debug] [2026-06-05T05:52:16.805Z] E0605 06:52:16.805527   25116 watch.go:40] Failed to load config from "c:\\Users\\pacco\\Quizz\\dataconnect": could not find dataconnect.yaml in `c:\Users\pacco\Quizz\dataconnect`
E0605 06:52:16.805527   25116 watch.go:116] watchAllDir unable to walk dir `c:\Users\pacco\Quizz\dataconnect`: GetFileAttributesEx c:\Users\pacco\Quizz\dataconnect: The system cannot find the file specified.
 {"metadata":{"emulator":{"name":"dataconnect"},"message":"E0605 06:52:16.805527   25116 watch.go:40] Failed to load config from \"c:\\\\Users\\\\pacco\\\\Quizz\\\\dataconnect\": could not find dataconnect.yaml in `c:\\Users\\pacco\\Quizz\\dataconnect`\nE0605 06:52:16.805527   25116 watch.go:116] watchAllDir unable to walk dir `c:\\Users\\pacco\\Quizz\\dataconnect`: GetFileAttributesEx c:\\Users\\pacco\\Quizz\\dataconnect: The system cannot find the file specified.\n"}}
[debug] [2026-06-05T05:52:26.806Z] E0605 06:52:26.805943   25116 watch.go:40] Failed to load config from "c:\\Users\\pacco\\Quizz\\dataconnect": could not find dataconnect.yaml in `c:\Users\pacco\Quizz\dataconnect`
 {"metadata":{"emulator":{"name":"dataconnect"},"message":"E0605 06:52:26.805943   25116 watch.go:40] Failed to load config from \"c:\\\\Users\\\\pacco\\\\Quizz\\\\dataconnect\": could not find dataconnect.yaml in `c:\\Users\\pacco\\Quizz\\dataconnect`\n"}}
[debug] [2026-06-05T05:52:36.805Z] E0605 06:52:36.805145   25116 watch.go:40] Failed to load config from "c:\\Users\\pacco\\Quizz\\dataconnect": could not find dataconnect.yaml in `c:\Users\pacco\Quizz\dataconnect`
 {"metadata":{"emulator":{"name":"dataconnect"},"message":"E0605 06:52:36.805145   25116 watch.go:40] Failed to load config from \"c:\\\\Users\\\\pacco\\\\Quizz\\\\dataconnect\": could not find dataconnect.yaml in `c:\\Users\\pacco\\Quizz\\dataconnect`\n"}}
[debug] [2026-06-05T05:52:46.806Z] E0605 06:52:46.806055   25116 watch.go:40] Failed to load config from "c:\\Users\\pacco\\Quizz\\dataconnect": could not find dataconnect.yaml in `c:\Users\pacco\Quizz\dataconnect`
 {"metadata":{"emulator":{"name":"dataconnect"},"message":"E0605 06:52:46.806055   25116 watch.go:40] Failed to load config from \"c:\\\\Users\\\\pacco\\\\Quizz\\\\dataconnect\": could not find dataconnect.yaml in `c:\\Users\\pacco\\Quizz\\dataconnect`\n"}}
[debug] [2026-06-05T05:52:56.805Z] E0605 06:52:56.805395   25116 watch.go:40] Failed to load config from "c:\\Users\\pacco\\Quizz\\dataconnect": could not find dataconnect.yaml in `c:\Users\pacco\Quizz\dataconnect`
 {"metadata":{"emulator":{"name":"dataconnect"},"message":"E0605 06:52:56.805395   25116 watch.go:40] Failed to load config from \"c:\\\\Users\\\\pacco\\\\Quizz\\\\dataconnect\": could not find dataconnect.yaml in `c:\\Users\\pacco\\Quizz\\dataconnect`\n"}}
[debug] [2026-06-05T05:53:06.806Z] E0605 06:53:06.805913   25116 watch.go:40] Failed to load config from "c:\\Users\\pacco\\Quizz\\dataconnect": could not find dataconnect.yaml in `c:\Users\pacco\Quizz\dataconnect`
 {"metadata":{"emulator":{"name":"dataconnect"},"message":"E0605 06:53:06.805913   25116 watch.go:40] Failed to load config from \"c:\\\\Users\\\\pacco\\\\Quizz\\\\dataconnect\": could not find dataconnect.yaml in `c:\\Users\\pacco\\Quizz\\dataconnect`\n"}}
[debug] [2026-06-05T05:53:16.805Z] E0605 06:53:16.805126   25116 watch.go:40] Failed to load config from "c:\\Users\\pacco\\Quizz\\dataconnect": could not find dataconnect.yaml in `c:\Users\pacco\Quizz\dataconnect`
 {"metadata":{"emulator":{"name":"dataconnect"},"message":"E0605 06:53:16.805126   25116 watch.go:40] Failed to load config from \"c:\\\\Users\\\\pacco\\\\Quizz\\\\dataconnect\": could not find dataconnect.yaml in `c:\\Users\\pacco\\Quizz\\dataconnect`\n"}}
[debug] [2026-06-05T05:53:16.806Z] E0605 06:53:16.805880   25116 watch.go:116] watchAllDir unable to walk dir `c:\Users\pacco\Quizz\dataconnect`: GetFileAttributesEx c:\Users\pacco\Quizz\dataconnect: The system cannot find the file specified.
 {"metadata":{"emulator":{"name":"dataconnect"},"message":"E0605 06:53:16.805880   25116 watch.go:116] watchAllDir unable to walk dir `c:\\Users\\pacco\\Quizz\\dataconnect`: GetFileAttributesEx c:\\Users\\pacco\\Quizz\\dataconnect: The system cannot find the file specified.\n"}}
[debug] [2026-06-05T05:53:26.805Z] E0605 06:53:26.805011   25116 watch.go:40] Failed to load config from "c:\\Users\\pacco\\Quizz\\dataconnect": could not find dataconnect.yaml in `c:\Users\pacco\Quizz\dataconnect`
 {"metadata":{"emulator":{"name":"dataconnect"},"message":"E0605 06:53:26.805011   25116 watch.go:40] Failed to load config from \"c:\\\\Users\\\\pacco\\\\Quizz\\\\dataconnect\": could not find dataconnect.yaml in `c:\\Users\\pacco\\Quizz\\dataconnect`\n"}}
[debug] [2026-06-05T05:53:36.805Z] E0605 06:53:36.805461   25116 watch.go:40] Failed to load config from "c:\\Users\\pacco\\Quizz\\dataconnect": could not find dataconnect.yaml in `c:\Users\pacco\Quizz\dataconnect`
 {"metadata":{"emulator":{"name":"dataconnect"},"message":"E0605 06:53:36.805461   25116 watch.go:40] Failed to load config from \"c:\\\\Users\\\\pacco\\\\Quizz\\\\dataconnect\": could not find dataconnect.yaml in `c:\\Users\\pacco\\Quizz\\dataconnect`\n"}}
[debug] [2026-06-05T05:53:46.806Z] E0605 06:53:46.805582   25116 watch.go:40] Failed to load config from "c:\\Users\\pacco\\Quizz\\dataconnect": could not find dataconnect.yaml in `c:\Users\pacco\Quizz\dataconnect`
 {"metadata":{"emulator":{"name":"dataconnect"},"message":"E0605 06:53:46.805582   25116 watch.go:40] Failed to load config from \"c:\\\\Users\\\\pacco\\\\Quizz\\\\dataconnect\": could not find dataconnect.yaml in `c:\\Users\\pacco\\Quizz\\dataconnect`\n"}}
[debug] [2026-06-05T05:53:56.806Z] E0605 06:53:56.805651   25116 watch.go:40] Failed to load config from "c:\\Users\\pacco\\Quizz\\dataconnect": could not find dataconnect.yaml in `c:\Users\pacco\Quizz\dataconnect`
 {"metadata":{"emulator":{"name":"dataconnect"},"message":"E0605 06:53:56.805651   25116 watch.go:40] Failed to load config from \"c:\\\\Users\\\\pacco\\\\Quizz\\\\dataconnect\": could not find dataconnect.yaml in `c:\\Users\\pacco\\Quizz\\dataconnect`\n"}}
[debug] [2026-06-05T05:54:06.805Z] E0605 06:54:06.805405   25116 watch.go:40] Failed to load config from "c:\\Users\\pacco\\Quizz\\dataconnect": could not find dataconnect.yaml in `c:\Users\pacco\Quizz\dataconnect`
 {"metadata":{"emulator":{"name":"dataconnect"},"message":"E0605 06:54:06.805405   25116 watch.go:40] Failed to load config from \"c:\\\\Users\\\\pacco\\\\Quizz\\\\dataconnect\": could not find dataconnect.yaml in `c:\\Users\\pacco\\Quizz\\dataconnect`\n"}}
[debug] [2026-06-05T05:54:16.805Z] E0605 06:54:16.805620   25116 watch.go:116] watchAllDir unable to walk dir `c:\Users\pacco\Quizz\dataconnect`: GetFileAttributesEx c:\Users\pacco\Quizz\dataconnect: The system cannot find the file specified.
E0605 06:54:16.805620   25116 watch.go:40] Failed to load config from "c:\\Users\\pacco\\Quizz\\dataconnect": could not find dataconnect.yaml in `c:\Users\pacco\Quizz\dataconnect`
 {"metadata":{"emulator":{"name":"dataconnect"},"message":"E0605 06:54:16.805620   25116 watch.go:116] watchAllDir unable to walk dir `c:\\Users\\pacco\\Quizz\\dataconnect`: GetFileAttributesEx c:\\Users\\pacco\\Quizz\\dataconnect: The system cannot find the file specified.\nE0605 06:54:16.805620   25116 watch.go:40] Failed to load config from \"c:\\\\Users\\\\pacco\\\\Quizz\\\\dataconnect\": could not find dataconnect.yaml in `c:\\Users\\pacco\\Quizz\\dataconnect`\n"}}
[debug] [2026-06-05T05:54:26.806Z] E0605 06:54:26.805555   25116 watch.go:40] Failed to load config from "c:\\Users\\pacco\\Quizz\\dataconnect": could not find dataconnect.yaml in `c:\Users\pacco\Quizz\dataconnect`
 {"metadata":{"emulator":{"name":"dataconnect"},"message":"E0605 06:54:26.805555   25116 watch.go:40] Failed to load config from \"c:\\\\Users\\\\pacco\\\\Quizz\\\\dataconnect\": could not find dataconnect.yaml in `c:\\Users\\pacco\\Quizz\\dataconnect`\n"}}
[debug] [2026-06-05T05:54:36.805Z] E0605 06:54:36.805382   25116 watch.go:40] Failed to load config from "c:\\Users\\pacco\\Quizz\\dataconnect": could not find dataconnect.yaml in `c:\Users\pacco\Quizz\dataconnect`
 {"metadata":{"emulator":{"name":"dataconnect"},"message":"E0605 06:54:36.805382   25116 watch.go:40] Failed to load config from \"c:\\\\Users\\\\pacco\\\\Quizz\\\\dataconnect\": could not find dataconnect.yaml in `c:\\Users\\pacco\\Quizz\\dataconnect`\n"}}
[debug] [2026-06-05T05:54:46.805Z] E0605 06:54:46.805649   25116 watch.go:40] Failed to load config from "c:\\Users\\pacco\\Quizz\\dataconnect": could not find dataconnect.yaml in `c:\Users\pacco\Quizz\dataconnect`
 {"metadata":{"emulator":{"name":"dataconnect"},"message":"E0605 06:54:46.805649   25116 watch.go:40] Failed to load config from \"c:\\\\Users\\\\pacco\\\\Quizz\\\\dataconnect\": could not find dataconnect.yaml in `c:\\Users\\pacco\\Quizz\\dataconnect`\n"}}
[debug] [2026-06-05T05:54:56.805Z] E0605 06:54:56.805338   25116 watch.go:40] Failed to load config from "c:\\Users\\pacco\\Quizz\\dataconnect": could not find dataconnect.yaml in `c:\Users\pacco\Quizz\dataconnect`
 {"metadata":{"emulator":{"name":"dataconnect"},"message":"E0605 06:54:56.805338   25116 watch.go:40] Failed to load config from \"c:\\\\Users\\\\pacco\\\\Quizz\\\\dataconnect\": could not find dataconnect.yaml in `c:\\Users\\pacco\\Quizz\\dataconnect`\n"}}
[debug] [2026-06-05T05:55:06.805Z] E0605 06:55:06.805466   25116 watch.go:40] Failed to load config from "c:\\Users\\pacco\\Quizz\\dataconnect": could not find dataconnect.yaml in `c:\Users\pacco\Quizz\dataconnect`
 {"metadata":{"emulator":{"name":"dataconnect"},"message":"E0605 06:55:06.805466   25116 watch.go:40] Failed to load config from \"c:\\\\Users\\\\pacco\\\\Quizz\\\\dataconnect\": could not find dataconnect.yaml in `c:\\Users\\pacco\\Quizz\\dataconnect`\n"}}
[debug] [2026-06-05T05:55:16.805Z] E0605 06:55:16.805275   25116 watch.go:40] Failed to load config from "c:\\Users\\pacco\\Quizz\\dataconnect": could not find dataconnect.yaml in `c:\Users\pacco\Quizz\dataconnect`
 {"metadata":{"emulator":{"name":"dataconnect"},"message":"E0605 06:55:16.805275   25116 watch.go:40] Failed to load config from \"c:\\\\Users\\\\pacco\\\\Quizz\\\\dataconnect\": could not find dataconnect.yaml in `c:\\Users\\pacco\\Quizz\\dataconnect`\n"}}
[debug] [2026-06-05T05:55:16.806Z] E0605 06:55:16.805904   25116 watch.go:116] watchAllDir unable to walk dir `c:\Users\pacco\Quizz\dataconnect`: GetFileAttributesEx c:\Users\pacco\Quizz\dataconnect: The system cannot find the file specified.
 {"metadata":{"emulator":{"name":"dataconnect"},"message":"E0605 06:55:16.805904   25116 watch.go:116] watchAllDir unable to walk dir `c:\\Users\\pacco\\Quizz\\dataconnect`: GetFileAttributesEx c:\\Users\\pacco\\Quizz\\dataconnect: The system cannot find the file specified.\n"}}
[debug] [2026-06-05T05:55:26.805Z] E0605 06:55:26.805153   25116 watch.go:40] Failed to load config from "c:\\Users\\pacco\\Quizz\\dataconnect": could not find dataconnect.yaml in `c:\Users\pacco\Quizz\dataconnect`
 {"metadata":{"emulator":{"name":"dataconnect"},"message":"E0605 06:55:26.805153   25116 watch.go:40] Failed to load config from \"c:\\\\Users\\\\pacco\\\\Quizz\\\\dataconnect\": could not find dataconnect.yaml in `c:\\Users\\pacco\\Quizz\\dataconnect`\n"}}
[debug] [2026-06-05T05:55:36.806Z] E0605 06:55:36.805494   25116 watch.go:40] Failed to load config from "c:\\Users\\pacco\\Quizz\\dataconnect": could not find dataconnect.yaml in `c:\Users\pacco\Quizz\dataconnect`
 {"metadata":{"emulator":{"name":"dataconnect"},"message":"E0605 06:55:36.805494   25116 watch.go:40] Failed to load config from \"c:\\\\Users\\\\pacco\\\\Quizz\\\\dataconnect\": could not find dataconnect.yaml in `c:\\Users\\pacco\\Quizz\\dataconnect`\n"}}
[debug] [2026-06-05T05:55:46.805Z] E0605 06:55:46.805339   25116 watch.go:40] Failed to load config from "c:\\Users\\pacco\\Quizz\\dataconnect": could not find dataconnect.yaml in `c:\Users\pacco\Quizz\dataconnect`
 {"metadata":{"emulator":{"name":"dataconnect"},"message":"E0605 06:55:46.805339   25116 watch.go:40] Failed to load config from \"c:\\\\Users\\\\pacco\\\\Quizz\\\\dataconnect\": could not find dataconnect.yaml in `c:\\Users\\pacco\\Quizz\\dataconnect`\n"}}
[debug] [2026-06-05T05:55:56.805Z] E0605 06:55:56.805420   25116 watch.go:40] Failed to load config from "c:\\Users\\pacco\\Quizz\\dataconnect": could not find dataconnect.yaml in `c:\Users\pacco\Quizz\dataconnect`
 {"metadata":{"emulator":{"name":"dataconnect"},"message":"E0605 06:55:56.805420   25116 watch.go:40] Failed to load config from \"c:\\\\Users\\\\pacco\\\\Quizz\\\\dataconnect\": could not find dataconnect.yaml in `c:\\Users\\pacco\\Quizz\\dataconnect`\n"}}
[debug] [2026-06-05T05:56:06.805Z] E0605 06:56:06.805299   25116 watch.go:40] Failed to load config from "c:\\Users\\pacco\\Quizz\\dataconnect": could not find dataconnect.yaml in `c:\Users\pacco\Quizz\dataconnect`
 {"metadata":{"emulator":{"name":"dataconnect"},"message":"E0605 06:56:06.805299   25116 watch.go:40] Failed to load config from \"c:\\\\Users\\\\pacco\\\\Quizz\\\\dataconnect\": could not find dataconnect.yaml in `c:\\Users\\pacco\\Quizz\\dataconnect`\n"}}
[debug] [2026-06-05T05:56:16.805Z] E0605 06:56:16.805081   25116 watch.go:40] Failed to load config from "c:\\Users\\pacco\\Quizz\\dataconnect": could not find dataconnect.yaml in `c:\Users\pacco\Quizz\dataconnect`
E0605 06:56:16.805590   25116 watch.go:116] watchAllDir unable to walk dir `c:\Users\pacco\Quizz\dataconnect`: GetFileAttributesEx c:\Users\pacco\Quizz\dataconnect: The system cannot find the file specified.
 {"metadata":{"emulator":{"name":"dataconnect"},"message":"E0605 06:56:16.805081   25116 watch.go:40] Failed to load config from \"c:\\\\Users\\\\pacco\\\\Quizz\\\\dataconnect\": could not find dataconnect.yaml in `c:\\Users\\pacco\\Quizz\\dataconnect`\nE0605 06:56:16.805590   25116 watch.go:116] watchAllDir unable to walk dir `c:\\Users\\pacco\\Quizz\\dataconnect`: GetFileAttributesEx c:\\Users\\pacco\\Quizz\\dataconnect: The system cannot find the file specified.\n"}}
[debug] [2026-06-05T05:56:26.805Z] E0605 06:56:26.805215   25116 watch.go:40] Failed to load config from "c:\\Users\\pacco\\Quizz\\dataconnect": could not find dataconnect.yaml in `c:\Users\pacco\Quizz\dataconnect`
 {"metadata":{"emulator":{"name":"dataconnect"},"message":"E0605 06:56:26.805215   25116 watch.go:40] Failed to load config from \"c:\\\\Users\\\\pacco\\\\Quizz\\\\dataconnect\": could not find dataconnect.yaml in `c:\\Users\\pacco\\Quizz\\dataconnect`\n"}}
[debug] [2026-06-05T05:56:36.805Z] E0605 06:56:36.805109   25116 watch.go:40] Failed to load config from "c:\\Users\\pacco\\Quizz\\dataconnect": could not find dataconnect.yaml in `c:\Users\pacco\Quizz\dataconnect`
 {"metadata":{"emulator":{"name":"dataconnect"},"message":"E0605 06:56:36.805109   25116 watch.go:40] Failed to load config from \"c:\\\\Users\\\\pacco\\\\Quizz\\\\dataconnect\": could not find dataconnect.yaml in `c:\\Users\\pacco\\Quizz\\dataconnect`\n"}}
[debug] [2026-06-05T05:56:46.805Z] E0605 06:56:46.805356   25116 watch.go:40] Failed to load config from "c:\\Users\\pacco\\Quizz\\dataconnect": could not find dataconnect.yaml in `c:\Users\pacco\Quizz\dataconnect`
 {"metadata":{"emulator":{"name":"dataconnect"},"message":"E0605 06:56:46.805356   25116 watch.go:40] Failed to load config from \"c:\\\\Users\\\\pacco\\\\Quizz\\\\dataconnect\": could not find dataconnect.yaml in `c:\\Users\\pacco\\Quizz\\dataconnect`\n"}}
[debug] [2026-06-05T05:56:56.805Z] E0605 06:56:56.805361   25116 watch.go:40] Failed to load config from "c:\\Users\\pacco\\Quizz\\dataconnect": could not find dataconnect.yaml in `c:\Users\pacco\Quizz\dataconnect`
 {"metadata":{"emulator":{"name":"dataconnect"},"message":"E0605 06:56:56.805361   25116 watch.go:40] Failed to load config from \"c:\\\\Users\\\\pacco\\\\Quizz\\\\dataconnect\": could not find dataconnect.yaml in `c:\\Users\\pacco\\Quizz\\dataconnect`\n"}}
[debug] [2026-06-05T05:57:06.805Z] E0605 06:57:06.805413   25116 watch.go:40] Failed to load config from "c:\\Users\\pacco\\Quizz\\dataconnect": could not find dataconnect.yaml in `c:\Users\pacco\Quizz\dataconnect`
 {"metadata":{"emulator":{"name":"dataconnect"},"message":"E0605 06:57:06.805413   25116 watch.go:40] Failed to load config from \"c:\\\\Users\\\\pacco\\\\Quizz\\\\dataconnect\": could not find dataconnect.yaml in `c:\\Users\\pacco\\Quizz\\dataconnect`\n"}}
[debug] [2026-06-05T05:57:16.805Z] E0605 06:57:16.805452   25116 watch.go:116] watchAllDir unable to walk dir `c:\Users\pacco\Quizz\dataconnect`: GetFileAttributesEx c:\Users\pacco\Quizz\dataconnect: The system cannot find the file specified.
 {"metadata":{"emulator":{"name":"dataconnect"},"message":"E0605 06:57:16.805452   25116 watch.go:116] watchAllDir unable to walk dir `c:\\Users\\pacco\\Quizz\\dataconnect`: GetFileAttributesEx c:\\Users\\pacco\\Quizz\\dataconnect: The system cannot find the file specified.\n"}}
[debug] [2026-06-05T05:57:16.806Z] E0605 06:57:16.805959   25116 watch.go:40] Failed to load config from "c:\\Users\\pacco\\Quizz\\dataconnect": could not find dataconnect.yaml in `c:\Users\pacco\Quizz\dataconnect`
 {"metadata":{"emulator":{"name":"dataconnect"},"message":"E0605 06:57:16.805959   25116 watch.go:40] Failed to load config from \"c:\\\\Users\\\\pacco\\\\Quizz\\\\dataconnect\": could not find dataconnect.yaml in `c:\\Users\\pacco\\Quizz\\dataconnect`\n"}}
[debug] [2026-06-05T05:57:26.805Z] E0605 06:57:26.805639   25116 watch.go:40] Failed to load config from "c:\\Users\\pacco\\Quizz\\dataconnect": could not find dataconnect.yaml in `c:\Users\pacco\Quizz\dataconnect`
 {"metadata":{"emulator":{"name":"dataconnect"},"message":"E0605 06:57:26.805639   25116 watch.go:40] Failed to load config from \"c:\\\\Users\\\\pacco\\\\Quizz\\\\dataconnect\": could not find dataconnect.yaml in `c:\\Users\\pacco\\Quizz\\dataconnect`\n"}}
[debug] [2026-06-05T05:57:36.805Z] E0605 06:57:36.805218   25116 watch.go:40] Failed to load config from "c:\\Users\\pacco\\Quizz\\dataconnect": could not find dataconnect.yaml in `c:\Users\pacco\Quizz\dataconnect`
 {"metadata":{"emulator":{"name":"dataconnect"},"message":"E0605 06:57:36.805218   25116 watch.go:40] Failed to load config from \"c:\\\\Users\\\\pacco\\\\Quizz\\\\dataconnect\": could not find dataconnect.yaml in `c:\\Users\\pacco\\Quizz\\dataconnect`\n"}}
[debug] [2026-06-05T05:57:46.805Z] E0605 06:57:46.805130   25116 watch.go:40] Failed to load config from "c:\\Users\\pacco\\Quizz\\dataconnect": could not find dataconnect.yaml in `c:\Users\pacco\Quizz\dataconnect`
 {"metadata":{"emulator":{"name":"dataconnect"},"message":"E0605 06:57:46.805130   25116 watch.go:40] Failed to load config from \"c:\\\\Users\\\\pacco\\\\Quizz\\\\dataconnect\": could not find dataconnect.yaml in `c:\\Users\\pacco\\Quizz\\dataconnect`\n"}}
[debug] [2026-06-05T05:57:56.805Z] E0605 06:57:56.805126   25116 watch.go:40] Failed to load config from "c:\\Users\\pacco\\Quizz\\dataconnect": could not find dataconnect.yaml in `c:\Users\pacco\Quizz\dataconnect`
 {"metadata":{"emulator":{"name":"dataconnect"},"message":"E0605 06:57:56.805126   25116 watch.go:40] Failed to load config from \"c:\\\\Users\\\\pacco\\\\Quizz\\\\dataconnect\": could not find dataconnect.yaml in `c:\\Users\\pacco\\Quizz\\dataconnect`\n"}}
[debug] [2026-06-05T05:58:06.805Z] E0605 06:58:06.805362   25116 watch.go:40] Failed to load config from "c:\\Users\\pacco\\Quizz\\dataconnect": could not find dataconnect.yaml in `c:\Users\pacco\Quizz\dataconnect`
 {"metadata":{"emulator":{"name":"dataconnect"},"message":"E0605 06:58:06.805362   25116 watch.go:40] Failed to load config from \"c:\\\\Users\\\\pacco\\\\Quizz\\\\dataconnect\": could not find dataconnect.yaml in `c:\\Users\\pacco\\Quizz\\dataconnect`\n"}}
[debug] [2026-06-05T05:58:16.805Z] E0605 06:58:16.805155   25116 watch.go:40] Failed to load config from "c:\\Users\\pacco\\Quizz\\dataconnect": could not find dataconnect.yaml in `c:\Users\pacco\Quizz\dataconnect`
 {"metadata":{"emulator":{"name":"dataconnect"},"message":"E0605 06:58:16.805155   25116 watch.go:40] Failed to load config from \"c:\\\\Users\\\\pacco\\\\Quizz\\\\dataconnect\": could not find dataconnect.yaml in `c:\\Users\\pacco\\Quizz\\dataconnect`\n"}}
[debug] [2026-06-05T05:58:16.806Z] E0605 06:58:16.805790   25116 watch.go:116] watchAllDir unable to walk dir `c:\Users\pacco\Quizz\dataconnect`: GetFileAttributesEx c:\Users\pacco\Quizz\dataconnect: The system cannot find the file specified.
 {"metadata":{"emulator":{"name":"dataconnect"},"message":"E0605 06:58:16.805790   25116 watch.go:116] watchAllDir unable to walk dir `c:\\Users\\pacco\\Quizz\\dataconnect`: GetFileAttributesEx c:\\Users\\pacco\\Quizz\\dataconnect: The system cannot find the file specified.\n"}}
[debug] [2026-06-05T05:58:26.806Z] E0605 06:58:26.805949   25116 watch.go:40] Failed to load config from "c:\\Users\\pacco\\Quizz\\dataconnect": could not find dataconnect.yaml in `c:\Users\pacco\Quizz\dataconnect`
 {"metadata":{"emulator":{"name":"dataconnect"},"message":"E0605 06:58:26.805949   25116 watch.go:40] Failed to load config from \"c:\\\\Users\\\\pacco\\\\Quizz\\\\dataconnect\": could not find dataconnect.yaml in `c:\\Users\\pacco\\Quizz\\dataconnect`\n"}}
[debug] [2026-06-05T05:58:36.806Z] E0605 06:58:36.805568   25116 watch.go:40] Failed to load config from "c:\\Users\\pacco\\Quizz\\dataconnect": could not find dataconnect.yaml in `c:\Users\pacco\Quizz\dataconnect`
 {"metadata":{"emulator":{"name":"dataconnect"},"message":"E0605 06:58:36.805568   25116 watch.go:40] Failed to load config from \"c:\\\\Users\\\\pacco\\\\Quizz\\\\dataconnect\": could not find dataconnect.yaml in `c:\\Users\\pacco\\Quizz\\dataconnect`\n"}}
[debug] [2026-06-05T05:58:46.805Z] E0605 06:58:46.805588   25116 watch.go:40] Failed to load config from "c:\\Users\\pacco\\Quizz\\dataconnect": could not find dataconnect.yaml in `c:\Users\pacco\Quizz\dataconnect`
 {"metadata":{"emulator":{"name":"dataconnect"},"message":"E0605 06:58:46.805588   25116 watch.go:40] Failed to load config from \"c:\\\\Users\\\\pacco\\\\Quizz\\\\dataconnect\": could not find dataconnect.yaml in `c:\\Users\\pacco\\Quizz\\dataconnect`\n"}}
[debug] [2026-06-05T05:58:56.805Z] E0605 06:58:56.805092   25116 watch.go:40] Failed to load config from "c:\\Users\\pacco\\Quizz\\dataconnect": could not find dataconnect.yaml in `c:\Users\pacco\Quizz\dataconnect`
 {"metadata":{"emulator":{"name":"dataconnect"},"message":"E0605 06:58:56.805092   25116 watch.go:40] Failed to load config from \"c:\\\\Users\\\\pacco\\\\Quizz\\\\dataconnect\": could not find dataconnect.yaml in `c:\\Users\\pacco\\Quizz\\dataconnect`\n"}}
[debug] [2026-06-05T05:59:06.805Z] E0605 06:59:06.805232   25116 watch.go:40] Failed to load config from "c:\\Users\\pacco\\Quizz\\dataconnect": could not find dataconnect.yaml in `c:\Users\pacco\Quizz\dataconnect`
 {"metadata":{"emulator":{"name":"dataconnect"},"message":"E0605 06:59:06.805232   25116 watch.go:40] Failed to load config from \"c:\\\\Users\\\\pacco\\\\Quizz\\\\dataconnect\": could not find dataconnect.yaml in `c:\\Users\\pacco\\Quizz\\dataconnect`\n"}}
[debug] [2026-06-05T05:59:16.805Z] E0605 06:59:16.805595   25116 watch.go:40] Failed to load config from "c:\\Users\\pacco\\Quizz\\dataconnect": could not find dataconnect.yaml in `c:\Users\pacco\Quizz\dataconnect`
E0605 06:59:16.805595   25116 watch.go:116] watchAllDir unable to walk dir `c:\Users\pacco\Quizz\dataconnect`: GetFileAttributesEx c:\Users\pacco\Quizz\dataconnect: The system cannot find the file specified.
 {"metadata":{"emulator":{"name":"dataconnect"},"message":"E0605 06:59:16.805595   25116 watch.go:40] Failed to load config from \"c:\\\\Users\\\\pacco\\\\Quizz\\\\dataconnect\": could not find dataconnect.yaml in `c:\\Users\\pacco\\Quizz\\dataconnect`\nE0605 06:59:16.805595   25116 watch.go:116] watchAllDir unable to walk dir `c:\\Users\\pacco\\Quizz\\dataconnect`: GetFileAttributesEx c:\\Users\\pacco\\Quizz\\dataconnect: The system cannot find the file specified.\n"}}
[debug] [2026-06-05T05:59:26.805Z] E0605 06:59:26.805381   25116 watch.go:40] Failed to load config from "c:\\Users\\pacco\\Quizz\\dataconnect": could not find dataconnect.yaml in `c:\Users\pacco\Quizz\dataconnect`
 {"metadata":{"emulator":{"name":"dataconnect"},"message":"E0605 06:59:26.805381   25116 watch.go:40] Failed to load config from \"c:\\\\Users\\\\pacco\\\\Quizz\\\\dataconnect\": could not find dataconnect.yaml in `c:\\Users\\pacco\\Quizz\\dataconnect`\n"}}
[debug] [2026-06-05T05:59:36.805Z] E0605 06:59:36.805102   25116 watch.go:40] Failed to load config from "c:\\Users\\pacco\\Quizz\\dataconnect": could not find dataconnect.yaml in `c:\Users\pacco\Quizz\dataconnect`
 {"metadata":{"emulator":{"name":"dataconnect"},"message":"E0605 06:59:36.805102   25116 watch.go:40] Failed to load config from \"c:\\\\Users\\\\pacco\\\\Quizz\\\\dataconnect\": could not find dataconnect.yaml in `c:\\Users\\pacco\\Quizz\\dataconnect`\n"}}
[debug] [2026-06-05T05:59:46.805Z] E0605 06:59:46.805404   25116 watch.go:40] Failed to load config from "c:\\Users\\pacco\\Quizz\\dataconnect": could not find dataconnect.yaml in `c:\Users\pacco\Quizz\dataconnect`
 {"metadata":{"emulator":{"name":"dataconnect"},"message":"E0605 06:59:46.805404   25116 watch.go:40] Failed to load config from \"c:\\\\Users\\\\pacco\\\\Quizz\\\\dataconnect\": could not find dataconnect.yaml in `c:\\Users\\pacco\\Quizz\\dataconnect`\n"}}
[debug] [2026-06-05T05:59:56.805Z] E0605 06:59:56.805265   25116 watch.go:40] Failed to load config from "c:\\Users\\pacco\\Quizz\\dataconnect": could not find dataconnect.yaml in `c:\Users\pacco\Quizz\dataconnect`
 {"metadata":{"emulator":{"name":"dataconnect"},"message":"E0605 06:59:56.805265   25116 watch.go:40] Failed to load config from \"c:\\\\Users\\\\pacco\\\\Quizz\\\\dataconnect\": could not find dataconnect.yaml in `c:\\Users\\pacco\\Quizz\\dataconnect`\n"}}
[debug] [2026-06-05T06:00:06.805Z] E0605 07:00:06.805326   25116 watch.go:40] Failed to load config from "c:\\Users\\pacco\\Quizz\\dataconnect": could not find dataconnect.yaml in `c:\Users\pacco\Quizz\dataconnect`
 {"metadata":{"emulator":{"name":"dataconnect"},"message":"E0605 07:00:06.805326   25116 watch.go:40] Failed to load config from \"c:\\\\Users\\\\pacco\\\\Quizz\\\\dataconnect\": could not find dataconnect.yaml in `c:\\Users\\pacco\\Quizz\\dataconnect`\n"}}
[debug] [2026-06-05T06:00:16.805Z] E0605 07:00:16.805225   25116 watch.go:40] Failed to load config from "c:\\Users\\pacco\\Quizz\\dataconnect": could not find dataconnect.yaml in `c:\Users\pacco\Quizz\dataconnect`
 {"metadata":{"emulator":{"name":"dataconnect"},"message":"E0605 07:00:16.805225   25116 watch.go:40] Failed to load config from \"c:\\\\Users\\\\pacco\\\\Quizz\\\\dataconnect\": could not find dataconnect.yaml in `c:\\Users\\pacco\\Quizz\\dataconnect`\n"}}
[debug] [2026-06-05T06:00:16.806Z] E0605 07:00:16.805787   25116 watch.go:116] watchAllDir unable to walk dir `c:\Users\pacco\Quizz\dataconnect`: GetFileAttributesEx c:\Users\pacco\Quizz\dataconnect: The system cannot find the file specified.
 {"metadata":{"emulator":{"name":"dataconnect"},"message":"E0605 07:00:16.805787   25116 watch.go:116] watchAllDir unable to walk dir `c:\\Users\\pacco\\Quizz\\dataconnect`: GetFileAttributesEx c:\\Users\\pacco\\Quizz\\dataconnect: The system cannot find the file specified.\n"}}
[debug] [2026-06-05T06:00:26.805Z] E0605 07:00:26.805333   25116 watch.go:40] Failed to load config from "c:\\Users\\pacco\\Quizz\\dataconnect": could not find dataconnect.yaml in `c:\Users\pacco\Quizz\dataconnect`
 {"metadata":{"emulator":{"name":"dataconnect"},"message":"E0605 07:00:26.805333   25116 watch.go:40] Failed to load config from \"c:\\\\Users\\\\pacco\\\\Quizz\\\\dataconnect\": could not find dataconnect.yaml in `c:\\Users\\pacco\\Quizz\\dataconnect`\n"}}
[debug] [2026-06-05T06:00:36.806Z] E0605 07:00:36.806112   25116 watch.go:40] Failed to load config from "c:\\Users\\pacco\\Quizz\\dataconnect": could not find dataconnect.yaml in `c:\Users\pacco\Quizz\dataconnect`
 {"metadata":{"emulator":{"name":"dataconnect"},"message":"E0605 07:00:36.806112   25116 watch.go:40] Failed to load config from \"c:\\\\Users\\\\pacco\\\\Quizz\\\\dataconnect\": could not find dataconnect.yaml in `c:\\Users\\pacco\\Quizz\\dataconnect`\n"}}
[debug] [2026-06-05T06:00:46.806Z] E0605 07:00:46.806321   25116 watch.go:40] Failed to load config from "c:\\Users\\pacco\\Quizz\\dataconnect": could not find dataconnect.yaml in `c:\Users\pacco\Quizz\dataconnect`
 {"metadata":{"emulator":{"name":"dataconnect"},"message":"E0605 07:00:46.806321   25116 watch.go:40] Failed to load config from \"c:\\\\Users\\\\pacco\\\\Quizz\\\\dataconnect\": could not find dataconnect.yaml in `c:\\Users\\pacco\\Quizz\\dataconnect`\n"}}
[debug] [2026-06-05T06:00:56.805Z] E0605 07:00:56.805282   25116 watch.go:40] Failed to load config from "c:\\Users\\pacco\\Quizz\\dataconnect": could not find dataconnect.yaml in `c:\Users\pacco\Quizz\dataconnect`
 {"metadata":{"emulator":{"name":"dataconnect"},"message":"E0605 07:00:56.805282   25116 watch.go:40] Failed to load config from \"c:\\\\Users\\\\pacco\\\\Quizz\\\\dataconnect\": could not find dataconnect.yaml in `c:\\Users\\pacco\\Quizz\\dataconnect`\n"}}
[debug] [2026-06-05T06:01:06.810Z] E0605 07:01:06.805413   25116 watch.go:40] Failed to load config from "c:\\Users\\pacco\\Quizz\\dataconnect": could not find dataconnect.yaml in `c:\Users\pacco\Quizz\dataconnect`
 {"metadata":{"emulator":{"name":"dataconnect"},"message":"E0605 07:01:06.805413   25116 watch.go:40] Failed to load config from \"c:\\\\Users\\\\pacco\\\\Quizz\\\\dataconnect\": could not find dataconnect.yaml in `c:\\Users\\pacco\\Quizz\\dataconnect`\n"}}
[debug] [2026-06-05T06:01:16.805Z] E0605 07:01:16.805788   25116 watch.go:116] watchAllDir unable to walk dir `c:\Users\pacco\Quizz\dataconnect`: GetFileAttributesEx c:\Users\pacco\Quizz\dataconnect: The system cannot find the file specified.
 {"metadata":{"emulator":{"name":"dataconnect"},"message":"E0605 07:01:16.805788   25116 watch.go:116] watchAllDir unable to walk dir `c:\\Users\\pacco\\Quizz\\dataconnect`: GetFileAttributesEx c:\\Users\\pacco\\Quizz\\dataconnect: The system cannot find the file specified.\n"}}
[debug] [2026-06-05T06:01:16.806Z] E0605 07:01:16.805788   25116 watch.go:40] Failed to load config from "c:\\Users\\pacco\\Quizz\\dataconnect": could not find dataconnect.yaml in `c:\Users\pacco\Quizz\dataconnect`
 {"metadata":{"emulator":{"name":"dataconnect"},"message":"E0605 07:01:16.805788   25116 watch.go:40] Failed to load config from \"c:\\\\Users\\\\pacco\\\\Quizz\\\\dataconnect\": could not find dataconnect.yaml in `c:\\Users\\pacco\\Quizz\\dataconnect`\n"}}
[debug] [2026-06-05T06:01:26.805Z] E0605 07:01:26.805296   25116 watch.go:40] Failed to load config from "c:\\Users\\pacco\\Quizz\\dataconnect": could not find dataconnect.yaml in `c:\Users\pacco\Quizz\dataconnect`
 {"metadata":{"emulator":{"name":"dataconnect"},"message":"E0605 07:01:26.805296   25116 watch.go:40] Failed to load config from \"c:\\\\Users\\\\pacco\\\\Quizz\\\\dataconnect\": could not find dataconnect.yaml in `c:\\Users\\pacco\\Quizz\\dataconnect`\n"}}
[debug] [2026-06-05T06:01:36.805Z] E0605 07:01:36.805759   25116 watch.go:40] Failed to load config from "c:\\Users\\pacco\\Quizz\\dataconnect": could not find dataconnect.yaml in `c:\Users\pacco\Quizz\dataconnect`
 {"metadata":{"emulator":{"name":"dataconnect"},"message":"E0605 07:01:36.805759   25116 watch.go:40] Failed to load config from \"c:\\\\Users\\\\pacco\\\\Quizz\\\\dataconnect\": could not find dataconnect.yaml in `c:\\Users\\pacco\\Quizz\\dataconnect`\n"}}
[debug] [2026-06-05T06:01:46.805Z] E0605 07:01:46.805216   25116 watch.go:40] Failed to load config from "c:\\Users\\pacco\\Quizz\\dataconnect": could not find dataconnect.yaml in `c:\Users\pacco\Quizz\dataconnect`
 {"metadata":{"emulator":{"name":"dataconnect"},"message":"E0605 07:01:46.805216   25116 watch.go:40] Failed to load config from \"c:\\\\Users\\\\pacco\\\\Quizz\\\\dataconnect\": could not find dataconnect.yaml in `c:\\Users\\pacco\\Quizz\\dataconnect`\n"}}
[info] [Firebase Plugin] Stopping SQL Connect toolkit
